,position,full,190 V,180 V,170 V,160 V,150 V,140 V,130 V,120 V,110 V,100 V,90 V,80 V,70 V,60 V,50 V,40 V,30 V,20 V,10 V
0,-1095.0,0.0,0.0,0.0,0.0,0.0,0.0,0.0,0.0,0.0,0.0,0.0,0.0,0.0,0.0,0.0,0.0,0.0,0.0,0.0,0.0
1,-1094.5,0.0,0.0,0.0,0.0,0.0,0.0,0.0,0.0,0.0,0.0,0.0,0.0,0.0,0.0,0.0,0.0,0.0,0.0,0.0,0.0
2,-1094.0,0.0,0.0,0.0,0.0,0.0,0.0,0.0,0.0,0.0,0.0,0.0,0.0,0.0,0.0,0.0,0.0,0.0,0.0,0.0,0.0
3,-1093.5,0.0,0.0,0.0,0.0,0.0,0.0,0.0,0.0,0.0,0.0,0.0,0.0,0.0,0.0,0.0,0.0,0.0,0.0,0.0,0.0
4,-1093.0,0.0,0.0,0.0,0.0,0.0,0.0,0.0,0.0,0.0,0.0,0.0,0.0,0.0,0.0,0.0,0.0,0.0,0.0,0.0,0.0
5,-1092.5,0.0,0.0,0.0,0.0,0.0,0.0,0.0,0.0,0.0,0.0,0.0,0.0,0.0,0.0,0.0,0.0,0.0,0.0,0.0,0.0
6,-1092.0,0.0,0.0,0.0,0.0,0.0,0.0,0.0,0.0,0.0,0.0,0.0,0.0,0.0,0.0,0.0,0.0,0.0,0.0,0.0,0.0
7,-1091.5,0.0,0.0,0.0,0.0,0.0,0.0,0.0,0.0,0.0,0.0,0.0,0.0,0.0,0.0,0.0,0.0,0.0,0.0,0.0,0.0
8,-1091.0,0.0,0.0,0.0,0.0,0.0,0.0,0.0,0.0,0.0,0.0,0.0,0.0,0.0,0.0,0.0,0.0,0.0,0.0,0.0,0.0
9,-1090.5,0.0,0.0,0.0,0.0,0.0,0.0,0.0,0.0,0.0,0.0,0.0,0.0,0.0,0.0,0.0,0.0,0.0,0.0,0.0,0.0
10,-1090.0,0.0,0.0,0.0,0.0,0.0,0.0,0.0,0.0,0.0,0.0,0.0,0.0,0.0,0.0,0.0,0.0,0.0,0.0,0.0,0.0
11,-1089.5,0.0,0.0,0.0,0.0,0.0,0.0,0.0,0.0,0.0,0.0,0.0,0.0,0.0,0.0,0.0,0.0,0.0,0.0,0.0,0.0
12,-1089.0,0.0,0.0,0.0,0.0,0.0,0.0,0.0,0.0,0.0,0.0,0.0,0.0,0.0,0.0,0.0,0.0,0.0,0.0,0.0,0.0
13,-1088.5,0.0,0.0,0.0,0.0,0.0,0.0,0.0,0.0,0.0,0.0,0.0,0.0,0.0,0.0,0.0,0.0,0.0,0.0,0.0,0.0
14,-1088.0,0.0,0.0,0.0,0.0,0.0,0.0,0.0,0.0,0.0,0.0,0.0,0.0,0.0,0.0,0.0,0.0,0.0,0.0,0.0,0.0
15,-1087.5,0.0,0.0,0.0,0.0,0.0,0.0,0.0,0.0,0.0,0.0,0.0,0.0,0.0,0.0,0.0,0.0,0.0,0.0,0.0,0.0
16,-1087.0,0.0,0.0,0.0,0.0,0.0,0.0,0.0,0.0,0.0,0.0,0.0,0.0,0.0,0.0,0.0,0.0,0.0,0.0,0.0,0.0
17,-1086.5,0.0,0.0,0.0,0.0,0.0,0.0,0.0,0.0,0.0,0.0,0.0,0.0,0.0,0.0,0.0,0.0,0.0,0.0,0.0,0.0
18,-1086.0,0.0,0.0,0.0,0.0,0.0,0.0,0.0,0.0,0.0,0.0,0.0,0.0,0.0,0.0,0.0,0.0,0.0,0.0,0.0,0.0
19,-1085.5,0.0,0.0,0.0,0.0,0.0,0.0,0.0,0.0,0.0,0.0,0.0,0.0,0.0,0.0,0.0,0.0,0.0,0.0,0.0,0.0
20,-1085.0,0.0,0.0,0.0,0.0,0.0,0.0,0.0,0.0,0.0,0.0,0.0,0.0,0.0,0.0,0.0,0.0,0.0,0.0,0.0,0.0
21,-1084.5,0.0,0.0,0.0,0.0,0.0,0.0,0.0,0.0,0.0,0.0,0.0,0.0,0.0,0.0,0.0,0.0,0.0,0.0,0.0,0.0
22,-1084.0,0.0,0.0,0.0,0.0,0.0,0.0,0.0,0.0,0.0,0.0,0.0,0.0,0.0,0.0,0.0,0.0,0.0,0.0,0.0,0.0
23,-1083.5,0.0,0.0,0.0,0.0,0.0,0.0,0.0,0.0,0.0,0.0,0.0,0.0,0.0,0.0,0.0,0.0,0.0,0.0,0.0,0.0
24,-1083.0,0.0,0.0,0.0,0.0,0.0,0.0,0.0,0.0,0.0,0.0,0.0,0.0,0.0,0.0,0.0,0.0,0.0,0.0,0.0,0.0
25,-1082.5,0.0,0.0,0.0,0.0,0.0,0.0,0.0,0.0,0.0,0.0,0.0,0.0,0.0,0.0,0.0,0.0,0.0,0.0,0.0,0.0
26,-1082.0,0.0,0.0,0.0,0.0,0.0,0.0,0.0,0.0,0.0,0.0,0.0,0.0,0.0,0.0,0.0,0.0,0.0,0.0,0.0,0.0
27,-1081.5,0.0,0.0,0.0,0.0,0.0,0.0,0.0,0.0,0.0,0.0,0.0,0.0,0.0,0.0,0.0,0.0,0.0,0.0,0.0,0.0
28,-1081.0,0.0,0.0,0.0,0.0,0.0,0.0,0.0,0.0,0.0,0.0,0.0,0.0,0.0,0.0,0.0,0.0,0.0,0.0,0.0,0.0
29,-1080.5,0.0,0.0,0.0,0.0,0.0,0.0,0.0,0.0,0.0,0.0,0.0,0.0,0.0,0.0,0.0,0.0,0.0,0.0,0.0,0.0
30,-1080.0,0.0,0.0,0.0,0.0,0.0,0.0,0.0,0.0,0.0,0.0,0.0,0.0,0.0,0.0,0.0,0.0,0.0,0.0,0.0,0.0
31,-1079.5,0.0,0.0,0.0,0.0,0.0,0.0,0.0,0.0,0.0,0.0,0.0,0.0,0.0,0.0,0.0,0.0,0.0,0.0,0.0,0.0
32,-1079.0,0.0,0.0,0.0,0.0,0.0,0.0,0.0,0.0,0.0,0.0,0.0,0.0,0.0,0.0,0.0,0.0,0.0,0.0,0.0,0.0
33,-1078.5,0.0,0.0,0.0,0.0,0.0,0.0,0.0,0.0,0.0,0.0,0.0,0.0,0.0,0.0,0.0,0.0,0.0,0.0,0.0,0.0
34,-1078.0,0.0,0.0,0.0,0.0,0.0,0.0,0.0,0.0,0.0,0.0,0.0,0.0,0.0,0.0,0.0,0.0,0.0,0.0,0.0,0.0
35,-1077.5,0.0,0.0,0.0,0.0,0.0,0.0,0.0,0.0,0.0,0.0,0.0,0.0,0.0,0.0,0.0,0.0,0.0,0.0,0.0,0.0
36,-1077.0,0.0,0.0,0.0,0.0,0.0,0.0,0.0,0.0,0.0,0.0,0.0,0.0,0.0,0.0,0.0,0.0,0.0,0.0,0.0,0.0
37,-1076.5,0.0,0.0,0.0,0.0,0.0,0.0,0.0,0.0,0.0,0.0,0.0,0.0,0.0,0.0,0.0,0.0,0.0,0.0,0.0,0.0
38,-1076.0,0.0,0.0,0.0,0.0,0.0,0.0,0.0,0.0,0.0,0.0,0.0,0.0,0.0,0.0,0.0,0.0,0.0,0.0,0.0,0.0
39,-1075.5,0.0,0.0,0.0,0.0,0.0,0.0,0.0,0.0,0.0,0.0,0.0,0.0,0.0,0.0,0.0,0.0,0.0,0.0,0.0,0.0
40,-1075.0,0.0,0.0,0.0,0.0,0.0,0.0,0.0,0.0,0.0,0.0,0.0,0.0,0.0,0.0,0.0,0.0,0.0,0.0,0.0,0.0
41,-1074.5,0.0,0.0,0.0,0.0,0.0,0.0,0.0,0.0,0.0,0.0,0.0,0.0,0.0,0.0,0.0,0.0,0.0,0.0,0.0,0.0
42,-1074.0,0.0,0.0,0.0,0.0,0.0,0.0,0.0,0.0,0.0,0.0,0.0,0.0,0.0,0.0,0.0,0.0,0.0,0.0,0.0,0.0
43,-1073.5,0.0,0.0,0.0,0.0,0.0,0.0,0.0,0.0,0.0,0.0,0.0,0.0,0.0,0.0,0.0,0.0,0.0,0.0,0.0,0.0
44,-1073.0,0.0,0.0,0.0,0.0,0.0,0.0,0.0,0.0,0.0,0.0,0.0,0.0,0.0,0.0,0.0,0.0,0.0,0.0,0.0,0.0
45,-1072.5,0.0,0.0,0.0,0.0,0.0,0.0,0.0,0.0,0.0,0.0,0.0,0.0,0.0,0.0,0.0,0.0,0.0,0.0,0.0,0.0
46,-1072.0,0.0,0.0,0.0,0.0,0.0,0.0,0.0,0.0,0.0,0.0,0.0,0.0,0.0,0.0,0.0,0.0,0.0,0.0,0.0,0.0
47,-1071.5,0.0,0.0,0.0,0.0,0.0,0.0,0.0,0.0,0.0,0.0,0.0,0.0,0.0,0.0,0.0,0.0,0.0,0.0,0.0,0.0
48,-1071.0,0.0,0.0,0.0,0.0,0.0,0.0,0.0,0.0,0.0,0.0,0.0,0.0,0.0,0.0,0.0,0.0,0.0,0.0,0.0,0.0
49,-1070.5,0.0,0.0,0.0,0.0,0.0,0.0,0.0,0.0,0.0,0.0,0.0,0.0,0.0,0.0,0.0,0.0,0.0,0.0,0.0,0.0
50,-1070.0,0.0,0.0,0.0,0.0,0.0,0.0,0.0,0.0,0.0,0.0,0.0,0.0,0.0,0.0,0.0,0.0,0.0,0.0,0.0,0.0
51,-1069.5,0.0,0.0,0.0,0.0,0.0,0.0,0.0,0.0,0.0,0.0,0.0,0.0,0.0,0.0,0.0,0.0,0.0,0.0,0.0,0.0
52,-1069.0,0.0,0.0,0.0,0.0,0.0,0.0,0.0,0.0,0.0,0.0,0.0,0.0,0.0,0.0,0.0,0.0,0.0,0.0,0.0,0.0
53,-1068.5,0.0,0.0,0.0,0.0,0.0,0.0,0.0,0.0,0.0,0.0,0.0,0.0,0.0,0.0,0.0,0.0,0.0,0.0,0.0,0.0
54,-1068.0,0.0,0.0,0.0,0.0,0.0,0.0,0.0,0.0,0.0,0.0,0.0,0.0,0.0,0.0,0.0,0.0,0.0,0.0,0.0,0.0
55,-1067.5,0.0,0.0,0.0,0.0,0.0,0.0,0.0,0.0,0.0,0.0,0.0,0.0,0.0,0.0,0.0,0.0,0.0,0.0,0.0,0.0
56,-1067.0,0.0,0.0,0.0,0.0,0.0,0.0,0.0,0.0,0.0,0.0,0.0,0.0,0.0,0.0,0.0,0.0,0.0,0.0,0.0,0.0
57,-1066.5,0.0,0.0,0.0,0.0,0.0,0.0,0.0,0.0,0.0,0.0,0.0,0.0,0.0,0.0,0.0,0.0,0.0,0.0,0.0,0.0
58,-1066.0,0.0,0.0,0.0,0.0,0.0,0.0,0.0,0.0,0.0,0.0,0.0,0.0,0.0,0.0,0.0,0.0,0.0,0.0,0.0,0.0
59,-1065.5,0.0,0.0,0.0,0.0,0.0,0.0,0.0,0.0,0.0,0.0,0.0,0.0,0.0,0.0,0.0,0.0,0.0,0.0,0.0,0.0
60,-1065.0,0.0,0.0,0.0,0.0,0.0,0.0,0.0,0.0,0.0,0.0,0.0,0.0,0.0,0.0,0.0,0.0,0.0,0.0,0.0,0.0
61,-1064.5,0.0,0.0,0.0,0.0,0.0,0.0,0.0,0.0,0.0,0.0,0.0,0.0,0.0,0.0,0.0,0.0,0.0,0.0,0.0,0.0
62,-1064.0,0.0,0.0,0.0,0.0,0.0,0.0,0.0,0.0,0.0,0.0,0.0,0.0,0.0,0.0,0.0,0.0,0.0,0.0,0.0,0.0
63,-1063.5,0.0,0.0,0.0,0.0,0.0,0.0,0.0,0.0,0.0,0.0,0.0,0.0,0.0,0.0,0.0,0.0,0.0,0.0,0.0,0.0
64,-1063.0,0.0,0.0,0.0,0.0,0.0,0.0,0.0,0.0,0.0,0.0,0.0,0.0,0.0,0.0,0.0,0.0,0.0,0.0,0.0,0.0
65,-1062.5,0.0,0.0,0.0,0.0,0.0,0.0,0.0,0.0,0.0,0.0,0.0,0.0,0.0,0.0,0.0,0.0,0.0,0.0,0.0,0.0
66,-1062.0,0.0,0.0,0.0,0.0,0.0,0.0,0.0,0.0,0.0,0.0,0.0,0.0,0.0,0.0,0.0,0.0,0.0,0.0,0.0,0.0
67,-1061.5,0.0,0.0,0.0,0.0,0.0,0.0,0.0,0.0,0.0,0.0,0.0,0.0,0.0,0.0,0.0,0.0,0.0,0.0,0.0,0.0
68,-1061.0,0.0,0.0,0.0,0.0,0.0,0.0,0.0,0.0,0.0,0.0,0.0,0.0,0.0,0.0,0.0,0.0,0.0,0.0,0.0,0.0
69,-1060.5,0.0,0.0,0.0,0.0,0.0,0.0,0.0,0.0,0.0,0.0,0.0,0.0,0.0,0.0,0.0,0.0,0.0,0.0,0.0,0.0
70,-1060.0,0.0,0.0,0.0,0.0,0.0,0.0,0.0,0.0,0.0,0.0,0.0,0.0,0.0,0.0,0.0,0.0,0.0,0.0,0.0,0.0
71,-1059.5,0.0,0.0,0.0,0.0,0.0,0.0,0.0,0.0,0.0,0.0,0.0,0.0,0.0,0.0,0.0,0.0,0.0,0.0,0.0,0.0
72,-1059.0,0.0,0.0,0.0,0.0,0.0,0.0,0.0,0.0,0.0,0.0,0.0,0.0,0.0,0.0,0.0,0.0,0.0,0.0,0.0,0.0
73,-1058.5,0.0,0.0,0.0,0.0,0.0,0.0,0.0,0.0,0.0,0.0,0.0,0.0,0.0,0.0,0.0,0.0,0.0,0.0,0.0,0.0
74,-1058.0,0.0,0.0,0.0,0.0,0.0,0.0,0.0,0.0,0.0,0.0,0.0,0.0,0.0,0.0,0.0,0.0,0.0,0.0,0.0,0.0
75,-1057.5,0.0,0.0,0.0,0.0,0.0,0.0,0.0,0.0,0.0,0.0,0.0,0.0,0.0,0.0,0.0,0.0,0.0,0.0,0.0,0.0
76,-1057.0,0.0,0.0,0.0,0.0,0.0,0.0,0.0,0.0,0.0,0.0,0.0,0.0,0.0,0.0,0.0,0.0,0.0,0.0,0.0,0.0
77,-1056.5,0.0,0.0,0.0,0.0,0.0,0.0,0.0,0.0,0.0,0.0,0.0,0.0,0.0,0.0,0.0,0.0,0.0,0.0,0.0,0.0
78,-1056.0,0.0,0.0,0.0,0.0,0.0,0.0,0.0,0.0,0.0,0.0,0.0,0.0,0.0,0.0,0.0,0.0,0.0,0.0,0.0,0.0
79,-1055.5,0.0,0.0,0.0,0.0,0.0,0.0,0.0,0.0,0.0,0.0,0.0,0.0,0.0,0.0,0.0,0.0,0.0,0.0,0.0,0.0
80,-1055.0,0.0,0.0,0.0,0.0,0.0,0.0,0.0,0.0,0.0,0.0,0.0,0.0,0.0,0.0,0.0,0.0,0.0,0.0,0.0,0.0
81,-1054.5,0.0,0.0,0.0,0.0,0.0,0.0,0.0,0.0,0.0,0.0,0.0,0.0,0.0,0.0,0.0,0.0,0.0,0.0,0.0,0.0
82,-1054.0,0.0,0.0,0.0,0.0,0.0,0.0,0.0,0.0,0.0,0.0,0.0,0.0,0.0,0.0,0.0,0.0,0.0,0.0,0.0,0.0
83,-1053.5,0.0,0.0,0.0,0.0,0.0,0.0,0.0,0.0,0.0,0.0,0.0,0.0,0.0,0.0,0.0,0.0,0.0,0.0,0.0,0.0
84,-1053.0,0.0,0.0,0.0,0.0,0.0,0.0,0.0,0.0,0.0,0.0,0.0,0.0,0.0,0.0,0.0,0.0,0.0,0.0,0.0,0.0
85,-1052.5,0.0,0.0,0.0,0.0,0.0,0.0,0.0,0.0,0.0,0.0,0.0,0.0,0.0,0.0,0.0,0.0,0.0,0.0,0.0,0.0
86,-1052.0,0.0,0.0,0.0,0.0,0.0,0.0,0.0,0.0,0.0,0.0,0.0,0.0,0.0,0.0,0.0,0.0,0.0,0.0,0.0,0.0
87,-1051.5,0.0,0.0,0.0,0.0,0.0,0.0,0.0,0.0,0.0,0.0,0.0,0.0,0.0,0.0,0.0,0.0,0.0,0.0,0.0,0.0
88,-1051.0,0.0,0.0,0.0,0.0,0.0,0.0,0.0,0.0,0.0,0.0,0.0,0.0,0.0,0.0,0.0,0.0,0.0,0.0,0.0,0.0
89,-1050.5,0.0,0.0,0.0,0.0,0.0,0.0,0.0,0.0,0.0,0.0,0.0,0.0,0.0,0.0,0.0,0.0,0.0,0.0,0.0,0.0
90,-1050.0,0.0,0.0,0.0,0.0,0.0,0.0,0.0,0.0,0.0,0.0,0.0,0.0,0.0,0.0,0.0,0.0,0.0,0.0,0.0,0.0
91,-1049.5,0.0,0.0,0.0,0.0,0.0,0.0,0.0,0.0,0.0,0.0,0.0,0.0,0.0,0.0,0.0,0.0,0.0,0.0,0.0,0.0
92,-1049.0,0.0,0.0,0.0,0.0,0.0,0.0,0.0,0.0,0.0,0.0,0.0,0.0,0.0,0.0,0.0,0.0,0.0,0.0,0.0,0.0
93,-1048.5,0.0,0.0,0.0,0.0,0.0,0.0,0.0,0.0,0.0,0.0,0.0,0.0,0.0,0.0,0.0,0.0,0.0,0.0,0.0,0.0
94,-1048.0,0.0,0.0,0.0,0.0,0.0,0.0,0.0,0.0,0.0,0.0,0.0,0.0,0.0,0.0,0.0,0.0,0.0,0.0,0.0,0.0
95,-1047.5,0.0,0.0,0.0,0.0,0.0,0.0,0.0,0.0,0.0,0.0,0.0,0.0,0.0,0.0,0.0,0.0,0.0,0.0,0.0,0.0
96,-1047.0,0.0,0.0,0.0,0.0,0.0,0.0,0.0,0.0,0.0,0.0,0.0,0.0,0.0,0.0,0.0,0.0,0.0,0.0,0.0,0.0
97,-1046.5,0.0,0.0,0.0,0.0,0.0,0.0,0.0,0.0,0.0,0.0,0.0,0.0,0.0,0.0,0.0,0.0,0.0,0.0,0.0,0.0
98,-1046.0,0.0,0.0,0.0,0.0,0.0,0.0,0.0,0.0,0.0,0.0,0.0,0.0,0.0,0.0,0.0,0.0,0.0,0.0,0.0,0.0
99,-1045.5,0.0,0.0,0.0,0.0,0.0,0.0,0.0,0.0,0.0,0.0,0.0,0.0,0.0,0.0,0.0,0.0,0.0,0.0,0.0,0.0
100,-1045.0,0.0,0.0,0.0,0.0,0.0,0.0,0.0,0.0,0.0,0.0,0.0,0.0,0.0,0.0,0.0,0.0,0.0,0.0,0.0,0.0
101,-1044.5,0.0,0.0,0.0,0.0,0.0,0.0,0.0,0.0,0.0,0.0,0.0,0.0,0.0,0.0,0.0,0.0,0.0,0.0,0.0,0.0
102,-1044.0,0.0,0.0,0.0,0.0,0.0,0.0,0.0,0.0,0.0,0.0,0.0,0.0,0.0,0.0,0.0,0.0,0.0,0.0,0.0,0.0
103,-1043.5,0.0,0.0,0.0,0.0,0.0,0.0,0.0,0.0,0.0,0.0,0.0,0.0,0.0,0.0,0.0,0.0,0.0,0.0,0.0,0.0
104,-1043.0,0.0,0.0,0.0,0.0,0.0,0.0,0.0,0.0,0.0,0.0,0.0,0.0,0.0,0.0,0.0,0.0,0.0,0.0,0.0,0.0
105,-1042.5,0.0,0.0,0.0,0.0,0.0,0.0,0.0,0.0,0.0,0.0,0.0,0.0,0.0,0.0,0.0,0.0,0.0,0.0,0.0,0.0
106,-1042.0,0.0,0.0,0.0,0.0,0.0,0.0,0.0,0.0,0.0,0.0,0.0,0.0,0.0,0.0,0.0,0.0,0.0,0.0,0.0,0.0
107,-1041.5,0.0,0.0,0.0,0.0,0.0,0.0,0.0,0.0,0.0,0.0,0.0,0.0,0.0,0.0,0.0,0.0,0.0,0.0,0.0,0.0
108,-1041.0,0.0,0.0,0.0,0.0,0.0,0.0,0.0,0.0,0.0,0.0,0.0,0.0,0.0,0.0,0.0,0.0,0.0,0.0,0.0,0.0
109,-1040.5,0.0,0.0,0.0,0.0,0.0,0.0,0.0,0.0,0.0,0.0,0.0,0.0,0.0,0.0,0.0,0.0,0.0,0.0,0.0,0.0
110,-1040.0,0.0,0.0,0.0,0.0,0.0,0.0,0.0,0.0,0.0,0.0,0.0,0.0,0.0,0.0,0.0,0.0,0.0,0.0,0.0,0.0
111,-1039.5,0.0,0.0,0.0,0.0,0.0,0.0,0.0,0.0,0.0,0.0,0.0,0.0,0.0,0.0,0.0,0.0,0.0,0.0,0.0,0.0
112,-1039.0,0.0,0.0,0.0,0.0,0.0,0.0,0.0,0.0,0.0,0.0,0.0,0.0,0.0,0.0,0.0,0.0,0.0,0.0,0.0,0.0
113,-1038.5,0.0,0.0,0.0,0.0,0.0,0.0,0.0,0.0,0.0,0.0,0.0,0.0,0.0,0.0,0.0,0.0,0.0,0.0,0.0,0.0
114,-1038.0,0.0,0.0,0.0,0.0,0.0,0.0,0.0,0.0,0.0,0.0,0.0,0.0,0.0,0.0,0.0,0.0,0.0,0.0,0.0,0.0
115,-1037.5,0.0,0.0,0.0,0.0,0.0,0.0,0.0,0.0,0.0,0.0,0.0,0.0,0.0,0.0,0.0,0.0,0.0,0.0,0.0,0.0
116,-1037.0,0.0,0.0,0.0,0.0,0.0,0.0,0.0,0.0,0.0,0.0,0.0,0.0,0.0,0.0,0.0,0.0,0.0,0.0,0.0,0.0
117,-1036.5,0.0,0.0,0.0,0.0,0.0,0.0,0.0,0.0,0.0,0.0,0.0,0.0,0.0,0.0,0.0,0.0,0.0,0.0,0.0,0.0
118,-1036.0,0.0,0.0,0.0,0.0,0.0,0.0,0.0,0.0,0.0,0.0,0.0,0.0,0.0,0.0,0.0,0.0,0.0,0.0,0.0,0.0
119,-1035.5,0.0,0.0,0.0,0.0,0.0,0.0,0.0,0.0,0.0,0.0,0.0,0.0,0.0,0.0,0.0,0.0,0.0,0.0,0.0,0.0
120,-1035.0,0.0,0.0,0.0,0.0,0.0,0.0,0.0,0.0,0.0,0.0,0.0,0.0,0.0,0.0,0.0,0.0,0.0,0.0,0.0,0.0
121,-1034.5,0.0,0.0,0.0,0.0,0.0,0.0,0.0,0.0,0.0,0.0,0.0,0.0,0.0,0.0,0.0,0.0,0.0,0.0,0.0,0.0
122,-1034.0,0.0,0.0,0.0,0.0,0.0,0.0,0.0,0.0,0.0,0.0,0.0,0.0,0.0,0.0,0.0,0.0,0.0,0.0,0.0,0.0
123,-1033.5,0.0,0.0,0.0,0.0,0.0,0.0,0.0,0.0,0.0,0.0,0.0,0.0,0.0,0.0,0.0,0.0,0.0,0.0,0.0,0.0
124,-1033.0,0.0,0.0,0.0,0.0,0.0,0.0,0.0,0.0,0.0,0.0,0.0,0.0,0.0,0.0,0.0,0.0,0.0,0.0,0.0,0.0
125,-1032.5,0.0,0.0,0.0,0.0,0.0,0.0,0.0,0.0,0.0,0.0,0.0,0.0,0.0,0.0,0.0,0.0,0.0,0.0,0.0,0.0
126,-1032.0,0.0,0.0,0.0,0.0,0.0,0.0,0.0,0.0,0.0,0.0,0.0,0.0,0.0,0.0,0.0,0.0,0.0,0.0,0.0,0.0
127,-1031.5,0.0,0.0,0.0,0.0,0.0,0.0,0.0,0.0,0.0,0.0,0.0,0.0,0.0,0.0,0.0,0.0,0.0,0.0,0.0,0.0
128,-1031.0,0.0,0.0,0.0,0.0,0.0,0.0,0.0,0.0,0.0,0.0,0.0,0.0,0.0,0.0,0.0,0.0,0.0,0.0,0.0,0.0
129,-1030.5,0.0,0.0,0.0,0.0,0.0,0.0,0.0,0.0,0.0,0.0,0.0,0.0,0.0,0.0,0.0,0.0,0.0,0.0,0.0,0.0
130,-1030.0,0.0,0.0,0.0,0.0,0.0,0.0,0.0,0.0,0.0,0.0,0.0,0.0,0.0,0.0,0.0,0.0,0.0,0.0,0.0,0.0
131,-1029.5,0.0,0.0,0.0,0.0,0.0,0.0,0.0,0.0,0.0,0.0,0.0,0.0,0.0,0.0,0.0,0.0,0.0,0.0,0.0,0.0
132,-1029.0,0.0,0.0,0.0,0.0,0.0,0.0,0.0,0.0,0.0,0.0,0.0,0.0,0.0,0.0,0.0,0.0,0.0,0.0,0.0,0.0
133,-1028.5,0.0,0.0,0.0,0.0,0.0,0.0,0.0,0.0,0.0,0.0,0.0,0.0,0.0,0.0,0.0,0.0,0.0,0.0,0.0,0.0
134,-1028.0,0.0,0.0,0.0,0.0,0.0,0.0,0.0,0.0,0.0,0.0,0.0,0.0,0.0,0.0,0.0,0.0,0.0,0.0,0.0,0.0
135,-1027.5,0.0,0.0,0.0,0.0,0.0,0.0,0.0,0.0,0.0,0.0,0.0,0.0,0.0,0.0,0.0,0.0,0.0,0.0,0.0,0.0
136,-1027.0,0.0,0.0,0.0,0.0,0.0,0.0,0.0,0.0,0.0,0.0,0.0,0.0,0.0,0.0,0.0,0.0,0.0,0.0,0.0,0.0
137,-1026.5,0.0,0.0,0.0,0.0,0.0,0.0,0.0,0.0,0.0,0.0,0.0,0.0,0.0,0.0,0.0,0.0,0.0,0.0,0.0,0.0
138,-1026.0,0.0,0.0,0.0,0.0,0.0,0.0,0.0,0.0,0.0,0.0,0.0,0.0,0.0,0.0,0.0,0.0,0.0,0.0,0.0,0.0
139,-1025.5,0.0,0.0,0.0,0.0,0.0,0.0,0.0,0.0,0.0,0.0,0.0,0.0,0.0,0.0,0.0,0.0,0.0,0.0,0.0,0.0
140,-1025.0,0.0,0.0,0.0,0.0,0.0,0.0,0.0,0.0,0.0,0.0,0.0,0.0,0.0,0.0,0.0,0.0,0.0,0.0,0.0,0.0
141,-1024.5,0.0,0.0,0.0,0.0,0.0,0.0,0.0,0.0,0.0,0.0,0.0,0.0,0.0,0.0,0.0,0.0,0.0,0.0,0.0,0.0
142,-1024.0,0.0,0.0,0.0,0.0,0.0,0.0,0.0,0.0,0.0,0.0,0.0,0.0,0.0,0.0,0.0,0.0,0.0,0.0,0.0,0.0
143,-1023.5,0.0,0.0,0.0,0.0,0.0,0.0,0.0,0.0,0.0,0.0,0.0,0.0,0.0,0.0,0.0,0.0,0.0,0.0,0.0,0.0
144,-1023.0,0.0,0.0,0.0,0.0,0.0,0.0,0.0,0.0,0.0,0.0,0.0,0.0,0.0,0.0,0.0,0.0,0.0,0.0,0.0,0.0
145,-1022.5,0.0,0.0,0.0,0.0,0.0,0.0,0.0,0.0,0.0,0.0,0.0,0.0,0.0,0.0,0.0,0.0,0.0,0.0,0.0,0.0
146,-1022.0,0.0,0.0,0.0,0.0,0.0,0.0,0.0,0.0,0.0,0.0,0.0,0.0,0.0,0.0,0.0,0.0,0.0,0.0,0.0,0.0
147,-1021.5,0.0,0.0,0.0,0.0,0.0,0.0,0.0,0.0,0.0,0.0,0.0,0.0,0.0,0.0,0.0,0.0,0.0,0.0,0.0,0.0
148,-1021.0,0.0,0.0,0.0,0.0,0.0,0.0,0.0,0.0,0.0,0.0,0.0,0.0,0.0,0.0,0.0,0.0,0.0,0.0,0.0,0.0
149,-1020.5,0.0,0.0,0.0,0.0,0.0,0.0,0.0,0.0,0.0,0.0,0.0,0.0,0.0,0.0,0.0,0.0,0.0,0.0,0.0,0.0
150,-1020.0,0.0,0.0,0.0,0.0,0.0,0.0,0.0,0.0,0.0,0.0,0.0,0.0,0.0,0.0,0.0,0.0,0.0,0.0,0.0,0.0
151,-1019.5,0.0,0.0,0.0,0.0,0.0,0.0,0.0,0.0,0.0,0.0,0.0,0.0,0.0,0.0,0.0,0.0,0.0,0.0,0.0,0.0
152,-1019.0,0.0,0.0,0.0,0.0,0.0,0.0,0.0,0.0,0.0,0.0,0.0,0.0,0.0,0.0,0.0,0.0,0.0,0.0,0.0,0.0
153,-1018.5,0.0,0.0,0.0,0.0,0.0,0.0,0.0,0.0,0.0,0.0,0.0,0.0,0.0,0.0,0.0,0.0,0.0,0.0,0.0,0.0
154,-1018.0,0.0,0.0,0.0,0.0,0.0,0.0,0.0,0.0,0.0,0.0,0.0,0.0,0.0,0.0,0.0,0.0,0.0,0.0,0.0,0.0
155,-1017.5,0.0,0.0,0.0,0.0,0.0,0.0,0.0,0.0,0.0,0.0,0.0,0.0,0.0,0.0,0.0,0.0,0.0,0.0,0.0,0.0
156,-1017.0,0.0,0.0,0.0,0.0,0.0,0.0,0.0,0.0,0.0,0.0,0.0,0.0,0.0,0.0,0.0,0.0,0.0,0.0,0.0,0.0
157,-1016.5,0.0,0.0,0.0,0.0,0.0,0.0,0.0,0.0,0.0,0.0,0.0,0.0,0.0,0.0,0.0,0.0,0.0,0.0,0.0,0.0
158,-1016.0,0.0,0.0,0.0,0.0,0.0,0.0,0.0,0.0,0.0,0.0,0.0,0.0,0.0,0.0,0.0,0.0,0.0,0.0,0.0,0.0
159,-1015.5,0.0,0.0,0.0,0.0,0.0,0.0,0.0,0.0,0.0,0.0,0.0,0.0,0.0,0.0,0.0,0.0,0.0,0.0,0.0,0.0
160,-1015.0,0.0,0.0,0.0,0.0,0.0,0.0,0.0,0.0,0.0,0.0,0.0,0.0,0.0,0.0,0.0,0.0,0.0,0.0,0.0,0.0
161,-1014.5,0.0,0.0,0.0,0.0,0.0,0.0,0.0,0.0,0.0,0.0,0.0,0.0,0.0,0.0,0.0,0.0,0.0,0.0,0.0,0.0
162,-1014.0,0.0,0.0,0.0,0.0,0.0,0.0,0.0,0.0,0.0,0.0,0.0,0.0,0.0,0.0,0.0,0.0,0.0,0.0,0.0,0.0
163,-1013.5,0.0,0.0,0.0,0.0,0.0,0.0,0.0,0.0,0.0,0.0,0.0,0.0,0.0,0.0,0.0,0.0,0.0,0.0,0.0,0.0
164,-1013.0,0.0,0.0,0.0,0.0,0.0,0.0,0.0,0.0,0.0,0.0,0.0,0.0,0.0,0.0,0.0,0.0,0.0,0.0,0.0,0.0
165,-1012.5,0.0,0.0,0.0,0.0,0.0,0.0,0.0,0.0,0.0,0.0,0.0,0.0,0.0,0.0,0.0,0.0,0.0,0.0,0.0,0.0
166,-1012.0,0.0,0.0,0.0,0.0,0.0,0.0,0.0,0.0,0.0,0.0,0.0,0.0,0.0,0.0,0.0,0.0,0.0,0.0,0.0,0.0
167,-1011.5,0.0,0.0,0.0,0.0,0.0,0.0,0.0,0.0,0.0,0.0,0.0,0.0,0.0,0.0,0.0,0.0,0.0,0.0,0.0,0.0
168,-1011.0,0.0,0.0,0.0,0.0,0.0,0.0,0.0,0.0,0.0,0.0,0.0,0.0,0.0,0.0,0.0,0.0,0.0,0.0,0.0,0.0
169,-1010.5,0.0,0.0,0.0,0.0,0.0,0.0,0.0,0.0,0.0,0.0,0.0,0.0,0.0,0.0,0.0,0.0,0.0,0.0,0.0,0.0
170,-1010.0,0.0,0.0,0.0,0.0,0.0,0.0,0.0,0.0,0.0,0.0,0.0,0.0,0.0,0.0,0.0,0.0,0.0,0.0,0.0,0.0
171,-1009.5,0.0,0.0,0.0,0.0,0.0,0.0,0.0,0.0,0.0,0.0,0.0,0.0,0.0,0.0,0.0,0.0,0.0,0.0,0.0,0.0
172,-1009.0,0.0,0.0,0.0,0.0,0.0,0.0,0.0,0.0,0.0,0.0,0.0,0.0,0.0,0.0,0.0,0.0,0.0,0.0,0.0,0.0
173,-1008.5,0.0,0.0,0.0,0.0,0.0,0.0,0.0,0.0,0.0,0.0,0.0,0.0,0.0,0.0,0.0,0.0,0.0,0.0,0.0,0.0
174,-1008.0,0.0,0.0,0.0,0.0,0.0,0.0,0.0,0.0,0.0,0.0,0.0,0.0,0.0,0.0,0.0,0.0,0.0,0.0,0.0,0.0
175,-1007.5,0.0,0.0,0.0,0.0,0.0,0.0,0.0,0.0,0.0,0.0,0.0,0.0,0.0,0.0,0.0,0.0,0.0,0.0,0.0,0.0
176,-1007.0,0.0,0.0,0.0,0.0,0.0,0.0,0.0,0.0,0.0,0.0,0.0,0.0,0.0,0.0,0.0,0.0,0.0,0.0,0.0,0.0
177,-1006.5,0.0,0.0,0.0,0.0,0.0,0.0,0.0,0.0,0.0,0.0,0.0,0.0,0.0,0.0,0.0,0.0,0.0,0.0,0.0,0.0
178,-1006.0,0.0,0.0,0.0,0.0,0.0,0.0,0.0,0.0,0.0,0.0,0.0,0.0,0.0,0.0,0.0,0.0,0.0,0.0,0.0,0.0
179,-1005.5,0.0,0.0,0.0,0.0,0.0,0.0,0.0,0.0,0.0,0.0,0.0,0.0,0.0,0.0,0.0,0.0,0.0,0.0,0.0,0.0
180,-1005.0,0.0,0.0,0.0,0.0,0.0,0.0,0.0,0.0,0.0,0.0,0.0,0.0,0.0,0.0,0.0,0.0,0.0,0.0,0.0,0.0
181,-1004.5,0.0,0.0,0.0,0.0,0.0,0.0,0.0,0.0,0.0,0.0,0.0,0.0,0.0,0.0,0.0,0.0,0.0,0.0,0.0,0.0
182,-1004.0,0.0,0.0,0.0,0.0,0.0,0.0,0.0,0.0,0.0,0.0,0.0,0.0,0.0,0.0,0.0,0.0,0.0,0.0,0.0,0.0
183,-1003.5,0.0,0.0,0.0,0.0,0.0,0.0,0.0,0.0,0.0,0.0,0.0,0.0,0.0,0.0,0.0,0.0,0.0,0.0,0.0,0.0
184,-1003.0,0.0,0.0,0.0,0.0,0.0,0.0,0.0,0.0,0.0,0.0,0.0,0.0,0.0,0.0,0.0,0.0,0.0,0.0,0.0,0.0
185,-1002.5,0.0,0.0,0.0,0.0,0.0,0.0,0.0,0.0,0.0,0.0,0.0,0.0,0.0,0.0,0.0,0.0,0.0,0.0,0.0,0.0
186,-1002.0,0.0,0.0,0.0,0.0,0.0,0.0,0.0,0.0,0.0,0.0,0.0,0.0,0.0,0.0,0.0,0.0,0.0,0.0,0.0,0.0
187,-1001.5,0.0,0.0,0.0,0.0,0.0,0.0,0.0,0.0,0.0,0.0,0.0,0.0,0.0,0.0,0.0,0.0,0.0,0.0,0.0,0.0
188,-1001.0,0.0,0.0,0.0,0.0,0.0,0.0,0.0,0.0,0.0,0.0,0.0,0.0,0.0,0.0,0.0,0.0,0.0,0.0,0.0,0.0
189,-1000.5,0.0,0.0,0.0,0.0,0.0,0.0,0.0,0.0,0.0,0.0,0.0,0.0,0.0,0.0,0.0,0.0,0.0,0.0,0.0,0.0
190,-1000.0,0.0,0.0,0.0,0.0,0.0,0.0,0.0,0.0,0.0,0.0,0.0,0.0,0.0,0.0,0.0,0.0,0.0,0.0,0.0,0.0
191,-999.5,0.0,0.0,0.0,0.0,0.0,0.0,0.0,0.0,0.0,0.0,0.0,0.0,0.0,0.0,0.0,0.0,0.0,0.0,0.0,0.0
192,-999.0,0.0,0.0,0.0,0.0,0.0,0.0,0.0,0.0,0.0,0.0,0.0,0.0,0.0,0.0,0.0,0.0,0.0,0.0,0.0,0.0
193,-998.5,0.0,0.0,0.0,0.0,0.0,0.0,0.0,0.0,0.0,0.0,0.0,0.0,0.0,0.0,0.0,0.0,0.0,0.0,0.0,0.0
194,-998.0,0.0,0.0,0.0,0.0,0.0,0.0,0.0,0.0,0.0,0.0,0.0,0.0,0.0,0.0,0.0,0.0,0.0,0.0,0.0,0.0
195,-997.5,0.0,0.0,0.0,0.0,0.0,0.0,0.0,0.0,0.0,0.0,0.0,0.0,0.0,0.0,0.0,0.0,0.0,0.0,0.0,0.0
196,-997.0,0.0,0.0,0.0,0.0,0.0,0.0,0.0,0.0,0.0,0.0,0.0,0.0,0.0,0.0,0.0,0.0,0.0,0.0,0.0,0.0
197,-996.5,0.0,0.0,0.0,0.0,0.0,0.0,0.0,0.0,0.0,0.0,0.0,0.0,0.0,0.0,0.0,0.0,0.0,0.0,0.0,0.0
198,-996.0,0.0,0.0,0.0,0.0,0.0,0.0,0.0,0.0,0.0,0.0,0.0,0.0,0.0,0.0,0.0,0.0,0.0,0.0,0.0,0.0
199,-995.5,0.0,0.0,0.0,0.0,0.0,0.0,0.0,0.0,0.0,0.0,0.0,0.0,0.0,0.0,0.0,0.0,0.0,0.0,0.0,0.0
200,-995.0,0.0,0.0,0.0,0.0,0.0,0.0,0.0,0.0,0.0,0.0,0.0,0.0,0.0,0.0,0.0,0.0,0.0,0.0,0.0,0.0
201,-994.5,0.0,0.0,0.0,0.0,0.0,0.0,0.0,0.0,0.0,0.0,0.0,0.0,0.0,0.0,0.0,0.0,0.0,0.0,0.0,0.0
202,-994.0,0.0,0.0,0.0,0.0,0.0,0.0,0.0,0.0,0.0,0.0,0.0,0.0,0.0,0.0,0.0,0.0,0.0,0.0,0.0,0.0
203,-993.5,0.0,0.0,0.0,0.0,0.0,0.0,0.0,0.0,0.0,0.0,0.0,0.0,0.0,0.0,0.0,0.0,0.0,0.0,0.0,0.0
204,-993.0,0.0,0.0,0.0,0.0,0.0,0.0,0.0,0.0,0.0,0.0,0.0,0.0,0.0,0.0,0.0,0.0,0.0,0.0,0.0,0.0
205,-992.5,0.0,0.0,0.0,0.0,0.0,0.0,0.0,0.0,0.0,0.0,0.0,0.0,0.0,0.0,0.0,0.0,0.0,0.0,0.0,0.0
206,-992.0,0.0,0.0,0.0,0.0,0.0,0.0,0.0,0.0,0.0,0.0,0.0,0.0,0.0,0.0,0.0,0.0,0.0,0.0,0.0,0.0
207,-991.5,0.0,0.0,0.0,0.0,0.0,0.0,0.0,0.0,0.0,0.0,0.0,0.0,0.0,0.0,0.0,0.0,0.0,0.0,0.0,0.0
208,-991.0,0.0,0.0,0.0,0.0,0.0,0.0,0.0,0.0,0.0,0.0,0.0,0.0,0.0,0.0,0.0,0.0,0.0,0.0,0.0,0.0
209,-990.5,0.0,0.0,0.0,0.0,0.0,0.0,0.0,0.0,0.0,0.0,0.0,0.0,0.0,0.0,0.0,0.0,0.0,0.0,0.0,0.0
210,-990.0,0.0,0.0,0.0,0.0,0.0,0.0,0.0,0.0,0.0,0.0,0.0,0.0,0.0,0.0,0.0,0.0,0.0,0.0,0.0,0.0
211,-989.5,0.0,0.0,0.0,0.0,0.0,0.0,0.0,0.0,0.0,0.0,0.0,0.0,0.0,0.0,0.0,0.0,0.0,0.0,0.0,0.0
212,-989.0,0.0,0.0,0.0,0.0,0.0,0.0,0.0,0.0,0.0,0.0,0.0,0.0,0.0,0.0,0.0,0.0,0.0,0.0,0.0,0.0
213,-988.5,0.0,0.0,0.0,0.0,0.0,0.0,0.0,0.0,0.0,0.0,0.0,0.0,0.0,0.0,0.0,0.0,0.0,0.0,0.0,0.0
214,-988.0,0.0,0.0,0.0,0.0,0.0,0.0,0.0,0.0,0.0,0.0,0.0,0.0,0.0,0.0,0.0,0.0,0.0,0.0,0.0,0.0
215,-987.5,0.0,0.0,0.0,0.0,0.0,0.0,0.0,0.0,0.0,0.0,0.0,0.0,0.0,0.0,0.0,0.0,0.0,0.0,0.0,0.0
216,-987.0,0.0,0.0,0.0,0.0,0.0,0.0,0.0,0.0,0.0,0.0,0.0,0.0,0.0,0.0,0.0,0.0,0.0,0.0,0.0,0.0
217,-986.5,0.0,0.0,0.0,0.0,0.0,0.0,0.0,0.0,0.0,0.0,0.0,0.0,0.0,0.0,0.0,0.0,0.0,0.0,0.0,0.0
218,-986.0,0.0,0.0,0.0,0.0,0.0,0.0,0.0,0.0,0.0,0.0,0.0,0.0,0.0,0.0,0.0,0.0,0.0,0.0,0.0,0.0
219,-985.5,0.0,0.0,0.0,0.0,0.0,0.0,0.0,0.0,0.0,0.0,0.0,0.0,0.0,0.0,0.0,0.0,0.0,0.0,0.0,0.0
220,-985.0,0.0,0.0,0.0,0.0,0.0,0.0,0.0,0.0,0.0,0.0,0.0,0.0,0.0,0.0,0.0,0.0,0.0,0.0,0.0,0.0
221,-984.5,0.0,0.0,0.0,0.0,0.0,0.0,0.0,0.0,0.0,0.0,0.0,0.0,0.0,0.0,0.0,0.0,0.0,0.0,0.0,0.0
222,-984.0,0.0,0.0,0.0,0.0,0.0,0.0,0.0,0.0,0.0,0.0,0.0,0.0,0.0,0.0,0.0,0.0,0.0,0.0,0.0,0.0
223,-983.5,0.0,0.0,0.0,0.0,0.0,0.0,0.0,0.0,0.0,0.0,0.0,0.0,0.0,0.0,0.0,0.0,0.0,0.0,0.0,0.0
224,-983.0,0.0,0.0,0.0,0.0,0.0,0.0,0.0,0.0,0.0,0.0,0.0,0.0,0.0,0.0,0.0,0.0,0.0,0.0,0.0,0.0
225,-982.5,0.0,0.0,0.0,0.0,0.0,0.0,0.0,0.0,0.0,0.0,0.0,0.0,0.0,0.0,0.0,0.0,0.0,0.0,0.0,0.0
226,-982.0,0.0,0.0,0.0,0.0,0.0,0.0,0.0,0.0,0.0,0.0,0.0,0.0,0.0,0.0,0.0,0.0,0.0,0.0,0.0,0.0
227,-981.5,0.0,0.0,0.0,0.0,0.0,0.0,0.0,0.0,0.0,0.0,0.0,0.0,0.0,0.0,0.0,0.0,0.0,0.0,0.0,0.0
228,-981.0,0.0,0.0,0.0,0.0,0.0,0.0,0.0,0.0,0.0,0.0,0.0,0.0,0.0,0.0,0.0,0.0,0.0,0.0,0.0,0.0
229,-980.5,0.0,0.0,0.0,0.0,0.0,0.0,0.0,0.0,0.0,0.0,0.0,0.0,0.0,0.0,0.0,0.0,0.0,0.0,0.0,0.0
230,-980.0,0.0,0.0,0.0,0.0,0.0,0.0,0.0,0.0,0.0,0.0,0.0,0.0,0.0,0.0,0.0,0.0,0.0,0.0,0.0,0.0
231,-979.5,0.0,0.0,0.0,0.0,0.0,0.0,0.0,0.0,0.0,0.0,0.0,0.0,0.0,0.0,0.0,0.0,0.0,0.0,0.0,0.0
232,-979.0,0.0,0.0,0.0,0.0,0.0,0.0,0.0,0.0,0.0,0.0,0.0,0.0,0.0,0.0,0.0,0.0,0.0,0.0,0.0,0.0
233,-978.5,0.0,0.0,0.0,0.0,0.0,0.0,0.0,0.0,0.0,0.0,0.0,0.0,0.0,0.0,0.0,0.0,0.0,0.0,0.0,0.0
234,-978.0,0.0,0.0,0.0,0.0,0.0,0.0,0.0,0.0,0.0,0.0,0.0,0.0,0.0,0.0,0.0,0.0,0.0,0.0,0.0,0.0
235,-977.5,0.0,0.0,0.0,0.0,0.0,0.0,0.0,0.0,0.0,0.0,0.0,0.0,0.0,0.0,0.0,0.0,0.0,0.0,0.0,0.0
236,-977.0,0.0,0.0,0.0,0.0,0.0,0.0,0.0,0.0,0.0,0.0,0.0,0.0,0.0,0.0,0.0,0.0,0.0,0.0,0.0,0.0
237,-976.5,0.0,0.0,0.0,0.0,0.0,0.0,0.0,0.0,0.0,0.0,0.0,0.0,0.0,0.0,0.0,0.0,0.0,0.0,0.0,0.0
238,-976.0,0.0,0.0,0.0,0.0,0.0,0.0,0.0,0.0,0.0,0.0,0.0,0.0,0.0,0.0,0.0,0.0,0.0,0.0,0.0,0.0
239,-975.5,0.0,0.0,0.0,0.0,0.0,0.0,0.0,0.0,0.0,0.0,0.0,0.0,0.0,0.0,0.0,0.0,0.0,0.0,0.0,0.0
240,-975.0,0.0,0.0,0.0,0.0,0.0,0.0,0.0,0.0,0.0,0.0,0.0,0.0,0.0,0.0,0.0,0.0,0.0,0.0,0.0,0.0
241,-974.5,0.0,0.0,0.0,0.0,0.0,0.0,0.0,0.0,0.0,0.0,0.0,0.0,0.0,0.0,0.0,0.0,0.0,0.0,0.0,0.0
242,-974.0,0.0,0.0,0.0,0.0,0.0,0.0,0.0,0.0,0.0,0.0,0.0,0.0,0.0,0.0,0.0,0.0,0.0,0.0,0.0,0.0
243,-973.5,0.0,0.0,0.0,0.0,0.0,0.0,0.0,0.0,0.0,0.0,0.0,0.0,0.0,0.0,0.0,0.0,0.0,0.0,0.0,0.0
244,-973.0,0.0,0.0,0.0,0.0,0.0,0.0,0.0,0.0,0.0,0.0,0.0,0.0,0.0,0.0,0.0,0.0,0.0,0.0,0.0,0.0
245,-972.5,0.0,0.0,0.0,0.0,0.0,0.0,0.0,0.0,0.0,0.0,0.0,0.0,0.0,0.0,0.0,0.0,0.0,0.0,0.0,0.0
246,-972.0,0.0,0.0,0.0,0.0,0.0,0.0,0.0,0.0,0.0,0.0,0.0,0.0,0.0,0.0,0.0,0.0,0.0,0.0,0.0,0.0
247,-971.5,0.0,0.0,0.0,0.0,0.0,0.0,0.0,0.0,0.0,0.0,0.0,0.0,0.0,0.0,0.0,0.0,0.0,0.0,0.0,0.0
248,-971.0,0.0,0.0,0.0,0.0,0.0,0.0,0.0,0.0,0.0,0.0,0.0,0.0,0.0,0.0,0.0,0.0,0.0,0.0,0.0,0.0
249,-970.5,0.0,0.0,0.0,0.0,0.0,0.0,0.0,0.0,0.0,0.0,0.0,0.0,0.0,0.0,0.0,0.0,0.0,0.0,0.0,0.0
250,-970.0,0.0,0.0,0.0,0.0,0.0,0.0,0.0,0.0,0.0,0.0,0.0,0.0,0.0,0.0,0.0,0.0,0.0,0.0,0.0,0.0
251,-969.5,0.0,0.0,0.0,0.0,0.0,0.0,0.0,0.0,0.0,0.0,0.0,0.0,0.0,0.0,0.0,0.0,0.0,0.0,0.0,0.0
252,-969.0,0.0,0.0,0.0,0.0,0.0,0.0,0.0,0.0,0.0,0.0,0.0,0.0,0.0,0.0,0.0,0.0,0.0,0.0,0.0,0.0
253,-968.5,0.0,0.0,0.0,0.0,0.0,0.0,0.0,0.0,0.0,0.0,0.0,0.0,0.0,0.0,0.0,0.0,0.0,0.0,0.0,0.0
254,-968.0,0.0,0.0,0.0,0.0,0.0,0.0,0.0,0.0,0.0,0.0,0.0,0.0,0.0,0.0,0.0,0.0,0.0,0.0,0.0,0.0
255,-967.5,0.0,0.0,0.0,0.0,0.0,0.0,0.0,0.0,0.0,0.0,0.0,0.0,0.0,0.0,0.0,0.0,0.0,0.0,0.0,0.0
256,-967.0,0.0,0.0,0.0,0.0,0.0,0.0,0.0,0.0,0.0,0.0,0.0,0.0,0.0,0.0,0.0,0.0,0.0,0.0,0.0,0.0
257,-966.5,0.0,0.0,0.0,0.0,0.0,0.0,0.0,0.0,0.0,0.0,0.0,0.0,0.0,0.0,0.0,0.0,0.0,0.0,0.0,0.0
258,-966.0,0.0,0.0,0.0,0.0,0.0,0.0,0.0,0.0,0.0,0.0,0.0,0.0,0.0,0.0,0.0,0.0,0.0,0.0,0.0,0.0
259,-965.5,0.0,0.0,0.0,0.0,0.0,0.0,0.0,0.0,0.0,0.0,0.0,0.0,0.0,0.0,0.0,0.0,0.0,0.0,0.0,0.0
260,-965.0,0.0,0.0,0.0,0.0,0.0,0.0,0.0,0.0,0.0,0.0,0.0,0.0,0.0,0.0,0.0,0.0,0.0,0.0,0.0,0.0
261,-964.5,0.0,0.0,0.0,0.0,0.0,0.0,0.0,0.0,0.0,0.0,0.0,0.0,0.0,0.0,0.0,0.0,0.0,0.0,0.0,0.0
262,-964.0,0.0,0.0,0.0,0.0,0.0,0.0,0.0,0.0,0.0,0.0,0.0,0.0,0.0,0.0,0.0,0.0,0.0,0.0,0.0,0.0
263,-963.5,0.0,0.0,0.0,0.0,0.0,0.0,0.0,0.0,0.0,0.0,0.0,0.0,0.0,0.0,0.0,0.0,0.0,0.0,0.0,0.0
264,-963.0,0.0,0.0,0.0,0.0,0.0,0.0,0.0,0.0,0.0,0.0,0.0,0.0,0.0,0.0,0.0,0.0,0.0,0.0,0.0,0.0
265,-962.5,0.0,0.0,0.0,0.0,0.0,0.0,0.0,0.0,0.0,0.0,0.0,0.0,0.0,0.0,0.0,0.0,0.0,0.0,0.0,0.0
266,-962.0,0.0,0.0,0.0,0.0,0.0,0.0,0.0,0.0,0.0,0.0,0.0,0.0,0.0,0.0,0.0,0.0,0.0,0.0,0.0,0.0
267,-961.5,0.0,0.0,0.0,0.0,0.0,0.0,0.0,0.0,0.0,0.0,0.0,0.0,0.0,0.0,0.0,0.0,0.0,0.0,0.0,0.0
268,-961.0,0.0,0.0,0.0,0.0,0.0,0.0,0.0,0.0,0.0,0.0,0.0,0.0,0.0,0.0,0.0,0.0,0.0,0.0,0.0,0.0
269,-960.5,0.0,0.0,0.0,0.0,0.0,0.0,0.0,0.0,0.0,0.0,0.0,0.0,0.0,0.0,0.0,0.0,0.0,0.0,0.0,0.0
270,-960.0,0.0,0.0,0.0,0.0,0.0,0.0,0.0,0.0,0.0,0.0,0.0,0.0,0.0,0.0,0.0,0.0,0.0,0.0,0.0,0.0
271,-959.5,0.0,0.0,0.0,0.0,0.0,0.0,0.0,0.0,0.0,0.0,0.0,0.0,0.0,0.0,0.0,0.0,0.0,0.0,0.0,0.0
272,-959.0,0.0,0.0,0.0,0.0,0.0,0.0,0.0,0.0,0.0,0.0,0.0,0.0,0.0,0.0,0.0,0.0,0.0,0.0,0.0,0.0
273,-958.5,0.0,0.0,0.0,0.0,0.0,0.0,0.0,0.0,0.0,0.0,0.0,0.0,0.0,0.0,0.0,0.0,0.0,0.0,0.0,0.0
274,-958.0,0.0,0.0,0.0,0.0,0.0,0.0,0.0,0.0,0.0,0.0,0.0,0.0,0.0,0.0,0.0,0.0,0.0,0.0,0.0,0.0
275,-957.5,0.0,0.0,0.0,0.0,0.0,0.0,0.0,0.0,0.0,0.0,0.0,0.0,0.0,0.0,0.0,0.0,0.0,0.0,0.0,0.0
276,-957.0,0.0,0.0,0.0,0.0,0.0,0.0,0.0,0.0,0.0,0.0,0.0,0.0,0.0,0.0,0.0,0.0,0.0,0.0,0.0,0.0
277,-956.5,0.0,0.0,0.0,0.0,0.0,0.0,0.0,0.0,0.0,0.0,0.0,0.0,0.0,0.0,0.0,0.0,0.0,0.0,0.0,0.0
278,-956.0,0.0,0.0,0.0,0.0,0.0,0.0,0.0,0.0,0.0,0.0,0.0,0.0,0.0,0.0,0.0,0.0,0.0,0.0,0.0,0.0
279,-955.5,0.0,0.0,0.0,0.0,0.0,0.0,0.0,0.0,0.0,0.0,0.0,0.0,0.0,0.0,0.0,0.0,0.0,0.0,0.0,0.0
280,-955.0,0.0,0.0,0.0,0.0,0.0,0.0,0.0,0.0,0.0,0.0,0.0,0.0,0.0,0.0,0.0,0.0,0.0,0.0,0.0,0.0
281,-954.5,0.0,0.0,0.0,0.0,0.0,0.0,0.0,0.0,0.0,0.0,0.0,0.0,0.0,0.0,0.0,0.0,0.0,0.0,0.0,0.0
282,-954.0,0.0,0.0,0.0,0.0,0.0,0.0,0.0,0.0,0.0,0.0,0.0,0.0,0.0,0.0,0.0,0.0,0.0,0.0,0.0,0.0
283,-953.5,0.0,0.0,0.0,0.0,0.0,0.0,0.0,0.0,0.0,0.0,0.0,0.0,0.0,0.0,0.0,0.0,0.0,0.0,0.0,0.0
284,-953.0,0.0,0.0,0.0,0.0,0.0,0.0,0.0,0.0,0.0,0.0,0.0,0.0,0.0,0.0,0.0,0.0,0.0,0.0,0.0,0.0
285,-952.5,0.0,0.0,0.0,0.0,0.0,0.0,0.0,0.0,0.0,0.0,0.0,0.0,0.0,0.0,0.0,0.0,0.0,0.0,0.0,0.0
286,-952.0,0.0,0.0,0.0,0.0,0.0,0.0,0.0,0.0,0.0,0.0,0.0,0.0,0.0,0.0,0.0,0.0,0.0,0.0,0.0,0.0
287,-951.5,0.0,0.0,0.0,0.0,0.0,0.0,0.0,0.0,0.0,0.0,0.0,0.0,0.0,0.0,0.0,0.0,0.0,0.0,0.0,0.0
288,-951.0,0.0,0.0,0.0,0.0,0.0,0.0,0.0,0.0,0.0,0.0,0.0,0.0,0.0,0.0,0.0,0.0,0.0,0.0,0.0,0.0
289,-950.5,0.0,0.0,0.0,0.0,0.0,0.0,0.0,0.0,0.0,0.0,0.0,0.0,0.0,0.0,0.0,0.0,0.0,0.0,0.0,0.0
290,-950.0,0.0,0.0,0.0,0.0,0.0,0.0,0.0,0.0,0.0,0.0,0.0,0.0,0.0,0.0,0.0,0.0,0.0,0.0,0.0,0.0
291,-949.5,0.0,0.0,0.0,0.0,0.0,0.0,0.0,0.0,0.0,0.0,0.0,0.0,0.0,0.0,0.0,0.0,0.0,0.0,0.0,0.0
292,-949.0,0.0,0.0,0.0,0.0,0.0,0.0,0.0,0.0,0.0,0.0,0.0,0.0,0.0,0.0,0.0,0.0,0.0,0.0,0.0,0.0
293,-948.5,0.0,0.0,0.0,0.0,0.0,0.0,0.0,0.0,0.0,0.0,0.0,0.0,0.0,0.0,0.0,0.0,0.0,0.0,0.0,0.0
294,-948.0,0.0,0.0,0.0,0.0,0.0,0.0,0.0,0.0,0.0,0.0,0.0,0.0,0.0,0.0,0.0,0.0,0.0,0.0,0.0,0.0
295,-947.5,0.0,0.0,0.0,0.0,0.0,0.0,0.0,0.0,0.0,0.0,0.0,0.0,0.0,0.0,0.0,0.0,0.0,0.0,0.0,0.0
296,-947.0,0.0,0.0,0.0,0.0,0.0,0.0,0.0,0.0,0.0,0.0,0.0,0.0,0.0,0.0,0.0,0.0,0.0,0.0,0.0,0.0
297,-946.5,0.0,0.0,0.0,0.0,0.0,0.0,0.0,0.0,0.0,0.0,0.0,0.0,0.0,0.0,0.0,0.0,0.0,0.0,0.0,0.0
298,-946.0,0.0,0.0,0.0,0.0,0.0,0.0,0.0,0.0,0.0,0.0,0.0,0.0,0.0,0.0,0.0,0.0,0.0,0.0,0.0,0.0
299,-945.5,0.0,0.0,0.0,0.0,0.0,0.0,0.0,0.0,0.0,0.0,0.0,0.0,0.0,0.0,0.0,0.0,0.0,0.0,0.0,0.0
300,-945.0,0.0,0.0,0.0,0.0,0.0,0.0,0.0,0.0,0.0,0.0,0.0,0.0,0.0,0.0,0.0,0.0,0.0,0.0,0.0,0.0
301,-944.5,0.0,0.0,0.0,0.0,0.0,0.0,0.0,0.0,0.0,0.0,0.0,0.0,0.0,0.0,0.0,0.0,0.0,0.0,0.0,0.0
302,-944.0,0.0,0.0,0.0,0.0,0.0,0.0,0.0,0.0,0.0,0.0,0.0,0.0,0.0,0.0,0.0,0.0,0.0,0.0,0.0,0.0
303,-943.5,0.0,0.0,0.0,0.0,0.0,0.0,0.0,0.0,0.0,0.0,0.0,0.0,0.0,0.0,0.0,0.0,0.0,0.0,0.0,0.0
304,-943.0,0.0,0.0,0.0,0.0,0.0,0.0,0.0,0.0,0.0,0.0,0.0,0.0,0.0,0.0,0.0,0.0,0.0,0.0,0.0,0.0
305,-942.5,0.0,0.0,0.0,0.0,0.0,0.0,0.0,0.0,0.0,0.0,0.0,0.0,0.0,0.0,0.0,0.0,0.0,0.0,0.0,0.0
306,-942.0,0.0,0.0,0.0,0.0,0.0,0.0,0.0,0.0,0.0,0.0,0.0,0.0,0.0,0.0,0.0,0.0,0.0,0.0,0.0,0.0
307,-941.5,0.0,0.0,0.0,0.0,0.0,0.0,0.0,0.0,0.0,0.0,0.0,0.0,0.0,0.0,0.0,0.0,0.0,0.0,0.0,0.0
308,-941.0,0.0,0.0,0.0,0.0,0.0,0.0,0.0,0.0,0.0,0.0,0.0,0.0,0.0,0.0,0.0,0.0,0.0,0.0,0.0,0.0
309,-940.5,0.0,0.0,0.0,0.0,0.0,0.0,0.0,0.0,0.0,0.0,0.0,0.0,0.0,0.0,0.0,0.0,0.0,0.0,0.0,0.0
310,-940.0,0.0,0.0,0.0,0.0,0.0,0.0,0.0,0.0,0.0,0.0,0.0,0.0,0.0,0.0,0.0,0.0,0.0,0.0,0.0,0.0
311,-939.5,0.0,0.0,0.0,0.0,0.0,0.0,0.0,0.0,0.0,0.0,0.0,0.0,0.0,0.0,0.0,0.0,0.0,0.0,0.0,0.0
312,-939.0,0.0,0.0,0.0,0.0,0.0,0.0,0.0,0.0,0.0,0.0,0.0,0.0,0.0,0.0,0.0,0.0,0.0,0.0,0.0,0.0
313,-938.5,0.0,0.0,0.0,0.0,0.0,0.0,0.0,0.0,0.0,0.0,0.0,0.0,0.0,0.0,0.0,0.0,0.0,0.0,0.0,0.0
314,-938.0,0.0,0.0,0.0,0.0,0.0,0.0,0.0,0.0,0.0,0.0,0.0,0.0,0.0,0.0,0.0,0.0,0.0,0.0,0.0,0.0
315,-937.5,0.0,0.0,0.0,0.0,0.0,0.0,0.0,0.0,0.0,0.0,0.0,0.0,0.0,0.0,0.0,0.0,0.0,0.0,0.0,0.0
316,-937.0,0.0,0.0,0.0,0.0,0.0,0.0,0.0,0.0,0.0,0.0,0.0,0.0,0.0,0.0,0.0,0.0,0.0,0.0,0.0,0.0
317,-936.5,0.0,0.0,0.0,0.0,0.0,0.0,0.0,0.0,0.0,0.0,0.0,0.0,0.0,0.0,0.0,0.0,0.0,0.0,0.0,0.0
318,-936.0,0.0,0.0,0.0,0.0,0.0,0.0,0.0,0.0,0.0,0.0,0.0,0.0,0.0,0.0,0.0,0.0,0.0,0.0,0.0,0.0
319,-935.5,0.0,0.0,0.0,0.0,0.0,0.0,0.0,0.0,0.0,0.0,0.0,0.0,0.0,0.0,0.0,0.0,0.0,0.0,0.0,0.0
320,-935.0,0.0,0.0,0.0,0.0,0.0,0.0,0.0,0.0,0.0,0.0,0.0,0.0,0.0,0.0,0.0,0.0,0.0,0.0,0.0,0.0
321,-934.5,0.0,0.0,0.0,0.0,0.0,0.0,0.0,0.0,0.0,0.0,0.0,0.0,0.0,0.0,0.0,0.0,0.0,0.0,0.0,0.0
322,-934.0,0.0,0.0,0.0,0.0,0.0,0.0,0.0,0.0,0.0,0.0,0.0,0.0,0.0,0.0,0.0,0.0,0.0,0.0,0.0,0.0
323,-933.5,0.0,0.0,0.0,0.0,0.0,0.0,0.0,0.0,0.0,0.0,0.0,0.0,0.0,0.0,0.0,0.0,0.0,0.0,0.0,0.0
324,-933.0,0.0,0.0,0.0,0.0,0.0,0.0,0.0,0.0,0.0,0.0,0.0,0.0,0.0,0.0,0.0,0.0,0.0,0.0,0.0,0.0
325,-932.5,0.0,0.0,0.0,0.0,0.0,0.0,0.0,0.0,0.0,0.0,0.0,0.0,0.0,0.0,0.0,0.0,0.0,0.0,0.0,0.0
326,-932.0,0.0,0.0,0.0,0.0,0.0,0.0,0.0,0.0,0.0,0.0,0.0,0.0,0.0,0.0,0.0,0.0,0.0,0.0,0.0,0.0
327,-931.5,0.0,0.0,0.0,0.0,0.0,0.0,0.0,0.0,0.0,0.0,0.0,0.0,0.0,0.0,0.0,0.0,0.0,0.0,0.0,0.0
328,-931.0,0.0,0.0,0.0,0.0,0.0,0.0,0.0,0.0,0.0,0.0,0.0,0.0,0.0,0.0,0.0,0.0,0.0,0.0,0.0,0.0
329,-930.5,0.0,0.0,0.0,0.0,0.0,0.0,0.0,0.0,0.0,0.0,0.0,0.0,0.0,0.0,0.0,0.0,0.0,0.0,0.0,0.0
330,-930.0,0.0,0.0,0.0,0.0,0.0,0.0,0.0,0.0,0.0,0.0,0.0,0.0,0.0,0.0,0.0,0.0,0.0,0.0,0.0,0.0
331,-929.5,0.0,0.0,0.0,0.0,0.0,0.0,0.0,0.0,0.0,0.0,0.0,0.0,0.0,0.0,0.0,0.0,0.0,0.0,0.0,0.0
332,-929.0,0.0,0.0,0.0,0.0,0.0,0.0,0.0,0.0,0.0,0.0,0.0,0.0,0.0,0.0,0.0,0.0,0.0,0.0,0.0,0.0
333,-928.5,0.0,0.0,0.0,0.0,0.0,0.0,0.0,0.0,0.0,0.0,0.0,0.0,0.0,0.0,0.0,0.0,0.0,0.0,0.0,0.0
334,-928.0,0.0,0.0,0.0,0.0,0.0,0.0,0.0,0.0,0.0,0.0,0.0,0.0,0.0,0.0,0.0,0.0,0.0,0.0,0.0,0.0
335,-927.5,0.0,0.0,0.0,0.0,0.0,0.0,0.0,0.0,0.0,0.0,0.0,0.0,0.0,0.0,0.0,0.0,0.0,0.0,0.0,0.0
336,-927.0,0.0,0.0,0.0,0.0,0.0,0.0,0.0,0.0,0.0,0.0,0.0,0.0,0.0,0.0,0.0,0.0,0.0,0.0,0.0,0.0
337,-926.5,0.0,0.0,0.0,0.0,0.0,0.0,0.0,0.0,0.0,0.0,0.0,0.0,0.0,0.0,0.0,0.0,0.0,0.0,0.0,0.0
338,-926.0,0.0,0.0,0.0,0.0,0.0,0.0,0.0,0.0,0.0,0.0,0.0,0.0,0.0,0.0,0.0,0.0,0.0,0.0,0.0,0.0
339,-925.5,0.0,0.0,0.0,0.0,0.0,0.0,0.0,0.0,0.0,0.0,0.0,0.0,0.0,0.0,0.0,0.0,0.0,0.0,0.0,0.0
340,-925.0,0.0,0.0,0.0,0.0,0.0,0.0,0.0,0.0,0.0,0.0,0.0,0.0,0.0,0.0,0.0,0.0,0.0,0.0,0.0,0.0
341,-924.5,0.0,0.0,0.0,0.0,0.0,0.0,0.0,0.0,0.0,0.0,0.0,0.0,0.0,0.0,0.0,0.0,0.0,0.0,0.0,0.0
342,-924.0,0.0,0.0,0.0,0.0,0.0,0.0,0.0,0.0,0.0,0.0,0.0,0.0,0.0,0.0,0.0,0.0,0.0,0.0,0.0,0.0
343,-923.5,0.0,0.0,0.0,0.0,0.0,0.0,0.0,0.0,0.0,0.0,0.0,0.0,0.0,0.0,0.0,0.0,0.0,0.0,0.0,0.0
344,-923.0,0.0,0.0,0.0,0.0,0.0,0.0,0.0,0.0,0.0,0.0,0.0,0.0,0.0,0.0,0.0,0.0,0.0,0.0,0.0,0.0
345,-922.5,0.0,0.0,0.0,0.0,0.0,0.0,0.0,0.0,0.0,0.0,0.0,0.0,0.0,0.0,0.0,0.0,0.0,0.0,0.0,0.0
346,-922.0,0.0,0.0,0.0,0.0,0.0,0.0,0.0,0.0,0.0,0.0,0.0,0.0,0.0,0.0,0.0,0.0,0.0,0.0,0.0,0.0
347,-921.5,0.0,0.0,0.0,0.0,0.0,0.0,0.0,0.0,0.0,0.0,0.0,0.0,0.0,0.0,0.0,0.0,0.0,0.0,0.0,0.0
348,-921.0,0.0,0.0,0.0,0.0,0.0,0.0,0.0,0.0,0.0,0.0,0.0,0.0,0.0,0.0,0.0,0.0,0.0,0.0,0.0,0.0
349,-920.5,0.0,0.0,0.0,0.0,0.0,0.0,0.0,0.0,0.0,0.0,0.0,0.0,0.0,0.0,0.0,0.0,0.0,0.0,0.0,0.0
350,-920.0,0.0,0.0,0.0,0.0,0.0,0.0,0.0,0.0,0.0,0.0,0.0,0.0,0.0,0.0,0.0,0.0,0.0,0.0,0.0,0.0
351,-919.5,0.0,0.0,0.0,0.0,0.0,0.0,0.0,0.0,0.0,0.0,0.0,0.0,0.0,0.0,0.0,0.0,0.0,0.0,0.0,0.0
352,-919.0,0.0,0.0,0.0,0.0,0.0,0.0,0.0,0.0,0.0,0.0,0.0,0.0,0.0,0.0,0.0,0.0,0.0,0.0,0.0,0.0
353,-918.5,0.0,0.0,0.0,0.0,0.0,0.0,0.0,0.0,0.0,0.0,0.0,0.0,0.0,0.0,0.0,0.0,0.0,0.0,0.0,0.0
354,-918.0,0.0,0.0,0.0,0.0,0.0,0.0,0.0,0.0,0.0,0.0,0.0,0.0,0.0,0.0,0.0,0.0,0.0,0.0,0.0,0.0
355,-917.5,0.0,0.0,0.0,0.0,0.0,0.0,0.0,0.0,0.0,0.0,0.0,0.0,0.0,0.0,0.0,0.0,0.0,0.0,0.0,0.0
356,-917.0,0.0,0.0,0.0,0.0,0.0,0.0,0.0,0.0,0.0,0.0,0.0,0.0,0.0,0.0,0.0,0.0,0.0,0.0,0.0,0.0
357,-916.5,0.0,0.0,0.0,0.0,0.0,0.0,0.0,0.0,0.0,0.0,0.0,0.0,0.0,0.0,0.0,0.0,0.0,0.0,0.0,0.0
358,-916.0,0.0,0.0,0.0,0.0,0.0,0.0,0.0,0.0,0.0,0.0,0.0,0.0,0.0,0.0,0.0,0.0,0.0,0.0,0.0,0.0
359,-915.5,0.0,0.0,0.0,0.0,0.0,0.0,0.0,0.0,0.0,0.0,0.0,0.0,0.0,0.0,0.0,0.0,0.0,0.0,0.0,0.0
360,-915.0,0.0,0.0,0.0,0.0,0.0,0.0,0.0,0.0,0.0,0.0,0.0,0.0,0.0,0.0,0.0,0.0,0.0,0.0,0.0,0.0
361,-914.5,0.0,0.0,0.0,0.0,0.0,0.0,0.0,0.0,0.0,0.0,0.0,0.0,0.0,0.0,0.0,0.0,0.0,0.0,0.0,0.0
362,-914.0,0.0,0.0,0.0,0.0,0.0,0.0,0.0,0.0,0.0,0.0,0.0,0.0,0.0,0.0,0.0,0.0,0.0,0.0,0.0,0.0
363,-913.5,0.0,0.0,0.0,0.0,0.0,0.0,0.0,0.0,0.0,0.0,0.0,0.0,0.0,0.0,0.0,0.0,0.0,0.0,0.0,0.0
364,-913.0,0.0,0.0,0.0,0.0,0.0,0.0,0.0,0.0,0.0,0.0,0.0,0.0,0.0,0.0,0.0,0.0,0.0,0.0,0.0,0.0
365,-912.5,0.0,0.0,0.0,0.0,0.0,0.0,0.0,0.0,0.0,0.0,0.0,0.0,0.0,0.0,0.0,0.0,0.0,0.0,0.0,0.0
366,-912.0,0.0,0.0,0.0,0.0,0.0,0.0,0.0,0.0,0.0,0.0,0.0,0.0,0.0,0.0,0.0,0.0,0.0,0.0,0.0,0.0
367,-911.5,0.0,0.0,0.0,0.0,0.0,0.0,0.0,0.0,0.0,0.0,0.0,0.0,0.0,0.0,0.0,0.0,0.0,0.0,0.0,0.0
368,-911.0,0.0,0.0,0.0,0.0,0.0,0.0,0.0,0.0,0.0,0.0,0.0,0.0,0.0,0.0,0.0,0.0,0.0,0.0,0.0,0.0
369,-910.5,0.0,0.0,0.0,0.0,0.0,0.0,0.0,0.0,0.0,0.0,0.0,0.0,0.0,0.0,0.0,0.0,0.0,0.0,0.0,0.0
370,-910.0,0.0,0.0,0.0,0.0,0.0,0.0,0.0,0.0,0.0,0.0,0.0,0.0,0.0,0.0,0.0,0.0,0.0,0.0,0.0,0.0
371,-909.5,0.0,0.0,0.0,0.0,0.0,0.0,0.0,0.0,0.0,0.0,0.0,0.0,0.0,0.0,0.0,0.0,0.0,0.0,0.0,0.0
372,-909.0,0.0,0.0,0.0,0.0,0.0,0.0,0.0,0.0,0.0,0.0,0.0,0.0,0.0,0.0,0.0,0.0,0.0,0.0,0.0,0.0
373,-908.5,0.0,0.0,0.0,0.0,0.0,0.0,0.0,0.0,0.0,0.0,0.0,0.0,0.0,0.0,0.0,0.0,0.0,0.0,0.0,0.0
374,-908.0,0.0,0.0,0.0,0.0,0.0,0.0,0.0,0.0,0.0,0.0,0.0,0.0,0.0,0.0,0.0,0.0,0.0,0.0,0.0,0.0
375,-907.5,0.0,0.0,0.0,0.0,0.0,0.0,0.0,0.0,0.0,0.0,0.0,0.0,0.0,0.0,0.0,0.0,0.0,0.0,0.0,0.0
376,-907.0,0.0,0.0,0.0,0.0,0.0,0.0,0.0,0.0,0.0,0.0,0.0,0.0,0.0,0.0,0.0,0.0,0.0,0.0,0.0,0.0
377,-906.5,0.0,0.0,0.0,0.0,0.0,0.0,0.0,0.0,0.0,0.0,0.0,0.0,0.0,0.0,0.0,0.0,0.0,0.0,0.0,0.0
378,-906.0,0.0,0.0,0.0,0.0,0.0,0.0,0.0,0.0,0.0,0.0,0.0,0.0,0.0,0.0,0.0,0.0,0.0,0.0,0.0,0.0
379,-905.5,0.0,0.0,0.0,0.0,0.0,0.0,0.0,0.0,0.0,0.0,0.0,0.0,0.0,0.0,0.0,0.0,0.0,0.0,0.0,0.0
380,-905.0,0.0,0.0,0.0,0.0,0.0,0.0,0.0,0.0,0.0,0.0,0.0,0.0,0.0,0.0,0.0,0.0,0.0,0.0,0.0,0.0
381,-904.5,0.0,0.0,0.0,0.0,0.0,0.0,0.0,0.0,0.0,0.0,0.0,0.0,0.0,0.0,0.0,0.0,0.0,0.0,0.0,0.0
382,-904.0,0.0,0.0,0.0,0.0,0.0,0.0,0.0,0.0,0.0,0.0,0.0,0.0,0.0,0.0,0.0,0.0,0.0,0.0,0.0,0.0
383,-903.5,0.0,0.0,0.0,0.0,0.0,0.0,0.0,0.0,0.0,0.0,0.0,0.0,0.0,0.0,0.0,0.0,0.0,0.0,0.0,0.0
384,-903.0,0.0,0.0,0.0,0.0,0.0,0.0,0.0,0.0,0.0,0.0,0.0,0.0,0.0,0.0,0.0,0.0,0.0,0.0,0.0,0.0
385,-902.5,0.0,0.0,0.0,0.0,0.0,0.0,0.0,0.0,0.0,0.0,0.0,0.0,0.0,0.0,0.0,0.0,0.0,0.0,0.0,0.0
386,-902.0,0.0,0.0,0.0,0.0,0.0,0.0,0.0,0.0,0.0,0.0,0.0,0.0,0.0,0.0,0.0,0.0,0.0,0.0,0.0,0.0
387,-901.5,0.0,0.0,0.0,0.0,0.0,0.0,0.0,0.0,0.0,0.0,0.0,0.0,0.0,0.0,0.0,0.0,0.0,0.0,0.0,0.0
388,-901.0,0.0,0.0,0.0,0.0,0.0,0.0,0.0,0.0,0.0,0.0,0.0,0.0,0.0,0.0,0.0,0.0,0.0,0.0,0.0,0.0
389,-900.5,0.0,0.0,0.0,0.0,0.0,0.0,0.0,0.0,0.0,0.0,0.0,0.0,0.0,0.0,0.0,0.0,0.0,0.0,0.0,0.0
390,-900.0,0.0,0.0,0.0,0.0,0.0,0.0,0.0,0.0,0.0,0.0,0.0,0.0,0.0,0.0,0.0,0.0,0.0,0.0,0.0,0.0
391,-899.5,0.0,0.0,0.0,0.0,0.0,0.0,0.0,0.0,0.0,0.0,0.0,0.0,0.0,0.0,0.0,0.0,0.0,0.0,0.0,0.0
392,-899.0,0.0,0.0,0.0,0.0,0.0,0.0,0.0,0.0,0.0,0.0,0.0,0.0,0.0,0.0,0.0,0.0,0.0,0.0,0.0,0.0
393,-898.5,0.0,0.0,0.0,0.0,0.0,0.0,0.0,0.0,0.0,0.0,0.0,0.0,0.0,0.0,0.0,0.0,0.0,0.0,0.0,0.0
394,-898.0,0.0,0.0,0.0,0.0,0.0,0.0,0.0,0.0,0.0,0.0,0.0,0.0,0.0,0.0,0.0,0.0,0.0,0.0,0.0,0.0
395,-897.5,0.0,0.0,0.0,0.0,0.0,0.0,0.0,0.0,0.0,0.0,0.0,0.0,0.0,0.0,0.0,0.0,0.0,0.0,0.0,0.0
396,-897.0,0.0,0.0,0.0,0.0,0.0,0.0,0.0,0.0,0.0,0.0,0.0,0.0,0.0,0.0,0.0,0.0,0.0,0.0,0.0,0.0
397,-896.5,0.0,0.0,0.0,0.0,0.0,0.0,0.0,0.0,0.0,0.0,0.0,0.0,0.0,0.0,0.0,0.0,0.0,0.0,0.0,0.0
398,-896.0,0.0,0.0,0.0,0.0,0.0,0.0,0.0,0.0,0.0,0.0,0.0,0.0,0.0,0.0,0.0,0.0,0.0,0.0,0.0,0.0
399,-895.5,0.0,0.0,0.0,0.0,0.0,0.0,0.0,0.0,0.0,0.0,0.0,0.0,0.0,0.0,0.0,0.0,0.0,0.0,0.0,0.0
400,-895.0,0.0,0.0,0.0,0.0,0.0,0.0,0.0,0.0,0.0,0.0,0.0,0.0,0.0,0.0,0.0,0.0,0.0,0.0,0.0,0.0
401,-894.5,0.0,0.0,0.0,0.0,0.0,0.0,0.0,0.0,0.0,0.0,0.0,0.0,0.0,0.0,0.0,0.0,0.0,0.0,0.0,0.0
402,-894.0,0.0,0.0,0.0,0.0,0.0,0.0,0.0,0.0,0.0,0.0,0.0,0.0,0.0,0.0,0.0,0.0,0.0,0.0,0.0,0.0
403,-893.5,0.0,0.0,0.0,0.0,0.0,0.0,0.0,0.0,0.0,0.0,0.0,0.0,0.0,0.0,0.0,0.0,0.0,0.0,0.0,0.0
404,-893.0,0.0,0.0,0.0,0.0,0.0,0.0,0.0,0.0,0.0,0.0,0.0,0.0,0.0,0.0,0.0,0.0,0.0,0.0,0.0,0.0
405,-892.5,0.0,0.0,0.0,0.0,0.0,0.0,0.0,0.0,0.0,0.0,0.0,0.0,0.0,0.0,0.0,0.0,0.0,0.0,0.0,0.0
406,-892.0,0.0,0.0,0.0,0.0,0.0,0.0,0.0,0.0,0.0,0.0,0.0,0.0,0.0,0.0,0.0,0.0,0.0,0.0,0.0,0.0
407,-891.5,0.0,0.0,0.0,0.0,0.0,0.0,0.0,0.0,0.0,0.0,0.0,0.0,0.0,0.0,0.0,0.0,0.0,0.0,0.0,0.0
408,-891.0,0.0,0.0,0.0,0.0,0.0,0.0,0.0,0.0,0.0,0.0,0.0,0.0,0.0,0.0,0.0,0.0,0.0,0.0,0.0,0.0
409,-890.5,0.0,0.0,0.0,0.0,0.0,0.0,0.0,0.0,0.0,0.0,0.0,0.0,0.0,0.0,0.0,0.0,0.0,0.0,0.0,0.0
410,-890.0,0.0,0.0,0.0,0.0,0.0,0.0,0.0,0.0,0.0,0.0,0.0,0.0,0.0,0.0,0.0,0.0,0.0,0.0,0.0,0.0
411,-889.5,0.0,0.0,0.0,0.0,0.0,0.0,0.0,0.0,0.0,0.0,0.0,0.0,0.0,0.0,0.0,0.0,0.0,0.0,0.0,0.0
412,-889.0,0.0,0.0,0.0,0.0,0.0,0.0,0.0,0.0,0.0,0.0,0.0,0.0,0.0,0.0,0.0,0.0,0.0,0.0,0.0,0.0
413,-888.5,0.0,0.0,0.0,0.0,0.0,0.0,0.0,0.0,0.0,0.0,0.0,0.0,0.0,0.0,0.0,0.0,0.0,0.0,0.0,0.0
414,-888.0,0.0,0.0,0.0,0.0,0.0,0.0,0.0,0.0,0.0,0.0,0.0,0.0,0.0,0.0,0.0,0.0,0.0,0.0,0.0,0.0
415,-887.5,0.0,0.0,0.0,0.0,0.0,0.0,0.0,0.0,0.0,0.0,0.0,0.0,0.0,0.0,0.0,0.0,0.0,0.0,0.0,0.0
416,-887.0,0.0,0.0,0.0,0.0,0.0,0.0,0.0,0.0,0.0,0.0,0.0,0.0,0.0,0.0,0.0,0.0,0.0,0.0,0.0,0.0
417,-886.5,0.0,0.0,0.0,0.0,0.0,0.0,0.0,0.0,0.0,0.0,0.0,0.0,0.0,0.0,0.0,0.0,0.0,0.0,0.0,0.0
418,-886.0,0.0,0.0,0.0,0.0,0.0,0.0,0.0,0.0,0.0,0.0,0.0,0.0,0.0,0.0,0.0,0.0,0.0,0.0,0.0,0.0
419,-885.5,0.0,0.0,0.0,0.0,0.0,0.0,0.0,0.0,0.0,0.0,0.0,0.0,0.0,0.0,0.0,0.0,0.0,0.0,0.0,0.0
420,-885.0,0.0,0.0,0.0,0.0,0.0,0.0,0.0,0.0,0.0,0.0,0.0,0.0,0.0,0.0,0.0,0.0,0.0,0.0,0.0,0.0
421,-884.5,0.0,0.0,0.0,0.0,0.0,0.0,0.0,0.0,0.0,0.0,0.0,0.0,0.0,0.0,0.0,0.0,0.0,0.0,0.0,0.0
422,-884.0,0.0,0.0,0.0,0.0,0.0,0.0,0.0,0.0,0.0,0.0,0.0,0.0,0.0,0.0,0.0,0.0,0.0,0.0,0.0,0.0
423,-883.5,0.0,0.0,0.0,0.0,0.0,0.0,0.0,0.0,0.0,0.0,0.0,0.0,0.0,0.0,0.0,0.0,0.0,0.0,0.0,0.0
424,-883.0,0.0,0.0,0.0,0.0,0.0,0.0,0.0,0.0,0.0,0.0,0.0,0.0,0.0,0.0,0.0,0.0,0.0,0.0,0.0,0.0
425,-882.5,0.0,0.0,0.0,0.0,0.0,0.0,0.0,0.0,0.0,0.0,0.0,0.0,0.0,0.0,0.0,0.0,0.0,0.0,0.0,0.0
426,-882.0,0.0,0.0,0.0,0.0,0.0,0.0,0.0,0.0,0.0,0.0,0.0,0.0,0.0,0.0,0.0,0.0,0.0,0.0,0.0,0.0
427,-881.5,0.0,0.0,0.0,0.0,0.0,0.0,0.0,0.0,0.0,0.0,0.0,0.0,0.0,0.0,0.0,0.0,0.0,0.0,0.0,0.0
428,-881.0,0.0,0.0,0.0,0.0,0.0,0.0,0.0,0.0,0.0,0.0,0.0,0.0,0.0,0.0,0.0,0.0,0.0,0.0,0.0,0.0
429,-880.5,0.0,0.0,0.0,0.0,0.0,0.0,0.0,0.0,0.0,0.0,0.0,0.0,0.0,0.0,0.0,0.0,0.0,0.0,0.0,0.0
430,-880.0,0.0,0.0,0.0,0.0,0.0,0.0,0.0,0.0,0.0,0.0,0.0,0.0,0.0,0.0,0.0,0.0,0.0,0.0,0.0,0.0
431,-879.5,0.0,0.0,0.0,0.0,0.0,0.0,0.0,0.0,0.0,0.0,0.0,0.0,0.0,0.0,0.0,0.0,0.0,0.0,0.0,0.0
432,-879.0,0.0,0.0,0.0,0.0,0.0,0.0,0.0,0.0,0.0,0.0,0.0,0.0,0.0,0.0,0.0,0.0,0.0,0.0,0.0,0.0
433,-878.5,0.0,0.0,0.0,0.0,0.0,0.0,0.0,0.0,0.0,0.0,0.0,0.0,0.0,0.0,0.0,0.0,0.0,0.0,0.0,0.0
434,-878.0,0.0,0.0,0.0,0.0,0.0,0.0,0.0,0.0,0.0,0.0,0.0,0.0,0.0,0.0,0.0,0.0,0.0,0.0,0.0,0.0
435,-877.5,0.0,0.0,0.0,0.0,0.0,0.0,0.0,0.0,0.0,0.0,0.0,0.0,0.0,0.0,0.0,0.0,0.0,0.0,0.0,0.0
436,-877.0,0.0,0.0,0.0,0.0,0.0,0.0,0.0,0.0,0.0,0.0,0.0,0.0,0.0,0.0,0.0,0.0,0.0,0.0,0.0,0.0
437,-876.5,0.0,0.0,0.0,0.0,0.0,0.0,0.0,0.0,0.0,0.0,0.0,0.0,0.0,0.0,0.0,0.0,0.0,0.0,0.0,0.0
438,-876.0,0.0,0.0,0.0,0.0,0.0,0.0,0.0,0.0,0.0,0.0,0.0,0.0,0.0,0.0,0.0,0.0,0.0,0.0,0.0,0.0
439,-875.5,0.0,0.0,0.0,0.0,0.0,0.0,0.0,0.0,0.0,0.0,0.0,0.0,0.0,0.0,0.0,0.0,0.0,0.0,0.0,0.0
440,-875.0,0.0,0.0,0.0,0.0,0.0,0.0,0.0,0.0,0.0,0.0,0.0,0.0,0.0,0.0,0.0,0.0,0.0,0.0,0.0,0.0
441,-874.5,0.0,0.0,0.0,0.0,0.0,0.0,0.0,0.0,0.0,0.0,0.0,0.0,0.0,0.0,0.0,0.0,0.0,0.0,0.0,0.0
442,-874.0,0.0,0.0,0.0,0.0,0.0,0.0,0.0,0.0,0.0,0.0,0.0,0.0,0.0,0.0,0.0,0.0,0.0,0.0,0.0,0.0
443,-873.5,0.0,0.0,0.0,0.0,0.0,0.0,0.0,0.0,0.0,0.0,0.0,0.0,0.0,0.0,0.0,0.0,0.0,0.0,0.0,0.0
444,-873.0,0.0,0.0,0.0,0.0,0.0,0.0,0.0,0.0,0.0,0.0,0.0,0.0,0.0,0.0,0.0,0.0,0.0,0.0,0.0,0.0
445,-872.5,0.0,0.0,0.0,0.0,0.0,0.0,0.0,0.0,0.0,0.0,0.0,0.0,0.0,0.0,0.0,0.0,0.0,0.0,0.0,0.0
446,-872.0,0.0,0.0,0.0,0.0,0.0,0.0,0.0,0.0,0.0,0.0,0.0,0.0,0.0,0.0,0.0,0.0,0.0,0.0,0.0,0.0
447,-871.5,0.0,0.0,0.0,0.0,0.0,0.0,0.0,0.0,0.0,0.0,0.0,0.0,0.0,0.0,0.0,0.0,0.0,0.0,0.0,0.0
448,-871.0,0.0,0.0,0.0,0.0,0.0,0.0,0.0,0.0,0.0,0.0,0.0,0.0,0.0,0.0,0.0,0.0,0.0,0.0,0.0,0.0
449,-870.5,0.0,0.0,0.0,0.0,0.0,0.0,0.0,0.0,0.0,0.0,0.0,0.0,0.0,0.0,0.0,0.0,0.0,0.0,0.0,0.0
450,-870.0,0.0,0.0,0.0,0.0,0.0,0.0,0.0,0.0,0.0,0.0,0.0,0.0,0.0,0.0,0.0,0.0,0.0,0.0,0.0,0.0
451,-869.5,0.0,0.0,0.0,0.0,0.0,0.0,0.0,0.0,0.0,0.0,0.0,0.0,0.0,0.0,0.0,0.0,0.0,0.0,0.0,0.0
452,-869.0,0.0,0.0,0.0,0.0,0.0,0.0,0.0,0.0,0.0,0.0,0.0,0.0,0.0,0.0,0.0,0.0,0.0,0.0,0.0,0.0
453,-868.5,0.0,0.0,0.0,0.0,0.0,0.0,0.0,0.0,0.0,0.0,0.0,0.0,0.0,0.0,0.0,0.0,0.0,0.0,0.0,0.0
454,-868.0,0.0,0.0,0.0,0.0,0.0,0.0,0.0,0.0,0.0,0.0,0.0,0.0,0.0,0.0,0.0,0.0,0.0,0.0,0.0,0.0
455,-867.5,0.0,0.0,0.0,0.0,0.0,0.0,0.0,0.0,0.0,0.0,0.0,0.0,0.0,0.0,0.0,0.0,0.0,0.0,0.0,0.0
456,-867.0,0.0,0.0,0.0,0.0,0.0,0.0,0.0,0.0,0.0,0.0,0.0,0.0,0.0,0.0,0.0,0.0,0.0,0.0,0.0,0.0
457,-866.5,0.0,0.0,0.0,0.0,0.0,0.0,0.0,0.0,0.0,0.0,0.0,0.0,0.0,0.0,0.0,0.0,0.0,0.0,0.0,0.0
458,-866.0,0.0,0.0,0.0,0.0,0.0,0.0,0.0,0.0,0.0,0.0,0.0,0.0,0.0,0.0,0.0,0.0,0.0,0.0,0.0,0.0
459,-865.5,0.0,0.0,0.0,0.0,0.0,0.0,0.0,0.0,0.0,0.0,0.0,0.0,0.0,0.0,0.0,0.0,0.0,0.0,0.0,0.0
460,-865.0,0.0,0.0,0.0,0.0,0.0,0.0,0.0,0.0,0.0,0.0,0.0,0.0,0.0,0.0,0.0,0.0,0.0,0.0,0.0,0.0
461,-864.5,0.0,0.0,0.0,0.0,0.0,0.0,0.0,0.0,0.0,0.0,0.0,0.0,0.0,0.0,0.0,0.0,0.0,0.0,0.0,0.0
462,-864.0,0.0,0.0,0.0,0.0,0.0,0.0,0.0,0.0,0.0,0.0,0.0,0.0,0.0,0.0,0.0,0.0,0.0,0.0,0.0,0.0
463,-863.5,0.0,0.0,0.0,0.0,0.0,0.0,0.0,0.0,0.0,0.0,0.0,0.0,0.0,0.0,0.0,0.0,0.0,0.0,0.0,0.0
464,-863.0,0.0,0.0,0.0,0.0,0.0,0.0,0.0,0.0,0.0,0.0,0.0,0.0,0.0,0.0,0.0,0.0,0.0,0.0,0.0,0.0
465,-862.5,0.0,0.0,0.0,0.0,0.0,0.0,0.0,0.0,0.0,0.0,0.0,0.0,0.0,0.0,0.0,0.0,0.0,0.0,0.0,0.0
466,-862.0,0.0,0.0,0.0,0.0,0.0,0.0,0.0,0.0,0.0,0.0,0.0,0.0,0.0,0.0,0.0,0.0,0.0,0.0,0.0,0.0
467,-861.5,0.0,0.0,0.0,0.0,0.0,0.0,0.0,0.0,0.0,0.0,0.0,0.0,0.0,0.0,0.0,0.0,0.0,0.0,0.0,0.0
468,-861.0,0.0,0.0,0.0,0.0,0.0,0.0,0.0,0.0,0.0,0.0,0.0,0.0,0.0,0.0,0.0,0.0,0.0,0.0,0.0,0.0
469,-860.5,0.0,0.0,0.0,0.0,0.0,0.0,0.0,0.0,0.0,0.0,0.0,0.0,0.0,0.0,0.0,0.0,0.0,0.0,0.0,0.0
470,-860.0,0.0,0.0,0.0,0.0,0.0,0.0,0.0,0.0,0.0,0.0,0.0,0.0,0.0,0.0,0.0,0.0,0.0,0.0,0.0,0.0
471,-859.5,0.0,0.0,0.0,0.0,0.0,0.0,0.0,0.0,0.0,0.0,0.0,0.0,0.0,0.0,0.0,0.0,0.0,0.0,0.0,0.0
472,-859.0,0.0,0.0,0.0,0.0,0.0,0.0,0.0,0.0,0.0,0.0,0.0,0.0,0.0,0.0,0.0,0.0,0.0,0.0,0.0,0.0
473,-858.5,0.0,0.0,0.0,0.0,0.0,0.0,0.0,0.0,0.0,0.0,0.0,0.0,0.0,0.0,0.0,0.0,0.0,0.0,0.0,0.0
474,-858.0,0.0,0.0,0.0,0.0,0.0,0.0,0.0,0.0,0.0,0.0,0.0,0.0,0.0,0.0,0.0,0.0,0.0,0.0,0.0,0.0
475,-857.5,0.0,0.0,0.0,0.0,0.0,0.0,0.0,0.0,0.0,0.0,0.0,0.0,0.0,0.0,0.0,0.0,0.0,0.0,0.0,0.0
476,-857.0,0.0,0.0,0.0,0.0,0.0,0.0,0.0,0.0,0.0,0.0,0.0,0.0,0.0,0.0,0.0,0.0,0.0,0.0,0.0,0.0
477,-856.5,0.0,0.0,0.0,0.0,0.0,0.0,0.0,0.0,0.0,0.0,0.0,0.0,0.0,0.0,0.0,0.0,0.0,0.0,0.0,0.0
478,-856.0,0.0,0.0,0.0,0.0,0.0,0.0,0.0,0.0,0.0,0.0,0.0,0.0,0.0,0.0,0.0,0.0,0.0,0.0,0.0,0.0
479,-855.5,0.0,0.0,0.0,0.0,0.0,0.0,0.0,0.0,0.0,0.0,0.0,0.0,0.0,0.0,0.0,0.0,0.0,0.0,0.0,0.0
480,-855.0,0.0,0.0,0.0,0.0,0.0,0.0,0.0,0.0,0.0,0.0,0.0,0.0,0.0,0.0,0.0,0.0,0.0,0.0,0.0,0.0
481,-854.5,0.0,0.0,0.0,0.0,0.0,0.0,0.0,0.0,0.0,0.0,0.0,0.0,0.0,0.0,0.0,0.0,0.0,0.0,0.0,0.0
482,-854.0,0.0,0.0,0.0,0.0,0.0,0.0,0.0,0.0,0.0,0.0,0.0,0.0,0.0,0.0,0.0,0.0,0.0,0.0,0.0,0.0
483,-853.5,0.0,0.0,0.0,0.0,0.0,0.0,0.0,0.0,0.0,0.0,0.0,0.0,0.0,0.0,0.0,0.0,0.0,0.0,0.0,0.0
484,-853.0,0.0,0.0,0.0,0.0,0.0,0.0,0.0,0.0,0.0,0.0,0.0,0.0,0.0,0.0,0.0,0.0,0.0,0.0,0.0,0.0
485,-852.5,0.0,0.0,0.0,0.0,0.0,0.0,0.0,0.0,0.0,0.0,0.0,0.0,0.0,0.0,0.0,0.0,0.0,0.0,0.0,0.0
486,-852.0,0.0,0.0,0.0,0.0,0.0,0.0,0.0,0.0,0.0,0.0,0.0,0.0,0.0,0.0,0.0,0.0,0.0,0.0,0.0,0.0
487,-851.5,0.0,0.0,0.0,0.0,0.0,0.0,0.0,0.0,0.0,0.0,0.0,0.0,0.0,0.0,0.0,0.0,0.0,0.0,0.0,0.0
488,-851.0,0.0,0.0,0.0,0.0,0.0,0.0,0.0,0.0,0.0,0.0,0.0,0.0,0.0,0.0,0.0,0.0,0.0,0.0,0.0,0.0
489,-850.5,0.0,0.0,0.0,0.0,0.0,0.0,0.0,0.0,0.0,0.0,0.0,0.0,0.0,0.0,0.0,0.0,0.0,0.0,0.0,0.0
490,-850.0,0.0,0.0,0.0,0.0,0.0,0.0,0.0,0.0,0.0,0.0,0.0,0.0,0.0,0.0,0.0,0.0,0.0,0.0,0.0,0.0
491,-849.5,0.0,0.0,0.0,0.0,0.0,0.0,0.0,0.0,0.0,0.0,0.0,0.0,0.0,0.0,0.0,0.0,0.0,0.0,0.0,0.0
492,-849.0,0.0,0.0,0.0,0.0,0.0,0.0,0.0,0.0,0.0,0.0,0.0,0.0,0.0,0.0,0.0,0.0,0.0,0.0,0.0,0.0
493,-848.5,0.0,0.0,0.0,0.0,0.0,0.0,0.0,0.0,0.0,0.0,0.0,0.0,0.0,0.0,0.0,0.0,0.0,0.0,0.0,0.0
494,-848.0,0.0,0.0,0.0,0.0,0.0,0.0,0.0,0.0,0.0,0.0,0.0,0.0,0.0,0.0,0.0,0.0,0.0,0.0,0.0,0.0
495,-847.5,0.0,0.0,0.0,0.0,0.0,0.0,0.0,0.0,0.0,0.0,0.0,0.0,0.0,0.0,0.0,0.0,0.0,0.0,0.0,0.0
496,-847.0,0.0,0.0,0.0,0.0,0.0,0.0,0.0,0.0,0.0,0.0,0.0,0.0,0.0,0.0,0.0,0.0,0.0,0.0,0.0,0.0
497,-846.5,0.0,0.0,0.0,0.0,0.0,0.0,0.0,0.0,0.0,0.0,0.0,0.0,0.0,0.0,0.0,0.0,0.0,0.0,0.0,0.0
498,-846.0,0.0,0.0,0.0,0.0,0.0,0.0,0.0,0.0,0.0,0.0,0.0,0.0,0.0,0.0,0.0,0.0,0.0,0.0,0.0,0.0
499,-845.5,0.0,0.0,0.0,0.0,0.0,0.0,0.0,0.0,0.0,0.0,0.0,0.0,0.0,0.0,0.0,0.0,0.0,0.0,0.0,0.0
500,-845.0,0.0,0.0,0.0,0.0,0.0,0.0,0.0,0.0,0.0,0.0,0.0,0.0,0.0,0.0,0.0,0.0,0.0,0.0,0.0,0.0
501,-844.5,0.0,0.0,0.0,0.0,0.0,0.0,0.0,0.0,0.0,0.0,0.0,0.0,0.0,0.0,0.0,0.0,0.0,0.0,0.0,0.0
502,-844.0,0.0,0.0,0.0,0.0,0.0,0.0,0.0,0.0,0.0,0.0,0.0,0.0,0.0,0.0,0.0,0.0,0.0,0.0,0.0,0.0
503,-843.5,0.0,0.0,0.0,0.0,0.0,0.0,0.0,0.0,0.0,0.0,0.0,0.0,0.0,0.0,0.0,0.0,0.0,0.0,0.0,0.0
504,-843.0,0.0,0.0,0.0,0.0,0.0,0.0,0.0,0.0,0.0,0.0,0.0,0.0,0.0,0.0,0.0,0.0,0.0,0.0,0.0,0.0
505,-842.5,0.0,0.0,0.0,0.0,0.0,0.0,0.0,0.0,0.0,0.0,0.0,0.0,0.0,0.0,0.0,0.0,0.0,0.0,0.0,0.0
506,-842.0,0.0,0.0,0.0,0.0,0.0,0.0,0.0,0.0,0.0,0.0,0.0,0.0,0.0,0.0,0.0,0.0,0.0,0.0,0.0,0.0
507,-841.5,0.0,0.0,0.0,0.0,0.0,0.0,0.0,0.0,0.0,0.0,0.0,0.0,0.0,0.0,0.0,0.0,0.0,0.0,0.0,0.0
508,-841.0,0.0,0.0,0.0,0.0,0.0,0.0,0.0,0.0,0.0,0.0,0.0,0.0,0.0,0.0,0.0,0.0,0.0,0.0,0.0,0.0
509,-840.5,0.0,0.0,0.0,0.0,0.0,0.0,0.0,0.0,0.0,0.0,0.0,0.0,0.0,0.0,0.0,0.0,0.0,0.0,0.0,0.0
510,-840.0,0.0,0.0,0.0,0.0,0.0,0.0,0.0,0.0,0.0,0.0,0.0,0.0,0.0,0.0,0.0,0.0,0.0,0.0,0.0,0.0
511,-839.5,0.0,0.0,0.0,0.0,0.0,0.0,0.0,0.0,0.0,0.0,0.0,0.0,0.0,0.0,0.0,0.0,0.0,0.0,0.0,0.0
512,-839.0,0.0,0.0,0.0,0.0,0.0,0.0,0.0,0.0,0.0,0.0,0.0,0.0,0.0,0.0,0.0,0.0,0.0,0.0,0.0,0.0
513,-838.5,0.0,0.0,0.0,0.0,0.0,0.0,0.0,0.0,0.0,0.0,0.0,0.0,0.0,0.0,0.0,0.0,0.0,0.0,0.0,0.0
514,-838.0,0.0,0.0,0.0,0.0,0.0,0.0,0.0,0.0,0.0,0.0,0.0,0.0,0.0,0.0,0.0,0.0,0.0,0.0,0.0,0.0
515,-837.5,0.0,0.0,0.0,0.0,0.0,0.0,0.0,0.0,0.0,0.0,0.0,0.0,0.0,0.0,0.0,0.0,0.0,0.0,0.0,0.0
516,-837.0,0.0,0.0,0.0,0.0,0.0,0.0,0.0,0.0,0.0,0.0,0.0,0.0,0.0,0.0,0.0,0.0,0.0,0.0,0.0,0.0
517,-836.5,0.0,0.0,0.0,0.0,0.0,0.0,0.0,0.0,0.0,0.0,0.0,0.0,0.0,0.0,0.0,0.0,0.0,0.0,0.0,0.0
518,-836.0,0.0,0.0,0.0,0.0,0.0,0.0,0.0,0.0,0.0,0.0,0.0,0.0,0.0,0.0,0.0,0.0,0.0,0.0,0.0,0.0
519,-835.5,0.0,0.0,0.0,0.0,0.0,0.0,0.0,0.0,0.0,0.0,0.0,0.0,0.0,0.0,0.0,0.0,0.0,0.0,0.0,0.0
520,-835.0,0.0,0.0,0.0,0.0,0.0,0.0,0.0,0.0,0.0,0.0,0.0,0.0,0.0,0.0,0.0,0.0,0.0,0.0,0.0,0.0
521,-834.5,0.0,0.0,0.0,0.0,0.0,0.0,0.0,0.0,0.0,0.0,0.0,0.0,0.0,0.0,0.0,0.0,0.0,0.0,0.0,0.0
522,-834.0,0.0,0.0,0.0,0.0,0.0,0.0,0.0,0.0,0.0,0.0,0.0,0.0,0.0,0.0,0.0,0.0,0.0,0.0,0.0,0.0
523,-833.5,0.0,0.0,0.0,0.0,0.0,0.0,0.0,0.0,0.0,0.0,0.0,0.0,0.0,0.0,0.0,0.0,0.0,0.0,0.0,0.0
524,-833.0,0.0,0.0,0.0,0.0,0.0,0.0,0.0,0.0,0.0,0.0,0.0,0.0,0.0,0.0,0.0,0.0,0.0,0.0,0.0,0.0
525,-832.5,0.0,0.0,0.0,0.0,0.0,0.0,0.0,0.0,0.0,0.0,0.0,0.0,0.0,0.0,0.0,0.0,0.0,0.0,0.0,0.0
526,-832.0,0.0,0.0,0.0,0.0,0.0,0.0,0.0,0.0,0.0,0.0,0.0,0.0,0.0,0.0,0.0,0.0,0.0,0.0,0.0,0.0
527,-831.5,0.0,0.0,0.0,0.0,0.0,0.0,0.0,0.0,0.0,0.0,0.0,0.0,0.0,0.0,0.0,0.0,0.0,0.0,0.0,0.0
528,-831.0,0.0,0.0,0.0,0.0,0.0,0.0,0.0,0.0,0.0,0.0,0.0,0.0,0.0,0.0,0.0,0.0,0.0,0.0,0.0,0.0
529,-830.5,0.0,0.0,0.0,0.0,0.0,0.0,0.0,0.0,0.0,0.0,0.0,0.0,0.0,0.0,0.0,0.0,0.0,0.0,0.0,0.0
530,-830.0,0.0,0.0,0.0,0.0,0.0,0.0,0.0,0.0,0.0,0.0,0.0,0.0,0.0,0.0,0.0,0.0,0.0,0.0,0.0,0.0
531,-829.5,0.0,0.0,0.0,0.0,0.0,0.0,0.0,0.0,0.0,0.0,0.0,0.0,0.0,0.0,0.0,0.0,0.0,0.0,0.0,0.0
532,-829.0,0.0,0.0,0.0,0.0,0.0,0.0,0.0,0.0,0.0,0.0,0.0,0.0,0.0,0.0,0.0,0.0,0.0,0.0,0.0,0.0
533,-828.5,0.0,0.0,0.0,0.0,0.0,0.0,0.0,0.0,0.0,0.0,0.0,0.0,0.0,0.0,0.0,0.0,0.0,0.0,0.0,0.0
534,-828.0,0.0,0.0,0.0,0.0,0.0,0.0,0.0,0.0,0.0,0.0,0.0,0.0,0.0,0.0,0.0,0.0,0.0,0.0,0.0,0.0
535,-827.5,0.0,0.0,0.0,0.0,0.0,0.0,0.0,0.0,0.0,0.0,0.0,0.0,0.0,0.0,0.0,0.0,0.0,0.0,0.0,0.0
536,-827.0,0.0,0.0,0.0,0.0,0.0,0.0,0.0,0.0,0.0,0.0,0.0,0.0,0.0,0.0,0.0,0.0,0.0,0.0,0.0,0.0
537,-826.5,0.0,0.0,0.0,0.0,0.0,0.0,0.0,0.0,0.0,0.0,0.0,0.0,0.0,0.0,0.0,0.0,0.0,0.0,0.0,0.0
538,-826.0,0.0,0.0,0.0,0.0,0.0,0.0,0.0,0.0,0.0,0.0,0.0,0.0,0.0,0.0,0.0,0.0,0.0,0.0,0.0,0.0
539,-825.5,0.0,0.0,0.0,0.0,0.0,0.0,0.0,0.0,0.0,0.0,0.0,0.0,0.0,0.0,0.0,0.0,0.0,0.0,0.0,0.0
540,-825.0,0.0,0.0,0.0,0.0,0.0,0.0,0.0,0.0,0.0,0.0,0.0,0.0,0.0,0.0,0.0,0.0,0.0,0.0,0.0,0.0
541,-824.5,0.0,0.0,0.0,0.0,0.0,0.0,0.0,0.0,0.0,0.0,0.0,0.0,0.0,0.0,0.0,0.0,0.0,0.0,0.0,0.0
542,-824.0,0.0,0.0,0.0,0.0,0.0,0.0,0.0,0.0,0.0,0.0,0.0,0.0,0.0,0.0,0.0,0.0,0.0,0.0,0.0,0.0
543,-823.5,0.0,0.0,0.0,0.0,0.0,0.0,0.0,0.0,0.0,0.0,0.0,0.0,0.0,0.0,0.0,0.0,0.0,0.0,0.0,0.0
544,-823.0,0.0,0.0,0.0,0.0,0.0,0.0,0.0,0.0,0.0,0.0,0.0,0.0,0.0,0.0,0.0,0.0,0.0,0.0,0.0,0.0
545,-822.5,0.0,0.0,0.0,0.0,0.0,0.0,0.0,0.0,0.0,0.0,0.0,0.0,0.0,0.0,0.0,0.0,0.0,0.0,0.0,0.0
546,-822.0,0.0,0.0,0.0,0.0,0.0,0.0,0.0,0.0,0.0,0.0,0.0,0.0,0.0,0.0,0.0,0.0,0.0,0.0,0.0,0.0
547,-821.5,0.0,0.0,0.0,0.0,0.0,0.0,0.0,0.0,0.0,0.0,0.0,0.0,0.0,0.0,0.0,0.0,0.0,0.0,0.0,0.0
548,-821.0,0.0,0.0,0.0,0.0,0.0,0.0,0.0,0.0,0.0,0.0,0.0,0.0,0.0,0.0,0.0,0.0,0.0,0.0,0.0,0.0
549,-820.5,0.0,0.0,0.0,0.0,0.0,0.0,0.0,0.0,0.0,0.0,0.0,0.0,0.0,0.0,0.0,0.0,0.0,0.0,0.0,0.0
550,-820.0,0.0,0.0,0.0,0.0,0.0,0.0,0.0,0.0,0.0,0.0,0.0,0.0,0.0,0.0,0.0,0.0,0.0,0.0,0.0,0.0
551,-819.5,0.0,0.0,0.0,0.0,0.0,0.0,0.0,0.0,0.0,0.0,0.0,0.0,0.0,0.0,0.0,0.0,0.0,0.0,0.0,0.0
552,-819.0,0.0,0.0,0.0,0.0,0.0,0.0,0.0,0.0,0.0,0.0,0.0,0.0,0.0,0.0,0.0,0.0,0.0,0.0,0.0,0.0
553,-818.5,0.0,0.0,0.0,0.0,0.0,0.0,0.0,0.0,0.0,0.0,0.0,0.0,0.0,0.0,0.0,0.0,0.0,0.0,0.0,0.0
554,-818.0,0.0,0.0,0.0,0.0,0.0,0.0,0.0,0.0,0.0,0.0,0.0,0.0,0.0,0.0,0.0,0.0,0.0,0.0,0.0,0.0
555,-817.5,0.0,0.0,0.0,0.0,0.0,0.0,0.0,0.0,0.0,0.0,0.0,0.0,0.0,0.0,0.0,0.0,0.0,0.0,0.0,0.0
556,-817.0,0.0,0.0,0.0,0.0,0.0,0.0,0.0,0.0,0.0,0.0,0.0,0.0,0.0,0.0,0.0,0.0,0.0,0.0,0.0,0.0
557,-816.5,0.0,0.0,0.0,0.0,0.0,0.0,0.0,0.0,0.0,0.0,0.0,0.0,0.0,0.0,0.0,0.0,0.0,0.0,0.0,0.0
558,-816.0,0.0,0.0,0.0,0.0,0.0,0.0,0.0,0.0,0.0,0.0,0.0,0.0,0.0,0.0,0.0,0.0,0.0,0.0,0.0,0.0
559,-815.5,0.0,0.0,0.0,0.0,0.0,0.0,0.0,0.0,0.0,0.0,0.0,0.0,0.0,0.0,0.0,0.0,0.0,0.0,0.0,0.0
560,-815.0,0.0,0.0,0.0,0.0,0.0,0.0,0.0,0.0,0.0,0.0,0.0,0.0,0.0,0.0,0.0,0.0,0.0,0.0,0.0,0.0
561,-814.5,0.0,0.0,0.0,0.0,0.0,0.0,0.0,0.0,0.0,0.0,0.0,0.0,0.0,0.0,0.0,0.0,0.0,0.0,0.0,0.0
562,-814.0,0.0,0.0,0.0,0.0,0.0,0.0,0.0,0.0,0.0,0.0,0.0,0.0,0.0,0.0,0.0,0.0,0.0,0.0,0.0,0.0
563,-813.5,0.0,0.0,0.0,0.0,0.0,0.0,0.0,0.0,0.0,0.0,0.0,0.0,0.0,0.0,0.0,0.0,0.0,0.0,0.0,0.0
564,-813.0,0.0,0.0,0.0,0.0,0.0,0.0,0.0,0.0,0.0,0.0,0.0,0.0,0.0,0.0,0.0,0.0,0.0,0.0,0.0,0.0
565,-812.5,0.0,0.0,0.0,0.0,0.0,0.0,0.0,0.0,0.0,0.0,0.0,0.0,0.0,0.0,0.0,0.0,0.0,0.0,0.0,0.0
566,-812.0,0.0,0.0,0.0,0.0,0.0,0.0,0.0,0.0,0.0,0.0,0.0,0.0,0.0,0.0,0.0,0.0,0.0,0.0,0.0,0.0
567,-811.5,0.0,0.0,0.0,0.0,0.0,0.0,0.0,0.0,0.0,0.0,0.0,0.0,0.0,0.0,0.0,0.0,0.0,0.0,0.0,0.0
568,-811.0,0.0,0.0,0.0,0.0,0.0,0.0,0.0,0.0,0.0,0.0,0.0,0.0,0.0,0.0,0.0,0.0,0.0,0.0,0.0,0.0
569,-810.5,0.0,0.0,0.0,0.0,0.0,0.0,0.0,0.0,0.0,0.0,0.0,0.0,0.0,0.0,0.0,0.0,0.0,0.0,0.0,0.0
570,-810.0,0.0,0.0,0.0,0.0,0.0,0.0,0.0,0.0,0.0,0.0,0.0,0.0,0.0,0.0,0.0,0.0,0.0,0.0,0.0,0.0
571,-809.5,0.0,0.0,0.0,0.0,0.0,0.0,0.0,0.0,0.0,0.0,0.0,0.0,0.0,0.0,0.0,0.0,0.0,0.0,0.0,0.0
572,-809.0,0.0,0.0,0.0,0.0,0.0,0.0,0.0,0.0,0.0,0.0,0.0,0.0,0.0,0.0,0.0,0.0,0.0,0.0,0.0,0.0
573,-808.5,0.0,0.0,0.0,0.0,0.0,0.0,0.0,0.0,0.0,0.0,0.0,0.0,0.0,0.0,0.0,0.0,0.0,0.0,0.0,0.0
574,-808.0,0.0,0.0,0.0,0.0,0.0,0.0,0.0,0.0,0.0,0.0,0.0,0.0,0.0,0.0,0.0,0.0,0.0,0.0,0.0,0.0
575,-807.5,0.0,0.0,0.0,0.0,0.0,0.0,0.0,0.0,0.0,0.0,0.0,0.0,0.0,0.0,0.0,0.0,0.0,0.0,0.0,0.0
576,-807.0,0.0,0.0,0.0,0.0,0.0,0.0,0.0,0.0,0.0,0.0,0.0,0.0,0.0,0.0,0.0,0.0,0.0,0.0,0.0,0.0
577,-806.5,0.0,0.0,0.0,0.0,0.0,0.0,0.0,0.0,0.0,0.0,0.0,0.0,0.0,0.0,0.0,0.0,0.0,0.0,0.0,0.0
578,-806.0,0.0,0.0,0.0,0.0,0.0,0.0,0.0,0.0,0.0,0.0,0.0,0.0,0.0,0.0,0.0,0.0,0.0,0.0,0.0,0.0
579,-805.5,0.0,0.0,0.0,0.0,0.0,0.0,0.0,0.0,0.0,0.0,0.0,0.0,0.0,0.0,0.0,0.0,0.0,0.0,0.0,0.0
580,-805.0,0.0,0.0,0.0,0.0,0.0,0.0,0.0,0.0,0.0,0.0,0.0,0.0,0.0,0.0,0.0,0.0,0.0,0.0,0.0,0.0
581,-804.5,0.0,0.0,0.0,0.0,0.0,0.0,0.0,0.0,0.0,0.0,0.0,0.0,0.0,0.0,0.0,0.0,0.0,0.0,0.0,0.0
582,-804.0,0.0,0.0,0.0,0.0,0.0,0.0,0.0,0.0,0.0,0.0,0.0,0.0,0.0,0.0,0.0,0.0,0.0,0.0,0.0,0.0
583,-803.5,0.0,0.0,0.0,0.0,0.0,0.0,0.0,0.0,0.0,0.0,0.0,0.0,0.0,0.0,0.0,0.0,0.0,0.0,0.0,0.0
584,-803.0,0.0,0.0,0.0,0.0,0.0,0.0,0.0,0.0,0.0,0.0,0.0,0.0,0.0,0.0,0.0,0.0,0.0,0.0,0.0,0.0
585,-802.5,0.0,0.0,0.0,0.0,0.0,0.0,0.0,0.0,0.0,0.0,0.0,0.0,0.0,0.0,0.0,0.0,0.0,0.0,0.0,0.0
586,-802.0,0.0,0.0,0.0,0.0,0.0,0.0,0.0,0.0,0.0,0.0,0.0,0.0,0.0,0.0,0.0,0.0,0.0,0.0,0.0,0.0
587,-801.5,0.0,0.0,0.0,0.0,0.0,0.0,0.0,0.0,0.0,0.0,0.0,0.0,0.0,0.0,0.0,0.0,0.0,0.0,0.0,0.0
588,-801.0,0.0,0.0,0.0,0.0,0.0,0.0,0.0,0.0,0.0,0.0,0.0,0.0,0.0,0.0,0.0,0.0,0.0,0.0,0.0,0.0
589,-800.5,0.0,0.0,0.0,0.0,0.0,0.0,0.0,0.0,0.0,0.0,0.0,0.0,0.0,0.0,0.0,0.0,0.0,0.0,0.0,0.0
590,-800.0,0.0,0.0,0.0,0.0,0.0,0.0,0.0,0.0,0.0,0.0,0.0,0.0,0.0,0.0,0.0,0.0,0.0,0.0,0.0,0.0
591,-799.5,0.0,0.0,0.0,0.0,0.0,0.0,0.0,0.0,0.0,0.0,0.0,0.0,0.0,0.0,0.0,0.0,0.0,0.0,0.0,0.0
592,-799.0,0.0,0.0,0.0,0.0,0.0,0.0,0.0,0.0,0.0,0.0,0.0,0.0,0.0,0.0,0.0,0.0,0.0,0.0,0.0,0.0
593,-798.5,0.0,0.0,0.0,0.0,0.0,0.0,0.0,0.0,0.0,0.0,0.0,0.0,0.0,0.0,0.0,0.0,0.0,0.0,0.0,0.0
594,-798.0,0.0,0.0,0.0,0.0,0.0,0.0,0.0,0.0,0.0,0.0,0.0,0.0,0.0,0.0,0.0,0.0,0.0,0.0,0.0,0.0
595,-797.5,0.0,0.0,0.0,0.0,0.0,0.0,0.0,0.0,0.0,0.0,0.0,0.0,0.0,0.0,0.0,0.0,0.0,0.0,0.0,0.0
596,-797.0,0.0,0.0,0.0,0.0,0.0,0.0,0.0,0.0,0.0,0.0,0.0,0.0,0.0,0.0,0.0,0.0,0.0,0.0,0.0,0.0
597,-796.5,0.0,0.0,0.0,0.0,0.0,0.0,0.0,0.0,0.0,0.0,0.0,0.0,0.0,0.0,0.0,0.0,0.0,0.0,0.0,0.0
598,-796.0,0.0,0.0,0.0,0.0,0.0,0.0,0.0,0.0,0.0,0.0,0.0,0.0,0.0,0.0,0.0,0.0,0.0,0.0,0.0,0.0
599,-795.5,0.0,0.0,0.0,0.0,0.0,0.0,0.0,0.0,0.0,0.0,0.0,0.0,0.0,0.0,0.0,0.0,0.0,0.0,0.0,0.0
600,-795.0,0.0,0.0,0.0,0.0,0.0,0.0,0.0,0.0,0.0,0.0,0.0,0.0,0.0,0.0,0.0,0.0,0.0,0.0,0.0,0.0
601,-794.5,0.0,0.0,0.0,0.0,0.0,0.0,0.0,0.0,0.0,0.0,0.0,0.0,0.0,0.0,0.0,0.0,0.0,0.0,0.0,0.0
602,-794.0,0.0,0.0,0.0,0.0,0.0,0.0,0.0,0.0,0.0,0.0,0.0,0.0,0.0,0.0,0.0,0.0,0.0,0.0,0.0,0.0
603,-793.5,0.0,0.0,0.0,0.0,0.0,0.0,0.0,0.0,0.0,0.0,0.0,0.0,0.0,0.0,0.0,0.0,0.0,0.0,0.0,0.0
604,-793.0,0.0,0.0,0.0,0.0,0.0,0.0,0.0,0.0,0.0,0.0,0.0,0.0,0.0,0.0,0.0,0.0,0.0,0.0,0.0,0.0
605,-792.5,0.0,0.0,0.0,0.0,0.0,0.0,0.0,0.0,0.0,0.0,0.0,0.0,0.0,0.0,0.0,0.0,0.0,0.0,0.0,0.0
606,-792.0,0.0,0.0,0.0,0.0,0.0,0.0,0.0,0.0,0.0,0.0,0.0,0.0,0.0,0.0,0.0,0.0,0.0,0.0,0.0,0.0
607,-791.5,0.0,0.0,0.0,0.0,0.0,0.0,0.0,0.0,0.0,0.0,0.0,0.0,0.0,0.0,0.0,0.0,0.0,0.0,0.0,0.0
608,-791.0,0.0,0.0,0.0,0.0,0.0,0.0,0.0,0.0,0.0,0.0,0.0,0.0,0.0,0.0,0.0,0.0,0.0,0.0,0.0,0.0
609,-790.5,0.0,0.0,0.0,0.0,0.0,0.0,0.0,0.0,0.0,0.0,0.0,0.0,0.0,0.0,0.0,0.0,0.0,0.0,0.0,0.0
610,-790.0,0.0,0.0,0.0,0.0,0.0,0.0,0.0,0.0,0.0,0.0,0.0,0.0,0.0,0.0,0.0,0.0,0.0,0.0,0.0,0.0
611,-789.5,0.0,0.0,0.0,0.0,0.0,0.0,0.0,0.0,0.0,0.0,0.0,0.0,0.0,0.0,0.0,0.0,0.0,0.0,0.0,0.0
612,-789.0,0.0,0.0,0.0,0.0,0.0,0.0,0.0,0.0,0.0,0.0,0.0,0.0,0.0,0.0,0.0,0.0,0.0,0.0,0.0,0.0
613,-788.5,0.0,0.0,0.0,0.0,0.0,0.0,0.0,0.0,0.0,0.0,0.0,0.0,0.0,0.0,0.0,0.0,0.0,0.0,0.0,0.0
614,-788.0,0.0,0.0,0.0,0.0,0.0,0.0,0.0,0.0,0.0,0.0,0.0,0.0,0.0,0.0,0.0,0.0,0.0,0.0,0.0,0.0
615,-787.5,0.0,0.0,0.0,0.0,0.0,0.0,0.0,0.0,0.0,0.0,0.0,0.0,0.0,0.0,0.0,0.0,0.0,0.0,0.0,0.0
616,-787.0,0.0,0.0,0.0,0.0,0.0,0.0,0.0,0.0,0.0,0.0,0.0,0.0,0.0,0.0,0.0,0.0,0.0,0.0,0.0,0.0
617,-786.5,0.0,0.0,0.0,0.0,0.0,0.0,0.0,0.0,0.0,0.0,0.0,0.0,0.0,0.0,0.0,0.0,0.0,0.0,0.0,0.0
618,-786.0,0.0,0.0,0.0,0.0,0.0,0.0,0.0,0.0,0.0,0.0,0.0,0.0,0.0,0.0,0.0,0.0,0.0,0.0,0.0,0.0
619,-785.5,0.0,0.0,0.0,0.0,0.0,0.0,0.0,0.0,0.0,0.0,0.0,0.0,0.0,0.0,0.0,0.0,0.0,0.0,0.0,0.0
620,-785.0,0.0,0.0,0.0,0.0,0.0,0.0,0.0,0.0,0.0,0.0,0.0,0.0,0.0,0.0,0.0,0.0,0.0,0.0,0.0,0.0
621,-784.5,0.0,0.0,0.0,0.0,0.0,0.0,0.0,0.0,0.0,0.0,0.0,0.0,0.0,0.0,0.0,0.0,0.0,0.0,0.0,0.0
622,-784.0,0.0,0.0,0.0,0.0,0.0,0.0,0.0,0.0,0.0,0.0,0.0,0.0,0.0,0.0,0.0,0.0,0.0,0.0,0.0,0.0
623,-783.5,0.0,0.0,0.0,0.0,0.0,0.0,0.0,0.0,0.0,0.0,0.0,0.0,0.0,0.0,0.0,0.0,0.0,0.0,0.0,0.0
624,-783.0,0.0,0.0,0.0,0.0,0.0,0.0,0.0,0.0,0.0,0.0,0.0,0.0,0.0,0.0,0.0,0.0,0.0,0.0,0.0,0.0
625,-782.5,0.0,0.0,0.0,0.0,0.0,0.0,0.0,0.0,0.0,0.0,0.0,0.0,0.0,0.0,0.0,0.0,0.0,0.0,0.0,0.0
626,-782.0,0.0,0.0,0.0,0.0,0.0,0.0,0.0,0.0,0.0,0.0,0.0,0.0,0.0,0.0,0.0,0.0,0.0,0.0,0.0,0.0
627,-781.5,0.0,0.0,0.0,0.0,0.0,0.0,0.0,0.0,0.0,0.0,0.0,0.0,0.0,0.0,0.0,0.0,0.0,0.0,0.0,0.0
628,-781.0,0.0,0.0,0.0,0.0,0.0,0.0,0.0,0.0,0.0,0.0,0.0,0.0,0.0,0.0,0.0,0.0,0.0,0.0,0.0,0.0
629,-780.5,0.0,0.0,0.0,0.0,0.0,0.0,0.0,0.0,0.0,0.0,0.0,0.0,0.0,0.0,0.0,0.0,0.0,0.0,0.0,0.0
630,-780.0,0.0,0.0,0.0,0.0,0.0,0.0,0.0,0.0,0.0,0.0,0.0,0.0,0.0,0.0,0.0,0.0,0.0,0.0,0.0,0.0
631,-779.5,0.0,0.0,0.0,0.0,0.0,0.0,0.0,0.0,0.0,0.0,0.0,0.0,0.0,0.0,0.0,0.0,0.0,0.0,0.0,0.0
632,-779.0,0.0,0.0,0.0,0.0,0.0,0.0,0.0,0.0,0.0,0.0,0.0,0.0,0.0,0.0,0.0,0.0,0.0,0.0,0.0,0.0
633,-778.5,0.0,0.0,0.0,0.0,0.0,0.0,0.0,0.0,0.0,0.0,0.0,0.0,0.0,0.0,0.0,0.0,0.0,0.0,0.0,0.0
634,-778.0,0.0,0.0,0.0,0.0,0.0,0.0,0.0,0.0,0.0,0.0,0.0,0.0,0.0,0.0,0.0,0.0,0.0,0.0,0.0,0.0
635,-777.5,0.0,0.0,0.0,0.0,0.0,0.0,0.0,0.0,0.0,0.0,0.0,0.0,0.0,0.0,0.0,0.0,0.0,0.0,0.0,0.0
636,-777.0,0.0,0.0,0.0,0.0,0.0,0.0,0.0,0.0,0.0,0.0,0.0,0.0,0.0,0.0,0.0,0.0,0.0,0.0,0.0,0.0
637,-776.5,0.0,0.0,0.0,0.0,0.0,0.0,0.0,0.0,0.0,0.0,0.0,0.0,0.0,0.0,0.0,0.0,0.0,0.0,0.0,0.0
638,-776.0,0.0,0.0,0.0,0.0,0.0,0.0,0.0,0.0,0.0,0.0,0.0,0.0,0.0,0.0,0.0,0.0,0.0,0.0,0.0,0.0
639,-775.5,0.0,0.0,0.0,0.0,0.0,0.0,0.0,0.0,0.0,0.0,0.0,0.0,0.0,0.0,0.0,0.0,0.0,0.0,0.0,0.0
640,-775.0,0.0,0.0,0.0,0.0,0.0,0.0,0.0,0.0,0.0,0.0,0.0,0.0,0.0,0.0,0.0,0.0,0.0,0.0,0.0,0.0
641,-774.5,0.0,0.0,0.0,0.0,0.0,0.0,0.0,0.0,0.0,0.0,0.0,0.0,0.0,0.0,0.0,0.0,0.0,0.0,0.0,0.0
642,-774.0,0.0,0.0,0.0,0.0,0.0,0.0,0.0,0.0,0.0,0.0,0.0,0.0,0.0,0.0,0.0,0.0,0.0,0.0,0.0,0.0
643,-773.5,0.0,0.0,0.0,0.0,0.0,0.0,0.0,0.0,0.0,0.0,0.0,0.0,0.0,0.0,0.0,0.0,0.0,0.0,0.0,0.0
644,-773.0,0.0,0.0,0.0,0.0,0.0,0.0,0.0,0.0,0.0,0.0,0.0,0.0,0.0,0.0,0.0,0.0,0.0,0.0,0.0,0.0
645,-772.5,0.0,0.0,0.0,0.0,0.0,0.0,0.0,0.0,0.0,0.0,0.0,0.0,0.0,0.0,0.0,0.0,0.0,0.0,0.0,0.0
646,-772.0,0.0,0.0,0.0,0.0,0.0,0.0,0.0,0.0,0.0,0.0,0.0,0.0,0.0,0.0,0.0,0.0,0.0,0.0,0.0,0.0
647,-771.5,0.0,0.0,0.0,0.0,0.0,0.0,0.0,0.0,0.0,0.0,0.0,0.0,0.0,0.0,0.0,0.0,0.0,0.0,0.0,0.0
648,-771.0,0.0,0.0,0.0,0.0,0.0,0.0,0.0,0.0,0.0,0.0,0.0,0.0,0.0,0.0,0.0,0.0,0.0,0.0,0.0,0.0
649,-770.5,0.0,0.0,0.0,0.0,0.0,0.0,0.0,0.0,0.0,0.0,0.0,0.0,0.0,0.0,0.0,0.0,0.0,0.0,0.0,0.0
650,-770.0,0.0,0.0,0.0,0.0,0.0,0.0,0.0,0.0,0.0,0.0,0.0,0.0,0.0,0.0,0.0,0.0,0.0,0.0,0.0,0.0
651,-769.5,0.0,0.0,0.0,0.0,0.0,0.0,0.0,0.0,0.0,0.0,0.0,0.0,0.0,0.0,0.0,0.0,0.0,0.0,0.0,0.0
652,-769.0,0.0,0.0,0.0,0.0,0.0,0.0,0.0,0.0,0.0,0.0,0.0,0.0,0.0,0.0,0.0,0.0,0.0,0.0,0.0,0.0
653,-768.5,0.0,0.0,0.0,0.0,0.0,0.0,0.0,0.0,0.0,0.0,0.0,0.0,0.0,0.0,0.0,0.0,0.0,0.0,0.0,0.0
654,-768.0,0.0,0.0,0.0,0.0,0.0,0.0,0.0,0.0,0.0,0.0,0.0,0.0,0.0,0.0,0.0,0.0,0.0,0.0,0.0,0.0
655,-767.5,0.0,0.0,0.0,0.0,0.0,0.0,0.0,0.0,0.0,0.0,0.0,0.0,0.0,0.0,0.0,0.0,0.0,0.0,0.0,0.0
656,-767.0,0.0,0.0,0.0,0.0,0.0,0.0,0.0,0.0,0.0,0.0,0.0,0.0,0.0,0.0,0.0,0.0,0.0,0.0,0.0,0.0
657,-766.5,0.0,0.0,0.0,0.0,0.0,0.0,0.0,0.0,0.0,0.0,0.0,0.0,0.0,0.0,0.0,0.0,0.0,0.0,0.0,0.0
658,-766.0,0.0,0.0,0.0,0.0,0.0,0.0,0.0,0.0,0.0,0.0,0.0,0.0,0.0,0.0,0.0,0.0,0.0,0.0,0.0,0.0
659,-765.5,0.0,0.0,0.0,0.0,0.0,0.0,0.0,0.0,0.0,0.0,0.0,0.0,0.0,0.0,0.0,0.0,0.0,0.0,0.0,0.0
660,-765.0,0.0,0.0,0.0,0.0,0.0,0.0,0.0,0.0,0.0,0.0,0.0,0.0,0.0,0.0,0.0,0.0,0.0,0.0,0.0,0.0
661,-764.5,0.0,0.0,0.0,0.0,0.0,0.0,0.0,0.0,0.0,0.0,0.0,0.0,0.0,0.0,0.0,0.0,0.0,0.0,0.0,0.0
662,-764.0,0.0,0.0,0.0,0.0,0.0,0.0,0.0,0.0,0.0,0.0,0.0,0.0,0.0,0.0,0.0,0.0,0.0,0.0,0.0,0.0
663,-763.5,0.0,0.0,0.0,0.0,0.0,0.0,0.0,0.0,0.0,0.0,0.0,0.0,0.0,0.0,0.0,0.0,0.0,0.0,0.0,0.0
664,-763.0,0.0,0.0,0.0,0.0,0.0,0.0,0.0,0.0,0.0,0.0,0.0,0.0,0.0,0.0,0.0,0.0,0.0,0.0,0.0,0.0
665,-762.5,0.0,0.0,0.0,0.0,0.0,0.0,0.0,0.0,0.0,0.0,0.0,0.0,0.0,0.0,0.0,0.0,0.0,0.0,0.0,0.0
666,-762.0,0.0,0.0,0.0,0.0,0.0,0.0,0.0,0.0,0.0,0.0,0.0,0.0,0.0,0.0,0.0,0.0,0.0,0.0,0.0,0.0
667,-761.5,0.0,0.0,0.0,0.0,0.0,0.0,0.0,0.0,0.0,0.0,0.0,0.0,0.0,0.0,0.0,0.0,0.0,0.0,0.0,0.0
668,-761.0,0.0,0.0,0.0,0.0,0.0,0.0,0.0,0.0,0.0,0.0,0.0,0.0,0.0,0.0,0.0,0.0,0.0,0.0,0.0,0.0
669,-760.5,0.0,0.0,0.0,0.0,0.0,0.0,0.0,0.0,0.0,0.0,0.0,0.0,0.0,0.0,0.0,0.0,0.0,0.0,0.0,0.0
670,-760.0,0.0,0.0,0.0,0.0,0.0,0.0,0.0,0.0,0.0,0.0,0.0,0.0,0.0,0.0,0.0,0.0,0.0,0.0,0.0,0.0
671,-759.5,0.0,0.0,0.0,0.0,0.0,0.0,0.0,0.0,0.0,0.0,0.0,0.0,0.0,0.0,0.0,0.0,0.0,0.0,0.0,0.0
672,-759.0,0.0,0.0,0.0,0.0,0.0,0.0,0.0,0.0,0.0,0.0,0.0,0.0,0.0,0.0,0.0,0.0,0.0,0.0,0.0,0.0
673,-758.5,0.0,0.0,0.0,0.0,0.0,0.0,0.0,0.0,0.0,0.0,0.0,0.0,0.0,0.0,0.0,0.0,0.0,0.0,0.0,0.0
674,-758.0,0.0,0.0,0.0,0.0,0.0,0.0,0.0,0.0,0.0,0.0,0.0,0.0,0.0,0.0,0.0,0.0,0.0,0.0,0.0,0.0
675,-757.5,0.0,0.0,0.0,0.0,0.0,0.0,0.0,0.0,0.0,0.0,0.0,0.0,0.0,0.0,0.0,0.0,0.0,0.0,0.0,0.0
676,-757.0,0.0,0.0,0.0,0.0,0.0,0.0,0.0,0.0,0.0,0.0,0.0,0.0,0.0,0.0,0.0,0.0,0.0,0.0,0.0,0.0
677,-756.5,0.0,0.0,0.0,0.0,0.0,0.0,0.0,0.0,0.0,0.0,0.0,0.0,0.0,0.0,0.0,0.0,0.0,0.0,0.0,0.0
678,-756.0,0.0,0.0,0.0,0.0,0.0,0.0,0.0,0.0,0.0,0.0,0.0,0.0,0.0,0.0,0.0,0.0,0.0,0.0,0.0,0.0
679,-755.5,0.0,0.0,0.0,0.0,0.0,0.0,0.0,0.0,0.0,0.0,0.0,0.0,0.0,0.0,0.0,0.0,0.0,0.0,0.0,0.0
680,-755.0,0.0,0.0,0.0,0.0,0.0,0.0,0.0,0.0,0.0,0.0,0.0,0.0,0.0,0.0,0.0,0.0,0.0,0.0,0.0,0.0
681,-754.5,0.0,0.0,0.0,0.0,0.0,0.0,0.0,0.0,0.0,0.0,0.0,0.0,0.0,0.0,0.0,0.0,0.0,0.0,0.0,0.0
682,-754.0,0.0,0.0,0.0,0.0,0.0,0.0,0.0,0.0,0.0,0.0,0.0,0.0,0.0,0.0,0.0,0.0,0.0,0.0,0.0,0.0
683,-753.5,0.0,0.0,0.0,0.0,0.0,0.0,0.0,0.0,0.0,0.0,0.0,0.0,0.0,0.0,0.0,0.0,0.0,0.0,0.0,0.0
684,-753.0,0.0,0.0,0.0,0.0,0.0,0.0,0.0,0.0,0.0,0.0,0.0,0.0,0.0,0.0,0.0,0.0,0.0,0.0,0.0,0.0
685,-752.5,0.0,0.0,0.0,0.0,0.0,0.0,0.0,0.0,0.0,0.0,0.0,0.0,0.0,0.0,0.0,0.0,0.0,0.0,0.0,0.0
686,-752.0,0.0,0.0,0.0,0.0,0.0,0.0,0.0,0.0,0.0,0.0,0.0,0.0,0.0,0.0,0.0,0.0,0.0,0.0,0.0,0.0
687,-751.5,0.0,0.0,0.0,0.0,0.0,0.0,0.0,0.0,0.0,0.0,0.0,0.0,0.0,0.0,0.0,0.0,0.0,0.0,0.0,0.0
688,-751.0,0.0,0.0,0.0,0.0,0.0,0.0,0.0,0.0,0.0,0.0,0.0,0.0,0.0,0.0,0.0,0.0,0.0,0.0,0.0,0.0
689,-750.5,0.0,0.0,0.0,0.0,0.0,0.0,0.0,0.0,0.0,0.0,0.0,0.0,0.0,0.0,0.0,0.0,0.0,0.0,0.0,0.0
690,-750.0,0.0,0.0,0.0,0.0,0.0,0.0,0.0,0.0,0.0,0.0,0.0,0.0,0.0,0.0,0.0,0.0,0.0,0.0,0.0,0.0
691,-749.5,0.0,0.0,0.0,0.0,0.0,0.0,0.0,0.0,0.0,0.0,0.0,0.0,0.0,0.0,0.0,0.0,0.0,0.0,0.0,0.0
692,-749.0,0.0,0.0,0.0,0.0,0.0,0.0,0.0,0.0,0.0,0.0,0.0,0.0,0.0,0.0,0.0,0.0,0.0,0.0,0.0,0.0
693,-748.5,0.0,0.0,0.0,0.0,0.0,0.0,0.0,0.0,0.0,0.0,0.0,0.0,0.0,0.0,0.0,0.0,0.0,0.0,0.0,0.0
694,-748.0,0.0,0.0,0.0,0.0,0.0,0.0,0.0,0.0,0.0,0.0,0.0,0.0,0.0,0.0,0.0,0.0,0.0,0.0,0.0,0.0
695,-747.5,0.0,0.0,0.0,0.0,0.0,0.0,0.0,0.0,0.0,0.0,0.0,0.0,0.0,0.0,0.0,0.0,0.0,0.0,0.0,0.0
696,-747.0,0.0,0.0,0.0,0.0,0.0,0.0,0.0,0.0,0.0,0.0,0.0,0.0,0.0,0.0,0.0,0.0,0.0,0.0,0.0,0.0
697,-746.5,0.0,0.0,0.0,0.0,0.0,0.0,0.0,0.0,0.0,0.0,0.0,0.0,0.0,0.0,0.0,0.0,0.0,0.0,0.0,0.0
698,-746.0,0.0,0.0,0.0,0.0,0.0,0.0,0.0,0.0,0.0,0.0,0.0,0.0,0.0,0.0,0.0,0.0,0.0,0.0,0.0,0.0
699,-745.5,0.0,0.0,0.0,0.0,0.0,0.0,0.0,0.0,0.0,0.0,0.0,0.0,0.0,0.0,0.0,0.0,0.0,0.0,0.0,0.0
700,-745.0,0.0,0.0,0.0,0.0,0.0,0.0,0.0,0.0,0.0,0.0,0.0,0.0,0.0,0.0,0.0,0.0,0.0,0.0,0.0,0.0
701,-744.5,0.0,0.0,0.0,0.0,0.0,0.0,0.0,0.0,0.0,0.0,0.0,0.0,0.0,0.0,0.0,0.0,0.0,0.0,0.0,0.0
702,-744.0,0.0,0.0,0.0,0.0,0.0,0.0,0.0,0.0,0.0,0.0,0.0,0.0,0.0,0.0,0.0,0.0,0.0,0.0,0.0,0.0
703,-743.5,0.0,0.0,0.0,0.0,0.0,0.0,0.0,0.0,0.0,0.0,0.0,0.0,0.0,0.0,0.0,0.0,0.0,0.0,0.0,0.0
704,-743.0,0.0,0.0,0.0,0.0,0.0,0.0,0.0,0.0,0.0,0.0,0.0,0.0,0.0,0.0,0.0,0.0,0.0,0.0,0.0,0.0
705,-742.5,0.0,0.0,0.0,0.0,0.0,0.0,0.0,0.0,0.0,0.0,0.0,0.0,0.0,0.0,0.0,0.0,0.0,0.0,0.0,0.0
706,-742.0,0.0,0.0,0.0,0.0,0.0,0.0,0.0,0.0,0.0,0.0,0.0,0.0,0.0,0.0,0.0,0.0,0.0,0.0,0.0,0.0
707,-741.5,0.0,0.0,0.0,0.0,0.0,0.0,0.0,0.0,0.0,0.0,0.0,0.0,0.0,0.0,0.0,0.0,0.0,0.0,0.0,0.0
708,-741.0,0.0,0.0,0.0,0.0,0.0,0.0,0.0,0.0,0.0,0.0,0.0,0.0,0.0,0.0,0.0,0.0,0.0,0.0,0.0,0.0
709,-740.5,0.0,0.0,0.0,0.0,0.0,0.0,0.0,0.0,0.0,0.0,0.0,0.0,0.0,0.0,0.0,0.0,0.0,0.0,0.0,0.0
710,-740.0,0.0,0.0,0.0,0.0,0.0,0.0,0.0,0.0,0.0,0.0,0.0,0.0,0.0,0.0,0.0,0.0,0.0,0.0,0.0,0.0
711,-739.5,0.0,0.0,0.0,0.0,0.0,0.0,0.0,0.0,0.0,0.0,0.0,0.0,0.0,0.0,0.0,0.0,0.0,0.0,0.0,0.0
712,-739.0,0.0,0.0,0.0,0.0,0.0,0.0,0.0,0.0,0.0,0.0,0.0,0.0,0.0,0.0,0.0,0.0,0.0,0.0,0.0,0.0
713,-738.5,0.0,0.0,0.0,0.0,0.0,0.0,0.0,0.0,0.0,0.0,0.0,0.0,0.0,0.0,0.0,0.0,0.0,0.0,0.0,0.0
714,-738.0,0.0,0.0,0.0,0.0,0.0,0.0,0.0,0.0,0.0,0.0,0.0,0.0,0.0,0.0,0.0,0.0,0.0,0.0,0.0,0.0
715,-737.5,0.0,0.0,0.0,0.0,0.0,0.0,0.0,0.0,0.0,0.0,0.0,0.0,0.0,0.0,0.0,0.0,0.0,0.0,0.0,0.0
716,-737.0,0.0,0.0,0.0,0.0,0.0,0.0,0.0,0.0,0.0,0.0,0.0,0.0,0.0,0.0,0.0,0.0,0.0,0.0,0.0,0.0
717,-736.5,0.0,0.0,0.0,0.0,0.0,0.0,0.0,0.0,0.0,0.0,0.0,0.0,0.0,0.0,0.0,0.0,0.0,0.0,0.0,0.0
718,-736.0,0.0,0.0,0.0,0.0,0.0,0.0,0.0,0.0,0.0,0.0,0.0,0.0,0.0,0.0,0.0,0.0,0.0,0.0,0.0,0.0
719,-735.5,0.0,0.0,0.0,0.0,0.0,0.0,0.0,0.0,0.0,0.0,0.0,0.0,0.0,0.0,0.0,0.0,0.0,0.0,0.0,0.0
720,-735.0,0.0,0.0,0.0,0.0,0.0,0.0,0.0,0.0,0.0,0.0,0.0,0.0,0.0,0.0,0.0,0.0,0.0,0.0,0.0,0.0
721,-734.5,0.0,0.0,0.0,0.0,0.0,0.0,0.0,0.0,0.0,0.0,0.0,0.0,0.0,0.0,0.0,0.0,0.0,0.0,0.0,0.0
722,-734.0,0.0,0.0,0.0,0.0,0.0,0.0,0.0,0.0,0.0,0.0,0.0,0.0,0.0,0.0,0.0,0.0,0.0,0.0,0.0,0.0
723,-733.5,0.0,0.0,0.0,0.0,0.0,0.0,0.0,0.0,0.0,0.0,0.0,0.0,0.0,0.0,0.0,0.0,0.0,0.0,0.0,0.0
724,-733.0,0.0,0.0,0.0,0.0,0.0,0.0,0.0,0.0,0.0,0.0,0.0,0.0,0.0,0.0,0.0,0.0,0.0,0.0,0.0,0.0
725,-732.5,0.0,0.0,0.0,0.0,0.0,0.0,0.0,0.0,0.0,0.0,0.0,0.0,0.0,0.0,0.0,0.0,0.0,0.0,0.0,0.0
726,-732.0,0.0,0.0,0.0,0.0,0.0,0.0,0.0,0.0,0.0,0.0,0.0,0.0,0.0,0.0,0.0,0.0,0.0,0.0,0.0,0.0
727,-731.5,0.0,0.0,0.0,0.0,0.0,0.0,0.0,0.0,0.0,0.0,0.0,0.0,0.0,0.0,0.0,0.0,0.0,0.0,0.0,0.0
728,-731.0,0.0,0.0,0.0,0.0,0.0,0.0,0.0,0.0,0.0,0.0,0.0,0.0,0.0,0.0,0.0,0.0,0.0,0.0,0.0,0.0
729,-730.5,0.0,0.0,0.0,0.0,0.0,0.0,0.0,0.0,0.0,0.0,0.0,0.0,0.0,0.0,0.0,0.0,0.0,0.0,0.0,0.0
730,-730.0,0.0,0.0,0.0,0.0,0.0,0.0,0.0,0.0,0.0,0.0,0.0,0.0,0.0,0.0,0.0,0.0,0.0,0.0,0.0,0.0
731,-729.5,0.0,0.0,0.0,0.0,0.0,0.0,0.0,0.0,0.0,0.0,0.0,0.0,0.0,0.0,0.0,0.0,0.0,0.0,0.0,0.0
732,-729.0,0.0,0.0,0.0,0.0,0.0,0.0,0.0,0.0,0.0,0.0,0.0,0.0,0.0,0.0,0.0,0.0,0.0,0.0,0.0,0.0
733,-728.5,0.0,0.0,0.0,0.0,0.0,0.0,0.0,0.0,0.0,0.0,0.0,0.0,0.0,0.0,0.0,0.0,0.0,0.0,0.0,0.0
734,-728.0,0.0,0.0,0.0,0.0,0.0,0.0,0.0,0.0,0.0,0.0,0.0,0.0,0.0,0.0,0.0,0.0,0.0,0.0,0.0,0.0
735,-727.5,0.0,0.0,0.0,0.0,0.0,0.0,0.0,0.0,0.0,0.0,0.0,0.0,0.0,0.0,0.0,0.0,0.0,0.0,0.0,0.0
736,-727.0,0.0,0.0,0.0,0.0,0.0,0.0,0.0,0.0,0.0,0.0,0.0,0.0,0.0,0.0,0.0,0.0,0.0,0.0,0.0,0.0
737,-726.5,0.0,0.0,0.0,0.0,0.0,0.0,0.0,0.0,0.0,0.0,0.0,0.0,0.0,0.0,0.0,0.0,0.0,0.0,0.0,0.0
738,-726.0,0.0,0.0,0.0,0.0,0.0,0.0,0.0,0.0,0.0,0.0,0.0,0.0,0.0,0.0,0.0,0.0,0.0,0.0,0.0,0.0
739,-725.5,0.0,0.0,0.0,0.0,0.0,0.0,0.0,0.0,0.0,0.0,0.0,0.0,0.0,0.0,0.0,0.0,0.0,0.0,0.0,0.0
740,-725.0,0.0,0.0,0.0,0.0,0.0,0.0,0.0,0.0,0.0,0.0,0.0,0.0,0.0,0.0,0.0,0.0,0.0,0.0,0.0,0.0
741,-724.5,0.0,0.0,0.0,0.0,0.0,0.0,0.0,0.0,0.0,0.0,0.0,0.0,0.0,0.0,0.0,0.0,0.0,0.0,0.0,0.0
742,-724.0,0.0,0.0,0.0,0.0,0.0,0.0,0.0,0.0,0.0,0.0,0.0,0.0,0.0,0.0,0.0,0.0,0.0,0.0,0.0,0.0
743,-723.5,0.0,0.0,0.0,0.0,0.0,0.0,0.0,0.0,0.0,0.0,0.0,0.0,0.0,0.0,0.0,0.0,0.0,0.0,0.0,0.0
744,-723.0,0.0,0.0,0.0,0.0,0.0,0.0,0.0,0.0,0.0,0.0,0.0,0.0,0.0,0.0,0.0,0.0,0.0,0.0,0.0,0.0
745,-722.5,0.0,0.0,0.0,0.0,0.0,0.0,0.0,0.0,0.0,0.0,0.0,0.0,0.0,0.0,0.0,0.0,0.0,0.0,0.0,0.0
746,-722.0,0.0,0.0,0.0,0.0,0.0,0.0,0.0,0.0,0.0,0.0,0.0,0.0,0.0,0.0,0.0,0.0,0.0,0.0,0.0,0.0
747,-721.5,0.0,0.0,0.0,0.0,0.0,0.0,0.0,0.0,0.0,0.0,0.0,0.0,0.0,0.0,0.0,0.0,0.0,0.0,0.0,0.0
748,-721.0,0.0,0.0,0.0,0.0,0.0,0.0,0.0,0.0,0.0,0.0,0.0,0.0,0.0,0.0,0.0,0.0,0.0,0.0,0.0,0.0
749,-720.5,0.0,0.0,0.0,0.0,0.0,0.0,0.0,0.0,0.0,0.0,0.0,0.0,0.0,0.0,0.0,0.0,0.0,0.0,0.0,0.0
750,-720.0,0.0,0.0,0.0,0.0,0.0,0.0,0.0,0.0,0.0,0.0,0.0,0.0,0.0,0.0,0.0,0.0,0.0,0.0,0.0,0.0
751,-719.5,0.0,0.0,0.0,0.0,0.0,0.0,0.0,0.0,0.0,0.0,0.0,0.0,0.0,0.0,0.0,0.0,0.0,0.0,0.0,0.0
752,-719.0,0.0,0.0,0.0,0.0,0.0,0.0,0.0,0.0,0.0,0.0,0.0,0.0,0.0,0.0,0.0,0.0,0.0,0.0,0.0,0.0
753,-718.5,0.0,0.0,0.0,0.0,0.0,0.0,0.0,0.0,0.0,0.0,0.0,0.0,0.0,0.0,0.0,0.0,0.0,0.0,0.0,0.0
754,-718.0,0.0,0.0,0.0,0.0,0.0,0.0,0.0,0.0,0.0,0.0,0.0,0.0,0.0,0.0,0.0,0.0,0.0,0.0,0.0,0.0
755,-717.5,0.0,0.0,0.0,0.0,0.0,0.0,0.0,0.0,0.0,0.0,0.0,0.0,0.0,0.0,0.0,0.0,0.0,0.0,0.0,0.0
756,-717.0,0.0,0.0,0.0,0.0,0.0,0.0,0.0,0.0,0.0,0.0,0.0,0.0,0.0,0.0,0.0,0.0,0.0,0.0,0.0,0.0
757,-716.5,0.0,0.0,0.0,0.0,0.0,0.0,0.0,0.0,0.0,0.0,0.0,0.0,0.0,0.0,0.0,0.0,0.0,0.0,0.0,0.0
758,-716.0,0.0,0.0,0.0,0.0,0.0,0.0,0.0,0.0,0.0,0.0,0.0,0.0,0.0,0.0,0.0,0.0,0.0,0.0,0.0,0.0
759,-715.5,0.0,0.0,0.0,0.0,0.0,0.0,0.0,0.0,0.0,0.0,0.0,0.0,0.0,0.0,0.0,0.0,0.0,0.0,0.0,0.0
760,-715.0,0.0,0.0,0.0,0.0,0.0,0.0,0.0,0.0,0.0,0.0,0.0,0.0,0.0,0.0,0.0,0.0,0.0,0.0,0.0,0.0
761,-714.5,0.0,0.0,0.0,0.0,0.0,0.0,0.0,0.0,0.0,0.0,0.0,0.0,0.0,0.0,0.0,0.0,0.0,0.0,0.0,0.0
762,-714.0,0.0,0.0,0.0,0.0,0.0,0.0,0.0,0.0,0.0,0.0,0.0,0.0,0.0,0.0,0.0,0.0,0.0,0.0,0.0,0.0
763,-713.5,0.0,0.0,0.0,0.0,0.0,0.0,0.0,0.0,0.0,0.0,0.0,0.0,0.0,0.0,0.0,0.0,0.0,0.0,0.0,0.0
764,-713.0,0.0,0.0,0.0,0.0,0.0,0.0,0.0,0.0,0.0,0.0,0.0,0.0,0.0,0.0,0.0,0.0,0.0,0.0,0.0,0.0
765,-712.5,0.0,0.0,0.0,0.0,0.0,0.0,0.0,0.0,0.0,0.0,0.0,0.0,0.0,0.0,0.0,0.0,0.0,0.0,0.0,0.0
766,-712.0,0.0,0.0,0.0,0.0,0.0,0.0,0.0,0.0,0.0,0.0,0.0,0.0,0.0,0.0,0.0,0.0,0.0,0.0,0.0,0.0
767,-711.5,0.0,0.0,0.0,0.0,0.0,0.0,0.0,0.0,0.0,0.0,0.0,0.0,0.0,0.0,0.0,0.0,0.0,0.0,0.0,0.0
768,-711.0,0.0,0.0,0.0,0.0,0.0,0.0,0.0,0.0,0.0,0.0,0.0,0.0,0.0,0.0,0.0,0.0,0.0,0.0,0.0,0.0
769,-710.5,0.0,0.0,0.0,0.0,0.0,0.0,0.0,0.0,0.0,0.0,0.0,0.0,0.0,0.0,0.0,0.0,0.0,0.0,0.0,0.0
770,-710.0,0.0,0.0,0.0,0.0,0.0,0.0,0.0,0.0,0.0,0.0,0.0,0.0,0.0,0.0,0.0,0.0,0.0,0.0,0.0,0.0
771,-709.5,0.0,0.0,0.0,0.0,0.0,0.0,0.0,0.0,0.0,0.0,0.0,0.0,0.0,0.0,0.0,0.0,0.0,0.0,0.0,0.0
772,-709.0,0.0,0.0,0.0,0.0,0.0,0.0,0.0,0.0,0.0,0.0,0.0,0.0,0.0,0.0,0.0,0.0,0.0,0.0,0.0,0.0
773,-708.5,0.0,0.0,0.0,0.0,0.0,0.0,0.0,0.0,0.0,0.0,0.0,0.0,0.0,0.0,0.0,0.0,0.0,0.0,0.0,0.0
774,-708.0,0.0,0.0,0.0,0.0,0.0,0.0,0.0,0.0,0.0,0.0,0.0,0.0,0.0,0.0,0.0,0.0,0.0,0.0,0.0,0.0
775,-707.5,0.0,0.0,0.0,0.0,0.0,0.0,0.0,0.0,0.0,0.0,0.0,0.0,0.0,0.0,0.0,0.0,0.0,0.0,0.0,0.0
776,-707.0,0.0,0.0,0.0,0.0,0.0,0.0,0.0,0.0,0.0,0.0,0.0,0.0,0.0,0.0,0.0,0.0,0.0,0.0,0.0,0.0
777,-706.5,0.0,0.0,0.0,0.0,0.0,0.0,0.0,0.0,0.0,0.0,0.0,0.0,0.0,0.0,0.0,0.0,0.0,0.0,0.0,0.0
778,-706.0,0.0,0.0,0.0,0.0,0.0,0.0,0.0,0.0,0.0,0.0,0.0,0.0,0.0,0.0,0.0,0.0,0.0,0.0,0.0,0.0
779,-705.5,0.0,0.0,0.0,0.0,0.0,0.0,0.0,0.0,0.0,0.0,0.0,0.0,0.0,0.0,0.0,0.0,0.0,0.0,0.0,0.0
780,-705.0,0.0,0.0,0.0,0.0,0.0,0.0,0.0,0.0,0.0,0.0,0.0,0.0,0.0,0.0,0.0,0.0,0.0,0.0,0.0,0.0
781,-704.5,0.0,0.0,0.0,0.0,0.0,0.0,0.0,0.0,0.0,0.0,0.0,0.0,0.0,0.0,0.0,0.0,0.0,0.0,0.0,0.0
782,-704.0,0.0,0.0,0.0,0.0,0.0,0.0,0.0,0.0,0.0,0.0,0.0,0.0,0.0,0.0,0.0,0.0,0.0,0.0,0.0,0.0
783,-703.5,0.0,0.0,0.0,0.0,0.0,0.0,0.0,0.0,0.0,0.0,0.0,0.0,0.0,0.0,0.0,0.0,0.0,0.0,0.0,0.0
784,-703.0,0.0,0.0,0.0,0.0,0.0,0.0,0.0,0.0,0.0,0.0,0.0,0.0,0.0,0.0,0.0,0.0,0.0,0.0,0.0,0.0
785,-702.5,0.0,0.0,0.0,0.0,0.0,0.0,0.0,0.0,0.0,0.0,0.0,0.0,0.0,0.0,0.0,0.0,0.0,0.0,0.0,0.0
786,-702.0,0.0,0.0,0.0,0.0,0.0,0.0,0.0,0.0,0.0,0.0,0.0,0.0,0.0,0.0,0.0,0.0,0.0,0.0,0.0,0.0
787,-701.5,0.0,0.0,0.0,0.0,0.0,0.0,0.0,0.0,0.0,0.0,0.0,0.0,0.0,0.0,0.0,0.0,0.0,0.0,0.0,0.0
788,-701.0,0.0,0.0,0.0,0.0,0.0,0.0,0.0,0.0,0.0,0.0,0.0,0.0,0.0,0.0,0.0,0.0,0.0,0.0,0.0,0.0
789,-700.5,0.0,0.0,0.0,0.0,0.0,0.0,0.0,0.0,0.0,0.0,0.0,0.0,0.0,0.0,0.0,0.0,0.0,0.0,0.0,0.0
790,-700.0,0.0,0.0,0.0,0.0,0.0,0.0,0.0,0.0,0.0,0.0,0.0,0.0,0.0,0.0,0.0,0.0,0.0,0.0,0.0,0.0
791,-699.5,0.0,0.0,0.0,0.0,0.0,0.0,0.0,0.0,0.0,0.0,0.0,0.0,0.0,0.0,0.0,0.0,0.0,0.0,0.0,0.0
792,-699.0,0.0,0.0,0.0,0.0,0.0,0.0,0.0,0.0,0.0,0.0,0.0,0.0,0.0,0.0,0.0,0.0,0.0,0.0,0.0,0.0
793,-698.5,0.0,0.0,0.0,0.0,0.0,0.0,0.0,0.0,0.0,0.0,0.0,0.0,0.0,0.0,0.0,0.0,0.0,0.0,0.0,0.0
794,-698.0,0.0,0.0,0.0,0.0,0.0,0.0,0.0,0.0,0.0,0.0,0.0,0.0,0.0,0.0,0.0,0.0,0.0,0.0,0.0,0.0
795,-697.5,0.0,0.0,0.0,0.0,0.0,0.0,0.0,0.0,0.0,0.0,0.0,0.0,0.0,0.0,0.0,0.0,0.0,0.0,0.0,0.0
796,-697.0,0.0,0.0,0.0,0.0,0.0,0.0,0.0,0.0,0.0,0.0,0.0,0.0,0.0,0.0,0.0,0.0,0.0,0.0,0.0,0.0
797,-696.5,0.0,0.0,0.0,0.0,0.0,0.0,0.0,0.0,0.0,0.0,0.0,0.0,0.0,0.0,0.0,0.0,0.0,0.0,0.0,0.0
798,-696.0,0.0,0.0,0.0,0.0,0.0,0.0,0.0,0.0,0.0,0.0,0.0,0.0,0.0,0.0,0.0,0.0,0.0,0.0,0.0,0.0
799,-695.5,0.0,0.0,0.0,0.0,0.0,0.0,0.0,0.0,0.0,0.0,0.0,0.0,0.0,0.0,0.0,0.0,0.0,0.0,0.0,0.0
800,-695.0,0.0,0.0,0.0,0.0,0.0,0.0,0.0,0.0,0.0,0.0,0.0,0.0,0.0,0.0,0.0,0.0,0.0,0.0,0.0,0.0
801,-694.5,0.0,0.0,0.0,0.0,0.0,0.0,0.0,0.0,0.0,0.0,0.0,0.0,0.0,0.0,0.0,0.0,0.0,0.0,0.0,0.0
802,-694.0,0.0,0.0,0.0,0.0,0.0,0.0,0.0,0.0,0.0,0.0,0.0,0.0,0.0,0.0,0.0,0.0,0.0,0.0,0.0,0.0
803,-693.5,0.0,0.0,0.0,0.0,0.0,0.0,0.0,0.0,0.0,0.0,0.0,0.0,0.0,0.0,0.0,0.0,0.0,0.0,0.0,0.0
804,-693.0,0.0,0.0,0.0,0.0,0.0,0.0,0.0,0.0,0.0,0.0,0.0,0.0,0.0,0.0,0.0,0.0,0.0,0.0,0.0,0.0
805,-692.5,0.0,0.0,0.0,0.0,0.0,0.0,0.0,0.0,0.0,0.0,0.0,0.0,0.0,0.0,0.0,0.0,0.0,0.0,0.0,0.0
806,-692.0,0.0,0.0,0.0,0.0,0.0,0.0,0.0,0.0,0.0,0.0,0.0,0.0,0.0,0.0,0.0,0.0,0.0,0.0,0.0,0.0
807,-691.5,0.0,0.0,0.0,0.0,0.0,0.0,0.0,0.0,0.0,0.0,0.0,0.0,0.0,0.0,0.0,0.0,0.0,0.0,0.0,0.0
808,-691.0,0.0,0.0,0.0,0.0,0.0,0.0,0.0,0.0,0.0,0.0,0.0,0.0,0.0,0.0,0.0,0.0,0.0,0.0,0.0,0.0
809,-690.5,0.0,0.0,0.0,0.0,0.0,0.0,0.0,0.0,0.0,0.0,0.0,0.0,0.0,0.0,0.0,0.0,0.0,0.0,0.0,0.0
810,-690.0,0.0,0.0,0.0,0.0,0.0,0.0,0.0,0.0,0.0,0.0,0.0,0.0,0.0,0.0,0.0,0.0,0.0,0.0,0.0,0.0
811,-689.5,0.0,0.0,0.0,0.0,0.0,0.0,0.0,0.0,0.0,0.0,0.0,0.0,0.0,0.0,0.0,0.0,0.0,0.0,0.0,0.0
812,-689.0,0.0,0.0,0.0,0.0,0.0,0.0,0.0,0.0,0.0,0.0,0.0,0.0,0.0,0.0,0.0,0.0,0.0,0.0,0.0,0.0
813,-688.5,0.0,0.0,0.0,0.0,0.0,0.0,0.0,0.0,0.0,0.0,0.0,0.0,0.0,0.0,0.0,0.0,0.0,0.0,0.0,0.0
814,-688.0,0.0,0.0,0.0,0.0,0.0,0.0,0.0,0.0,0.0,0.0,0.0,0.0,0.0,0.0,0.0,0.0,0.0,0.0,0.0,0.0
815,-687.5,0.0,0.0,0.0,0.0,0.0,0.0,0.0,0.0,0.0,0.0,0.0,0.0,0.0,0.0,0.0,0.0,0.0,0.0,0.0,0.0
816,-687.0,0.0,0.0,0.0,0.0,0.0,0.0,0.0,0.0,0.0,0.0,0.0,0.0,0.0,0.0,0.0,0.0,0.0,0.0,0.0,0.0
817,-686.5,0.0,0.0,0.0,0.0,0.0,0.0,0.0,0.0,0.0,0.0,0.0,0.0,0.0,0.0,0.0,0.0,0.0,0.0,0.0,0.0
818,-686.0,0.0,0.0,0.0,0.0,0.0,0.0,0.0,0.0,0.0,0.0,0.0,0.0,0.0,0.0,0.0,0.0,0.0,0.0,0.0,0.0
819,-685.5,0.0,0.0,0.0,0.0,0.0,0.0,0.0,0.0,0.0,0.0,0.0,0.0,0.0,0.0,0.0,0.0,0.0,0.0,0.0,0.0
820,-685.0,0.0,0.0,0.0,0.0,0.0,0.0,0.0,0.0,0.0,0.0,0.0,0.0,0.0,0.0,0.0,0.0,0.0,0.0,0.0,0.0
821,-684.5,0.0,0.0,0.0,0.0,0.0,0.0,0.0,0.0,0.0,0.0,0.0,0.0,0.0,0.0,0.0,0.0,0.0,0.0,0.0,0.0
822,-684.0,0.0,0.0,0.0,0.0,0.0,0.0,0.0,0.0,0.0,0.0,0.0,0.0,0.0,0.0,0.0,0.0,0.0,0.0,0.0,0.0
823,-683.5,0.0,0.0,0.0,0.0,0.0,0.0,0.0,0.0,0.0,0.0,0.0,0.0,0.0,0.0,0.0,0.0,0.0,0.0,0.0,0.0
824,-683.0,0.0,0.0,0.0,0.0,0.0,0.0,0.0,0.0,0.0,0.0,0.0,0.0,0.0,0.0,0.0,0.0,0.0,0.0,0.0,0.0
825,-682.5,0.0,0.0,0.0,0.0,0.0,0.0,0.0,0.0,0.0,0.0,0.0,0.0,0.0,0.0,0.0,0.0,0.0,0.0,0.0,0.0
826,-682.0,0.0,0.0,0.0,0.0,0.0,0.0,0.0,0.0,0.0,0.0,0.0,0.0,0.0,0.0,0.0,0.0,0.0,0.0,0.0,0.0
827,-681.5,0.0,0.0,0.0,0.0,0.0,0.0,0.0,0.0,0.0,0.0,0.0,0.0,0.0,0.0,0.0,0.0,0.0,0.0,0.0,0.0
828,-681.0,0.0,0.0,0.0,0.0,0.0,0.0,0.0,0.0,0.0,0.0,0.0,0.0,0.0,0.0,0.0,0.0,0.0,0.0,0.0,0.0
829,-680.5,0.0,0.0,0.0,0.0,0.0,0.0,0.0,0.0,0.0,0.0,0.0,0.0,0.0,0.0,0.0,0.0,0.0,0.0,0.0,0.0
830,-680.0,0.0,0.0,0.0,0.0,0.0,0.0,0.0,0.0,0.0,0.0,0.0,0.0,0.0,0.0,0.0,0.0,0.0,0.0,0.0,0.0
831,-679.5,0.0,0.0,0.0,0.0,0.0,0.0,0.0,0.0,0.0,0.0,0.0,0.0,0.0,0.0,0.0,0.0,0.0,0.0,0.0,0.0
832,-679.0,0.0,0.0,0.0,0.0,0.0,0.0,0.0,0.0,0.0,0.0,0.0,0.0,0.0,0.0,0.0,0.0,0.0,0.0,0.0,0.0
833,-678.5,0.0,0.0,0.0,0.0,0.0,0.0,0.0,0.0,0.0,0.0,0.0,0.0,0.0,0.0,0.0,0.0,0.0,0.0,0.0,0.0
834,-678.0,0.0,0.0,0.0,0.0,0.0,0.0,0.0,0.0,0.0,0.0,0.0,0.0,0.0,0.0,0.0,0.0,0.0,0.0,0.0,0.0
835,-677.5,0.0,0.0,0.0,0.0,0.0,0.0,0.0,0.0,0.0,0.0,0.0,0.0,0.0,0.0,0.0,0.0,0.0,0.0,0.0,0.0
836,-677.0,0.0,0.0,0.0,0.0,0.0,0.0,0.0,0.0,0.0,0.0,0.0,0.0,0.0,0.0,0.0,0.0,0.0,0.0,0.0,0.0
837,-676.5,0.0,0.0,0.0,0.0,0.0,0.0,0.0,0.0,0.0,0.0,0.0,0.0,0.0,0.0,0.0,0.0,0.0,0.0,0.0,0.0
838,-676.0,0.0,0.0,0.0,0.0,0.0,0.0,0.0,0.0,0.0,0.0,0.0,0.0,0.0,0.0,0.0,0.0,0.0,0.0,0.0,0.0
839,-675.5,0.0,0.0,0.0,0.0,0.0,0.0,0.0,0.0,0.0,0.0,0.0,0.0,0.0,0.0,0.0,0.0,0.0,0.0,0.0,0.0
840,-675.0,0.0,0.0,0.0,0.0,0.0,0.0,0.0,0.0,0.0,0.0,0.0,0.0,0.0,0.0,0.0,0.0,0.0,0.0,0.0,0.0
841,-674.5,0.0,0.0,0.0,0.0,0.0,0.0,0.0,0.0,0.0,0.0,0.0,0.0,0.0,0.0,0.0,0.0,0.0,0.0,0.0,0.0
842,-674.0,0.0,0.0,0.0,0.0,0.0,0.0,0.0,0.0,0.0,0.0,0.0,0.0,0.0,0.0,0.0,0.0,0.0,0.0,0.0,0.0
843,-673.5,0.0,0.0,0.0,0.0,0.0,0.0,0.0,0.0,0.0,0.0,0.0,0.0,0.0,0.0,0.0,0.0,0.0,0.0,0.0,0.0
844,-673.0,0.0,0.0,0.0,0.0,0.0,0.0,0.0,0.0,0.0,0.0,0.0,0.0,0.0,0.0,0.0,0.0,0.0,0.0,0.0,0.0
845,-672.5,0.0,0.0,0.0,0.0,0.0,0.0,0.0,0.0,0.0,0.0,0.0,0.0,0.0,0.0,0.0,0.0,0.0,0.0,0.0,0.0
846,-672.0,0.0,0.0,0.0,0.0,0.0,0.0,0.0,0.0,0.0,0.0,0.0,0.0,0.0,0.0,0.0,0.0,0.0,0.0,0.0,0.0
847,-671.5,0.0,0.0,0.0,0.0,0.0,0.0,0.0,0.0,0.0,0.0,0.0,0.0,0.0,0.0,0.0,0.0,0.0,0.0,0.0,0.0
848,-671.0,0.0,0.0,0.0,0.0,0.0,0.0,0.0,0.0,0.0,0.0,0.0,0.0,0.0,0.0,0.0,0.0,0.0,0.0,0.0,0.0
849,-670.5,0.0,0.0,0.0,0.0,0.0,0.0,0.0,0.0,0.0,0.0,0.0,0.0,0.0,0.0,0.0,0.0,0.0,0.0,0.0,0.0
850,-670.0,0.0,0.0,0.0,0.0,0.0,0.0,0.0,0.0,0.0,0.0,0.0,0.0,0.0,0.0,0.0,0.0,0.0,0.0,0.0,0.0
851,-669.5,0.0,0.0,0.0,0.0,0.0,0.0,0.0,0.0,0.0,0.0,0.0,0.0,0.0,0.0,0.0,0.0,0.0,0.0,0.0,0.0
852,-669.0,0.0,0.0,0.0,0.0,0.0,0.0,0.0,0.0,0.0,0.0,0.0,0.0,0.0,0.0,0.0,0.0,0.0,0.0,0.0,0.0
853,-668.5,0.0,0.0,0.0,0.0,0.0,0.0,0.0,0.0,0.0,0.0,0.0,0.0,0.0,0.0,0.0,0.0,0.0,0.0,0.0,0.0
854,-668.0,0.0,0.0,0.0,0.0,0.0,0.0,0.0,0.0,0.0,0.0,0.0,0.0,0.0,0.0,0.0,0.0,0.0,0.0,0.0,0.0
855,-667.5,0.0,0.0,0.0,0.0,0.0,0.0,0.0,0.0,0.0,0.0,0.0,0.0,0.0,0.0,0.0,0.0,0.0,0.0,0.0,0.0
856,-667.0,0.0,0.0,0.0,0.0,0.0,0.0,0.0,0.0,0.0,0.0,0.0,0.0,0.0,0.0,0.0,0.0,0.0,0.0,0.0,0.0
857,-666.5,0.0,0.0,0.0,0.0,0.0,0.0,0.0,0.0,0.0,0.0,0.0,0.0,0.0,0.0,0.0,0.0,0.0,0.0,0.0,0.0
858,-666.0,0.0,0.0,0.0,0.0,0.0,0.0,0.0,0.0,0.0,0.0,0.0,0.0,0.0,0.0,0.0,0.0,0.0,0.0,0.0,0.0
859,-665.5,0.0,0.0,0.0,0.0,0.0,0.0,0.0,0.0,0.0,0.0,0.0,0.0,0.0,0.0,0.0,0.0,0.0,0.0,0.0,0.0
860,-665.0,0.0,0.0,0.0,0.0,0.0,0.0,0.0,0.0,0.0,0.0,0.0,0.0,0.0,0.0,0.0,0.0,0.0,0.0,0.0,0.0
861,-664.5,0.0,0.0,0.0,0.0,0.0,0.0,0.0,0.0,0.0,0.0,0.0,0.0,0.0,0.0,0.0,0.0,0.0,0.0,0.0,0.0
862,-664.0,0.0,0.0,0.0,0.0,0.0,0.0,0.0,0.0,0.0,0.0,0.0,0.0,0.0,0.0,0.0,0.0,0.0,0.0,0.0,0.0
863,-663.5,0.0,0.0,0.0,0.0,0.0,0.0,0.0,0.0,0.0,0.0,0.0,0.0,0.0,0.0,0.0,0.0,0.0,0.0,0.0,0.0
864,-663.0,0.0,0.0,0.0,0.0,0.0,0.0,0.0,0.0,0.0,0.0,0.0,0.0,0.0,0.0,0.0,0.0,0.0,0.0,0.0,0.0
865,-662.5,0.0,0.0,0.0,0.0,0.0,0.0,0.0,0.0,0.0,0.0,0.0,0.0,0.0,0.0,0.0,0.0,0.0,0.0,0.0,0.0
866,-662.0,0.0,0.0,0.0,0.0,0.0,0.0,0.0,0.0,0.0,0.0,0.0,0.0,0.0,0.0,0.0,0.0,0.0,0.0,0.0,0.0
867,-661.5,0.0,0.0,0.0,0.0,0.0,0.0,0.0,0.0,0.0,0.0,0.0,0.0,0.0,0.0,0.0,0.0,0.0,0.0,0.0,0.0
868,-661.0,0.0,0.0,0.0,0.0,0.0,0.0,0.0,0.0,0.0,0.0,0.0,0.0,0.0,0.0,0.0,0.0,0.0,0.0,0.0,0.0
869,-660.5,0.0,0.0,0.0,0.0,0.0,0.0,0.0,0.0,0.0,0.0,0.0,0.0,0.0,0.0,0.0,0.0,0.0,0.0,0.0,0.0
870,-660.0,0.0,0.0,0.0,0.0,0.0,0.0,0.0,0.0,0.0,0.0,0.0,0.0,0.0,0.0,0.0,0.0,0.0,0.0,0.0,0.0
871,-659.5,0.0,0.0,0.0,0.0,0.0,0.0,0.0,0.0,0.0,0.0,0.0,0.0,0.0,0.0,0.0,0.0,0.0,0.0,0.0,0.0
872,-659.0,0.0,0.0,0.0,0.0,0.0,0.0,0.0,0.0,0.0,0.0,0.0,0.0,0.0,0.0,0.0,0.0,0.0,0.0,0.0,0.0
873,-658.5,0.0,0.0,0.0,0.0,0.0,0.0,0.0,0.0,0.0,0.0,0.0,0.0,0.0,0.0,0.0,0.0,0.0,0.0,0.0,0.0
874,-658.0,0.0,0.0,0.0,0.0,0.0,0.0,0.0,0.0,0.0,0.0,0.0,0.0,0.0,0.0,0.0,0.0,0.0,0.0,0.0,0.0
875,-657.5,0.0,0.0,0.0,0.0,0.0,0.0,0.0,0.0,0.0,0.0,0.0,0.0,0.0,0.0,0.0,0.0,0.0,0.0,0.0,0.0
876,-657.0,0.0,0.0,0.0,0.0,0.0,0.0,0.0,0.0,0.0,0.0,0.0,0.0,0.0,0.0,0.0,0.0,0.0,0.0,0.0,0.0
877,-656.5,0.0,0.0,0.0,0.0,0.0,0.0,0.0,0.0,0.0,0.0,0.0,0.0,0.0,0.0,0.0,0.0,0.0,0.0,0.0,0.0
878,-656.0,0.0,0.0,0.0,0.0,0.0,0.0,0.0,0.0,0.0,0.0,0.0,0.0,0.0,0.0,0.0,0.0,0.0,0.0,0.0,0.0
879,-655.5,0.0,0.0,0.0,0.0,0.0,0.0,0.0,0.0,0.0,0.0,0.0,0.0,0.0,0.0,0.0,0.0,0.0,0.0,0.0,0.0
880,-655.0,0.0,0.0,0.0,0.0,0.0,0.0,0.0,0.0,0.0,0.0,0.0,0.0,0.0,0.0,0.0,0.0,0.0,0.0,0.0,0.0
881,-654.5,0.0,0.0,0.0,0.0,0.0,0.0,0.0,0.0,0.0,0.0,0.0,0.0,0.0,0.0,0.0,0.0,0.0,0.0,0.0,0.0
882,-654.0,0.0,0.0,0.0,0.0,0.0,0.0,0.0,0.0,0.0,0.0,0.0,0.0,0.0,0.0,0.0,0.0,0.0,0.0,0.0,0.0
883,-653.5,0.0,0.0,0.0,0.0,0.0,0.0,0.0,0.0,0.0,0.0,0.0,0.0,0.0,0.0,0.0,0.0,0.0,0.0,0.0,0.0
884,-653.0,0.0,0.0,0.0,0.0,0.0,0.0,0.0,0.0,0.0,0.0,0.0,0.0,0.0,0.0,0.0,0.0,0.0,0.0,0.0,0.0
885,-652.5,0.0,0.0,0.0,0.0,0.0,0.0,0.0,0.0,0.0,0.0,0.0,0.0,0.0,0.0,0.0,0.0,0.0,0.0,0.0,0.0
886,-652.0,0.0,0.0,0.0,0.0,0.0,0.0,0.0,0.0,0.0,0.0,0.0,0.0,0.0,0.0,0.0,0.0,0.0,0.0,0.0,0.0
887,-651.5,0.0,0.0,0.0,0.0,0.0,0.0,0.0,0.0,0.0,0.0,0.0,0.0,0.0,0.0,0.0,0.0,0.0,0.0,0.0,0.0
888,-651.0,0.0,0.0,0.0,0.0,0.0,0.0,0.0,0.0,0.0,0.0,0.0,0.0,0.0,0.0,0.0,0.0,0.0,0.0,0.0,0.0
889,-650.5,0.0,0.0,0.0,0.0,0.0,0.0,0.0,0.0,0.0,0.0,0.0,0.0,0.0,0.0,0.0,0.0,0.0,0.0,0.0,0.0
890,-650.0,0.0,0.0,0.0,0.0,0.0,0.0,0.0,0.0,0.0,0.0,0.0,0.0,0.0,0.0,0.0,0.0,0.0,0.0,0.0,0.0
891,-649.5,0.0,0.0,0.0,0.0,0.0,0.0,0.0,0.0,0.0,0.0,0.0,0.0,0.0,0.0,0.0,0.0,0.0,0.0,0.0,0.0
892,-649.0,0.0,0.0,0.0,0.0,0.0,0.0,0.0,0.0,0.0,0.0,0.0,0.0,0.0,0.0,0.0,0.0,0.0,0.0,0.0,0.0
893,-648.5,0.0,0.0,0.0,0.0,0.0,0.0,0.0,0.0,0.0,0.0,0.0,0.0,0.0,0.0,0.0,0.0,0.0,0.0,0.0,0.0
894,-648.0,0.0,0.0,0.0,0.0,0.0,0.0,0.0,0.0,0.0,0.0,0.0,0.0,0.0,0.0,0.0,0.0,0.0,0.0,0.0,0.0
895,-647.5,0.0,0.0,0.0,0.0,0.0,0.0,0.0,0.0,0.0,0.0,0.0,0.0,0.0,0.0,0.0,0.0,0.0,0.0,0.0,0.0
896,-647.0,0.0,0.0,0.0,0.0,0.0,0.0,0.0,0.0,0.0,0.0,0.0,0.0,0.0,0.0,0.0,0.0,0.0,0.0,0.0,0.0
897,-646.5,0.0,0.0,0.0,0.0,0.0,0.0,0.0,0.0,0.0,0.0,0.0,0.0,0.0,0.0,0.0,0.0,0.0,0.0,0.0,0.0
898,-646.0,0.0,0.0,0.0,0.0,0.0,0.0,0.0,0.0,0.0,0.0,0.0,0.0,0.0,0.0,0.0,0.0,0.0,0.0,0.0,0.0
899,-645.5,0.0,0.0,0.0,0.0,0.0,0.0,0.0,0.0,0.0,0.0,0.0,0.0,0.0,0.0,0.0,0.0,0.0,0.0,0.0,0.0
900,-645.0,0.0,0.0,0.0,0.0,0.0,0.0,0.0,0.0,0.0,0.0,0.0,0.0,0.0,0.0,0.0,0.0,0.0,0.0,0.0,0.0
901,-644.5,0.0,0.0,0.0,0.0,0.0,0.0,0.0,0.0,0.0,0.0,0.0,0.0,0.0,0.0,0.0,0.0,0.0,0.0,0.0,0.0
902,-644.0,0.0,0.0,0.0,0.0,0.0,0.0,0.0,0.0,0.0,0.0,0.0,0.0,0.0,0.0,0.0,0.0,0.0,0.0,0.0,0.0
903,-643.5,0.0,0.0,0.0,0.0,0.0,0.0,0.0,0.0,0.0,0.0,0.0,0.0,0.0,0.0,0.0,0.0,0.0,0.0,0.0,0.0
904,-643.0,0.0,0.0,0.0,0.0,0.0,0.0,0.0,0.0,0.0,0.0,0.0,0.0,0.0,0.0,0.0,0.0,0.0,0.0,0.0,0.0
905,-642.5,0.0,0.0,0.0,0.0,0.0,0.0,0.0,0.0,0.0,0.0,0.0,0.0,0.0,0.0,0.0,0.0,0.0,0.0,0.0,0.0
906,-642.0,0.0,0.0,0.0,0.0,0.0,0.0,0.0,0.0,0.0,0.0,0.0,0.0,0.0,0.0,0.0,0.0,0.0,0.0,0.0,0.0
907,-641.5,0.0,0.0,0.0,0.0,0.0,0.0,0.0,0.0,0.0,0.0,0.0,0.0,0.0,0.0,0.0,0.0,0.0,0.0,0.0,0.0
908,-641.0,0.0,0.0,0.0,0.0,0.0,0.0,0.0,0.0,0.0,0.0,0.0,0.0,0.0,0.0,0.0,0.0,0.0,0.0,0.0,0.0
909,-640.5,0.0,0.0,0.0,0.0,0.0,0.0,0.0,0.0,0.0,0.0,0.0,0.0,0.0,0.0,0.0,0.0,0.0,0.0,0.0,0.0
910,-640.0,0.0,0.0,0.0,0.0,0.0,0.0,0.0,0.0,0.0,0.0,0.0,0.0,0.0,0.0,0.0,0.0,0.0,0.0,0.0,0.0
911,-639.5,0.0,0.0,0.0,0.0,0.0,0.0,0.0,0.0,0.0,0.0,0.0,0.0,0.0,0.0,0.0,0.0,0.0,0.0,0.0,0.0
912,-639.0,0.0,0.0,0.0,0.0,0.0,0.0,0.0,0.0,0.0,0.0,0.0,0.0,0.0,0.0,0.0,0.0,0.0,0.0,0.0,0.0
913,-638.5,0.0,0.0,0.0,0.0,0.0,0.0,0.0,0.0,0.0,0.0,0.0,0.0,0.0,0.0,0.0,0.0,0.0,0.0,0.0,0.0
914,-638.0,0.0,0.0,0.0,0.0,0.0,0.0,0.0,0.0,0.0,0.0,0.0,0.0,0.0,0.0,0.0,0.0,0.0,0.0,0.0,0.0
915,-637.5,0.0,0.0,0.0,0.0,0.0,0.0,0.0,0.0,0.0,0.0,0.0,0.0,0.0,0.0,0.0,0.0,0.0,0.0,0.0,0.0
916,-637.0,0.0,0.0,0.0,0.0,0.0,0.0,0.0,0.0,0.0,0.0,0.0,0.0,0.0,0.0,0.0,0.0,0.0,0.0,0.0,0.0
917,-636.5,0.0,0.0,0.0,0.0,0.0,0.0,0.0,0.0,0.0,0.0,0.0,0.0,0.0,0.0,0.0,0.0,0.0,0.0,0.0,0.0
918,-636.0,0.0,0.0,0.0,0.0,0.0,0.0,0.0,0.0,0.0,0.0,0.0,0.0,0.0,0.0,0.0,0.0,0.0,0.0,0.0,0.0
919,-635.5,0.0,0.0,0.0,0.0,0.0,0.0,0.0,0.0,0.0,0.0,0.0,0.0,0.0,0.0,0.0,0.0,0.0,0.0,0.0,0.0
920,-635.0,0.0,0.0,0.0,0.0,0.0,0.0,0.0,0.0,0.0,0.0,0.0,0.0,0.0,0.0,0.0,0.0,0.0,0.0,0.0,0.0
921,-634.5,0.0,0.0,0.0,0.0,0.0,0.0,0.0,0.0,0.0,0.0,0.0,0.0,0.0,0.0,0.0,0.0,0.0,0.0,0.0,0.0
922,-634.0,0.0,0.0,0.0,0.0,0.0,0.0,0.0,0.0,0.0,0.0,0.0,0.0,0.0,0.0,0.0,0.0,0.0,0.0,0.0,0.0
923,-633.5,0.0,0.0,0.0,0.0,0.0,0.0,0.0,0.0,0.0,0.0,0.0,0.0,0.0,0.0,0.0,0.0,0.0,0.0,0.0,0.0
924,-633.0,0.0,0.0,0.0,0.0,0.0,0.0,0.0,0.0,0.0,0.0,0.0,0.0,0.0,0.0,0.0,0.0,0.0,0.0,0.0,0.0
925,-632.5,0.0,0.0,0.0,0.0,0.0,0.0,0.0,0.0,0.0,0.0,0.0,0.0,0.0,0.0,0.0,0.0,0.0,0.0,0.0,0.0
926,-632.0,0.0,0.0,0.0,0.0,0.0,0.0,0.0,0.0,0.0,0.0,0.0,0.0,0.0,0.0,0.0,0.0,0.0,0.0,0.0,0.0
927,-631.5,0.0,0.0,0.0,0.0,0.0,0.0,0.0,0.0,0.0,0.0,0.0,0.0,0.0,0.0,0.0,0.0,0.0,0.0,0.0,0.0
928,-631.0,0.0,0.0,0.0,0.0,0.0,0.0,0.0,0.0,0.0,0.0,0.0,0.0,0.0,0.0,0.0,0.0,0.0,0.0,0.0,0.0
929,-630.5,0.0,0.0,0.0,0.0,0.0,0.0,0.0,0.0,0.0,0.0,0.0,0.0,0.0,0.0,0.0,0.0,0.0,0.0,0.0,0.0
930,-630.0,0.0,0.0,0.0,0.0,0.0,0.0,0.0,0.0,0.0,0.0,0.0,0.0,0.0,0.0,0.0,0.0,0.0,0.0,0.0,0.0
931,-629.5,0.0,0.0,0.0,0.0,0.0,0.0,0.0,0.0,0.0,0.0,0.0,0.0,0.0,0.0,0.0,0.0,0.0,0.0,0.0,0.0
932,-629.0,0.0,0.0,0.0,0.0,0.0,0.0,0.0,0.0,0.0,0.0,0.0,0.0,0.0,0.0,0.0,0.0,0.0,0.0,0.0,0.0
933,-628.5,0.0,0.0,0.0,0.0,0.0,0.0,0.0,0.0,0.0,0.0,0.0,0.0,0.0,0.0,0.0,0.0,0.0,0.0,0.0,0.0
934,-628.0,0.0,0.0,0.0,0.0,0.0,0.0,0.0,0.0,0.0,0.0,0.0,0.0,0.0,0.0,0.0,0.0,0.0,0.0,0.0,0.0
935,-627.5,0.0,0.0,0.0,0.0,0.0,0.0,0.0,0.0,0.0,0.0,0.0,0.0,0.0,0.0,0.0,0.0,0.0,0.0,0.0,0.0
936,-627.0,0.0,0.0,0.0,0.0,0.0,0.0,0.0,0.0,0.0,0.0,0.0,0.0,0.0,0.0,0.0,0.0,0.0,0.0,0.0,0.0
937,-626.5,0.0,0.0,0.0,0.0,0.0,0.0,0.0,0.0,0.0,0.0,0.0,0.0,0.0,0.0,0.0,0.0,0.0,0.0,0.0,0.0
938,-626.0,0.0,0.0,0.0,0.0,0.0,0.0,0.0,0.0,0.0,0.0,0.0,0.0,0.0,0.0,0.0,0.0,0.0,0.0,0.0,0.0
939,-625.5,0.0,0.0,0.0,0.0,0.0,0.0,0.0,0.0,0.0,0.0,0.0,0.0,0.0,0.0,0.0,0.0,0.0,0.0,0.0,0.0
940,-625.0,0.0,0.0,0.0,0.0,0.0,0.0,0.0,0.0,0.0,0.0,0.0,0.0,0.0,0.0,0.0,0.0,0.0,0.0,0.0,0.0
941,-624.5,0.0,0.0,0.0,0.0,0.0,0.0,0.0,0.0,0.0,0.0,0.0,0.0,0.0,0.0,0.0,0.0,0.0,0.0,0.0,0.0
942,-624.0,0.0,0.0,0.0,0.0,0.0,0.0,0.0,0.0,0.0,0.0,0.0,0.0,0.0,0.0,0.0,0.0,0.0,0.0,0.0,0.0
943,-623.5,0.0,0.0,0.0,0.0,0.0,0.0,0.0,0.0,0.0,0.0,0.0,0.0,0.0,0.0,0.0,0.0,0.0,0.0,0.0,0.0
944,-623.0,0.0,0.0,0.0,0.0,0.0,0.0,0.0,0.0,0.0,0.0,0.0,0.0,0.0,0.0,0.0,0.0,0.0,0.0,0.0,0.0
945,-622.5,0.0,0.0,0.0,0.0,0.0,0.0,0.0,0.0,0.0,0.0,0.0,0.0,0.0,0.0,0.0,0.0,0.0,0.0,0.0,0.0
946,-622.0,0.0,0.0,0.0,0.0,0.0,0.0,0.0,0.0,0.0,0.0,0.0,0.0,0.0,0.0,0.0,0.0,0.0,0.0,0.0,0.0
947,-621.5,0.0,0.0,0.0,0.0,0.0,0.0,0.0,0.0,0.0,0.0,0.0,0.0,0.0,0.0,0.0,0.0,0.0,0.0,0.0,0.0
948,-621.0,0.0,0.0,0.0,0.0,0.0,0.0,0.0,0.0,0.0,0.0,0.0,0.0,0.0,0.0,0.0,0.0,0.0,0.0,0.0,0.0
949,-620.5,0.0,0.0,0.0,0.0,0.0,0.0,0.0,0.0,0.0,0.0,0.0,0.0,0.0,0.0,0.0,0.0,0.0,0.0,0.0,0.0
950,-620.0,0.0,0.0,0.0,0.0,0.0,0.0,0.0,0.0,0.0,0.0,0.0,0.0,0.0,0.0,0.0,0.0,0.0,0.0,0.0,0.0
951,-619.5,0.0,0.0,0.0,0.0,0.0,0.0,0.0,0.0,0.0,0.0,0.0,0.0,0.0,0.0,0.0,0.0,0.0,0.0,0.0,0.0
952,-619.0,0.0,0.0,0.0,0.0,0.0,0.0,0.0,0.0,0.0,0.0,0.0,0.0,0.0,0.0,0.0,0.0,0.0,0.0,0.0,0.0
953,-618.5,0.0,0.0,0.0,0.0,0.0,0.0,0.0,0.0,0.0,0.0,0.0,0.0,0.0,0.0,0.0,0.0,0.0,0.0,0.0,0.0
954,-618.0,0.0,0.0,0.0,0.0,0.0,0.0,0.0,0.0,0.0,0.0,0.0,0.0,0.0,0.0,0.0,0.0,0.0,0.0,0.0,0.0
955,-617.5,0.0,0.0,0.0,0.0,0.0,0.0,0.0,0.0,0.0,0.0,0.0,0.0,0.0,0.0,0.0,0.0,0.0,0.0,0.0,0.0
956,-617.0,0.0,0.0,0.0,0.0,0.0,0.0,0.0,0.0,0.0,0.0,0.0,0.0,0.0,0.0,0.0,0.0,0.0,0.0,0.0,0.0
957,-616.5,0.0,0.0,0.0,0.0,0.0,0.0,0.0,0.0,0.0,0.0,0.0,0.0,0.0,0.0,0.0,0.0,0.0,0.0,0.0,0.0
958,-616.0,0.0,0.0,0.0,0.0,0.0,0.0,0.0,0.0,0.0,0.0,0.0,0.0,0.0,0.0,0.0,0.0,0.0,0.0,0.0,0.0
959,-615.5,0.0,0.0,0.0,0.0,0.0,0.0,0.0,0.0,0.0,0.0,0.0,0.0,0.0,0.0,0.0,0.0,0.0,0.0,0.0,0.0
960,-615.0,0.0,0.0,0.0,0.0,0.0,0.0,0.0,0.0,0.0,0.0,0.0,0.0,0.0,0.0,0.0,0.0,0.0,0.0,0.0,0.0
961,-614.5,0.0,0.0,0.0,0.0,0.0,0.0,0.0,0.0,0.0,0.0,0.0,0.0,0.0,0.0,0.0,0.0,0.0,0.0,0.0,0.0
962,-614.0,0.0,0.0,0.0,0.0,0.0,0.0,0.0,0.0,0.0,0.0,0.0,0.0,0.0,0.0,0.0,0.0,0.0,0.0,0.0,0.0
963,-613.5,0.0,0.0,0.0,0.0,0.0,0.0,0.0,0.0,0.0,0.0,0.0,0.0,0.0,0.0,0.0,0.0,0.0,0.0,0.0,0.0
964,-613.0,0.0,0.0,0.0,0.0,0.0,0.0,0.0,0.0,0.0,0.0,0.0,0.0,0.0,0.0,0.0,0.0,0.0,0.0,0.0,0.0
965,-612.5,0.0,0.0,0.0,0.0,0.0,0.0,0.0,0.0,0.0,0.0,0.0,0.0,0.0,0.0,0.0,0.0,0.0,0.0,0.0,0.0
966,-612.0,0.0,0.0,0.0,0.0,0.0,0.0,0.0,0.0,0.0,0.0,0.0,0.0,0.0,0.0,0.0,0.0,0.0,0.0,0.0,0.0
967,-611.5,0.0,0.0,0.0,0.0,0.0,0.0,0.0,0.0,0.0,0.0,0.0,0.0,0.0,0.0,0.0,0.0,0.0,0.0,0.0,0.0
968,-611.0,0.0,0.0,0.0,0.0,0.0,0.0,0.0,0.0,0.0,0.0,0.0,0.0,0.0,0.0,0.0,0.0,0.0,0.0,0.0,0.0
969,-610.5,0.0,0.0,0.0,0.0,0.0,0.0,0.0,0.0,0.0,0.0,0.0,0.0,0.0,0.0,0.0,0.0,0.0,0.0,0.0,0.0
970,-610.0,0.0,0.0,0.0,0.0,0.0,0.0,0.0,0.0,0.0,0.0,0.0,0.0,0.0,0.0,0.0,0.0,0.0,0.0,0.0,0.0
971,-609.5,0.0,0.0,0.0,0.0,0.0,0.0,0.0,0.0,0.0,0.0,0.0,0.0,0.0,0.0,0.0,0.0,0.0,0.0,0.0,0.0
972,-609.0,0.0,0.0,0.0,0.0,0.0,0.0,0.0,0.0,0.0,0.0,0.0,0.0,0.0,0.0,0.0,0.0,0.0,0.0,0.0,0.0
973,-608.5,0.0,0.0,0.0,0.0,0.0,0.0,0.0,0.0,0.0,0.0,0.0,0.0,0.0,0.0,0.0,0.0,0.0,0.0,0.0,0.0
974,-608.0,0.0,0.0,0.0,0.0,0.0,0.0,0.0,0.0,0.0,0.0,0.0,0.0,0.0,0.0,0.0,0.0,0.0,0.0,0.0,0.0
975,-607.5,0.0,0.0,0.0,0.0,0.0,0.0,0.0,0.0,0.0,0.0,0.0,0.0,0.0,0.0,0.0,0.0,0.0,0.0,0.0,0.0
976,-607.0,0.0,0.0,0.0,0.0,0.0,0.0,0.0,0.0,0.0,0.0,0.0,0.0,0.0,0.0,0.0,0.0,0.0,0.0,0.0,0.0
977,-606.5,0.0,0.0,0.0,0.0,0.0,0.0,0.0,0.0,0.0,0.0,0.0,0.0,0.0,0.0,0.0,0.0,0.0,0.0,0.0,0.0
978,-606.0,0.0,0.0,0.0,0.0,0.0,0.0,0.0,0.0,0.0,0.0,0.0,0.0,0.0,0.0,0.0,0.0,0.0,0.0,0.0,0.0
979,-605.5,0.0,0.0,0.0,0.0,0.0,0.0,0.0,0.0,0.0,0.0,0.0,0.0,0.0,0.0,0.0,0.0,0.0,0.0,0.0,0.0
980,-605.0,0.0,0.0,0.0,0.0,0.0,0.0,0.0,0.0,0.0,0.0,0.0,0.0,0.0,0.0,0.0,0.0,0.0,0.0,0.0,0.0
981,-604.5,0.0,0.0,0.0,0.0,0.0,0.0,0.0,0.0,0.0,0.0,0.0,0.0,0.0,0.0,0.0,0.0,0.0,0.0,0.0,0.0
982,-604.0,0.0,0.0,0.0,0.0,0.0,0.0,0.0,0.0,0.0,0.0,0.0,0.0,0.0,0.0,0.0,0.0,0.0,0.0,0.0,0.0
983,-603.5,0.0,0.0,0.0,0.0,0.0,0.0,0.0,0.0,0.0,0.0,0.0,0.0,0.0,0.0,0.0,0.0,0.0,0.0,0.0,0.0
984,-603.0,0.0,0.0,0.0,0.0,0.0,0.0,0.0,0.0,0.0,0.0,0.0,0.0,0.0,0.0,0.0,0.0,0.0,0.0,0.0,0.0
985,-602.5,0.0,0.0,0.0,0.0,0.0,0.0,0.0,0.0,0.0,0.0,0.0,0.0,0.0,0.0,0.0,0.0,0.0,0.0,0.0,0.0
986,-602.0,0.0,0.0,0.0,0.0,0.0,0.0,0.0,0.0,0.0,0.0,0.0,0.0,0.0,0.0,0.0,0.0,0.0,0.0,0.0,0.0
987,-601.5,0.0,0.0,0.0,0.0,0.0,0.0,0.0,0.0,0.0,0.0,0.0,0.0,0.0,0.0,0.0,0.0,0.0,0.0,0.0,0.0
988,-601.0,0.0,0.0,0.0,0.0,0.0,0.0,0.0,0.0,0.0,0.0,0.0,0.0,0.0,0.0,0.0,0.0,0.0,0.0,0.0,0.0
989,-600.5,0.0,0.0,0.0,0.0,0.0,0.0,0.0,0.0,0.0,0.0,0.0,0.0,0.0,0.0,0.0,0.0,0.0,0.0,0.0,0.0
990,-600.0,0.0,0.0,0.0,0.0,0.0,0.0,0.0,0.0,0.0,0.0,0.0,0.0,0.0,0.0,0.0,0.0,0.0,0.0,0.0,0.0
991,-599.5,0.0,0.0,0.0,0.0,0.0,0.0,0.0,0.0,0.0,0.0,0.0,0.0,0.0,0.0,0.0,0.0,0.0,0.0,0.0,0.0
992,-599.0,0.0,0.0,0.0,0.0,0.0,0.0,0.0,0.0,0.0,0.0,0.0,0.0,0.0,0.0,0.0,0.0,0.0,0.0,0.0,0.0
993,-598.5,0.0,0.0,0.0,0.0,0.0,0.0,0.0,0.0,0.0,0.0,0.0,0.0,0.0,0.0,0.0,0.0,0.0,0.0,0.0,0.0
994,-598.0,0.0,0.0,0.0,0.0,0.0,0.0,0.0,0.0,0.0,0.0,0.0,0.0,0.0,0.0,0.0,0.0,0.0,0.0,0.0,0.0
995,-597.5,0.0,0.0,0.0,0.0,0.0,0.0,0.0,0.0,0.0,0.0,0.0,0.0,0.0,0.0,0.0,0.0,0.0,0.0,0.0,0.0
996,-597.0,0.0,0.0,0.0,0.0,0.0,0.0,0.0,0.0,0.0,0.0,0.0,0.0,0.0,0.0,0.0,0.0,0.0,0.0,0.0,0.0
997,-596.5,0.0,0.0,0.0,0.0,0.0,0.0,0.0,0.0,0.0,0.0,0.0,0.0,0.0,0.0,0.0,0.0,0.0,0.0,0.0,0.0
998,-596.0,0.0,0.0,0.0,0.0,0.0,0.0,0.0,0.0,0.0,0.0,0.0,0.0,0.0,0.0,0.0,0.0,0.0,0.0,0.0,0.0
999,-595.5,0.0,0.0,0.0,0.0,0.0,0.0,0.0,0.0,0.0,0.0,0.0,0.0,0.0,0.0,0.0,0.0,0.0,0.0,0.0,0.0
1000,-595.0,0.0,0.0,0.0,0.0,0.0,0.0,0.0,0.0,0.0,0.0,0.0,0.0,0.0,0.0,0.0,0.0,0.0,0.0,0.0,0.0
1001,-594.5,0.0,0.0,0.0,0.0,0.0,0.0,0.0,0.0,0.0,0.0,0.0,0.0,0.0,0.0,0.0,0.0,0.0,0.0,0.0,0.0
1002,-594.0,0.0,0.0,0.0,0.0,0.0,0.0,0.0,0.0,0.0,0.0,0.0,0.0,0.0,0.0,0.0,0.0,0.0,0.0,0.0,0.0
1003,-593.5,0.0,0.0,0.0,0.0,0.0,0.0,0.0,0.0,0.0,0.0,0.0,0.0,0.0,0.0,0.0,0.0,0.0,0.0,0.0,0.0
1004,-593.0,0.0,0.0,0.0,0.0,0.0,0.0,0.0,0.0,0.0,0.0,0.0,0.0,0.0,0.0,0.0,0.0,0.0,0.0,0.0,0.0
1005,-592.5,0.0,0.0,0.0,0.0,0.0,0.0,0.0,0.0,0.0,0.0,0.0,0.0,0.0,0.0,0.0,0.0,0.0,0.0,0.0,0.0
1006,-592.0,0.0,0.0,0.0,0.0,0.0,0.0,0.0,0.0,0.0,0.0,0.0,0.0,0.0,0.0,0.0,0.0,0.0,0.0,0.0,0.0
1007,-591.5,0.0,0.0,0.0,0.0,0.0,0.0,0.0,0.0,0.0,0.0,0.0,0.0,0.0,0.0,0.0,0.0,0.0,0.0,0.0,0.0
1008,-591.0,0.0,0.0,0.0,0.0,0.0,0.0,0.0,0.0,0.0,0.0,0.0,0.0,0.0,0.0,0.0,0.0,0.0,0.0,0.0,0.0
1009,-590.5,0.0,0.0,0.0,0.0,0.0,0.0,0.0,0.0,0.0,0.0,0.0,0.0,0.0,0.0,0.0,0.0,0.0,0.0,0.0,0.0
1010,-590.0,0.0,0.0,0.0,0.0,0.0,0.0,0.0,0.0,0.0,0.0,0.0,0.0,0.0,0.0,0.0,0.0,0.0,0.0,0.0,0.0
1011,-589.5,0.0,0.0,0.0,0.0,0.0,0.0,0.0,0.0,0.0,0.0,0.0,0.0,0.0,0.0,0.0,0.0,0.0,0.0,0.0,0.0
1012,-589.0,0.0,0.0,0.0,0.0,0.0,0.0,0.0,0.0,0.0,0.0,0.0,0.0,0.0,0.0,0.0,0.0,0.0,0.0,0.0,0.0
1013,-588.5,0.0,0.0,0.0,0.0,0.0,0.0,0.0,0.0,0.0,0.0,0.0,0.0,0.0,0.0,0.0,0.0,0.0,0.0,0.0,0.0
1014,-588.0,0.0,0.0,0.0,0.0,0.0,0.0,0.0,0.0,0.0,0.0,0.0,0.0,0.0,0.0,0.0,0.0,0.0,0.0,0.0,0.0
1015,-587.5,0.0,0.0,0.0,0.0,0.0,0.0,0.0,0.0,0.0,0.0,0.0,0.0,0.0,0.0,0.0,0.0,0.0,0.0,0.0,0.0
1016,-587.0,0.0,0.0,0.0,0.0,0.0,0.0,0.0,0.0,0.0,0.0,0.0,0.0,0.0,0.0,0.0,0.0,0.0,0.0,0.0,0.0
1017,-586.5,0.0,0.0,0.0,0.0,0.0,0.0,0.0,0.0,0.0,0.0,0.0,0.0,0.0,0.0,0.0,0.0,0.0,0.0,0.0,0.0
1018,-586.0,0.0,0.0,0.0,0.0,0.0,0.0,0.0,0.0,0.0,0.0,0.0,0.0,0.0,0.0,0.0,0.0,0.0,0.0,0.0,0.0
1019,-585.5,0.0,0.0,0.0,0.0,0.0,0.0,0.0,0.0,0.0,0.0,0.0,0.0,0.0,0.0,0.0,0.0,0.0,0.0,0.0,0.0
1020,-585.0,0.0,0.0,0.0,0.0,0.0,0.0,0.0,0.0,0.0,0.0,0.0,0.0,0.0,0.0,0.0,0.0,0.0,0.0,0.0,0.0
1021,-584.5,0.0,0.0,0.0,0.0,0.0,0.0,0.0,0.0,0.0,0.0,0.0,0.0,0.0,0.0,0.0,0.0,0.0,0.0,0.0,0.0
1022,-584.0,0.0,0.0,0.0,0.0,0.0,0.0,0.0,0.0,0.0,0.0,0.0,0.0,0.0,0.0,0.0,0.0,0.0,0.0,0.0,0.0
1023,-583.5,0.0,0.0,0.0,0.0,0.0,0.0,0.0,0.0,0.0,0.0,0.0,0.0,0.0,0.0,0.0,0.0,0.0,0.0,0.0,0.0
1024,-583.0,0.0,0.0,0.0,0.0,0.0,0.0,0.0,0.0,0.0,0.0,0.0,0.0,0.0,0.0,0.0,0.0,0.0,0.0,0.0,0.0
1025,-582.5,0.0,0.0,0.0,0.0,0.0,0.0,0.0,0.0,0.0,0.0,0.0,0.0,0.0,0.0,0.0,0.0,0.0,0.0,0.0,0.0
1026,-582.0,0.0,0.0,0.0,0.0,0.0,0.0,0.0,0.0,0.0,0.0,0.0,0.0,0.0,0.0,0.0,0.0,0.0,0.0,0.0,0.0
1027,-581.5,0.0,0.0,0.0,0.0,0.0,0.0,0.0,0.0,0.0,0.0,0.0,0.0,0.0,0.0,0.0,0.0,0.0,0.0,0.0,0.0
1028,-581.0,0.0,0.0,0.0,0.0,0.0,0.0,0.0,0.0,0.0,0.0,0.0,0.0,0.0,0.0,0.0,0.0,0.0,0.0,0.0,0.0
1029,-580.5,0.0,0.0,0.0,0.0,0.0,0.0,0.0,0.0,0.0,0.0,0.0,0.0,0.0,0.0,0.0,0.0,0.0,0.0,0.0,0.0
1030,-580.0,0.0,0.0,0.0,0.0,0.0,0.0,0.0,0.0,0.0,0.0,0.0,0.0,0.0,0.0,0.0,0.0,0.0,0.0,0.0,0.0
1031,-579.5,0.0,0.0,0.0,0.0,0.0,0.0,0.0,0.0,0.0,0.0,0.0,0.0,0.0,0.0,0.0,0.0,0.0,0.0,0.0,0.0
1032,-579.0,0.0,0.0,0.0,0.0,0.0,0.0,0.0,0.0,0.0,0.0,0.0,0.0,0.0,0.0,0.0,0.0,0.0,0.0,0.0,0.0
1033,-578.5,0.0,0.0,0.0,0.0,0.0,0.0,0.0,0.0,0.0,0.0,0.0,0.0,0.0,0.0,0.0,0.0,0.0,0.0,0.0,0.0
1034,-578.0,0.0,0.0,0.0,0.0,0.0,0.0,0.0,0.0,0.0,0.0,0.0,0.0,0.0,0.0,0.0,0.0,0.0,0.0,0.0,0.0
1035,-577.5,0.0,0.0,0.0,0.0,0.0,0.0,0.0,0.0,0.0,0.0,0.0,0.0,0.0,0.0,0.0,0.0,0.0,0.0,0.0,0.0
1036,-577.0,0.0,0.0,0.0,0.0,0.0,0.0,0.0,0.0,0.0,0.0,0.0,0.0,0.0,0.0,0.0,0.0,0.0,0.0,0.0,0.0
1037,-576.5,0.0,0.0,0.0,0.0,0.0,0.0,0.0,0.0,0.0,0.0,0.0,0.0,0.0,0.0,0.0,0.0,0.0,0.0,0.0,0.0
1038,-576.0,0.0,0.0,0.0,0.0,0.0,0.0,0.0,0.0,0.0,0.0,0.0,0.0,0.0,0.0,0.0,0.0,0.0,0.0,0.0,0.0
1039,-575.5,0.0,0.0,0.0,0.0,0.0,0.0,0.0,0.0,0.0,0.0,0.0,0.0,0.0,0.0,0.0,0.0,0.0,0.0,0.0,0.0
1040,-575.0,0.0,0.0,0.0,0.0,0.0,0.0,0.0,0.0,0.0,0.0,0.0,0.0,0.0,0.0,0.0,0.0,0.0,0.0,0.0,0.0
1041,-574.5,0.0,0.0,0.0,0.0,0.0,0.0,0.0,0.0,0.0,0.0,0.0,0.0,0.0,0.0,0.0,0.0,0.0,0.0,0.0,0.0
1042,-574.0,0.0,0.0,0.0,0.0,0.0,0.0,0.0,0.0,0.0,0.0,0.0,0.0,0.0,0.0,0.0,0.0,0.0,0.0,0.0,0.0
1043,-573.5,0.0,0.0,0.0,0.0,0.0,0.0,0.0,0.0,0.0,0.0,0.0,0.0,0.0,0.0,0.0,0.0,0.0,0.0,0.0,0.0
1044,-573.0,0.0,0.0,0.0,0.0,0.0,0.0,0.0,0.0,0.0,0.0,0.0,0.0,0.0,0.0,0.0,0.0,0.0,0.0,0.0,0.0
1045,-572.5,0.0,0.0,0.0,0.0,0.0,0.0,0.0,0.0,0.0,0.0,0.0,0.0,0.0,0.0,0.0,0.0,0.0,0.0,0.0,0.0
1046,-572.0,0.0,0.0,0.0,0.0,0.0,0.0,0.0,0.0,0.0,0.0,0.0,0.0,0.0,0.0,0.0,0.0,0.0,0.0,0.0,0.0
1047,-571.5,0.0,0.0,0.0,0.0,0.0,0.0,0.0,0.0,0.0,0.0,0.0,0.0,0.0,0.0,0.0,0.0,0.0,0.0,0.0,0.0
1048,-571.0,0.0,0.0,0.0,0.0,0.0,0.0,0.0,0.0,0.0,0.0,0.0,0.0,0.0,0.0,0.0,0.0,0.0,0.0,0.0,0.0
1049,-570.5,0.0,0.0,0.0,0.0,0.0,0.0,0.0,0.0,0.0,0.0,0.0,0.0,0.0,0.0,0.0,0.0,0.0,0.0,0.0,0.0
1050,-570.0,0.0,0.0,0.0,0.0,0.0,0.0,0.0,0.0,0.0,0.0,0.0,0.0,0.0,0.0,0.0,0.0,0.0,0.0,0.0,0.0
1051,-569.5,0.0,0.0,0.0,0.0,0.0,0.0,0.0,0.0,0.0,0.0,0.0,0.0,0.0,0.0,0.0,0.0,0.0,0.0,0.0,0.0
1052,-569.0,0.0,0.0,0.0,0.0,0.0,0.0,0.0,0.0,0.0,0.0,0.0,0.0,0.0,0.0,0.0,0.0,0.0,0.0,0.0,0.0
1053,-568.5,0.0,0.0,0.0,0.0,0.0,0.0,0.0,0.0,0.0,0.0,0.0,0.0,0.0,0.0,0.0,0.0,0.0,0.0,0.0,0.0
1054,-568.0,0.0,0.0,0.0,0.0,0.0,0.0,0.0,0.0,0.0,0.0,0.0,0.0,0.0,0.0,0.0,0.0,0.0,0.0,0.0,0.0
1055,-567.5,0.0,0.0,0.0,0.0,0.0,0.0,0.0,0.0,0.0,0.0,0.0,0.0,0.0,0.0,0.0,0.0,0.0,0.0,0.0,0.0
1056,-567.0,0.0,0.0,0.0,0.0,0.0,0.0,0.0,0.0,0.0,0.0,0.0,0.0,0.0,0.0,0.0,0.0,0.0,0.0,0.0,0.0
1057,-566.5,0.0,0.0,0.0,0.0,0.0,0.0,0.0,0.0,0.0,0.0,0.0,0.0,0.0,0.0,0.0,0.0,0.0,0.0,0.0,0.0
1058,-566.0,0.0,0.0,0.0,0.0,0.0,0.0,0.0,0.0,0.0,0.0,0.0,0.0,0.0,0.0,0.0,0.0,0.0,0.0,0.0,0.0
1059,-565.5,0.0,0.0,0.0,0.0,0.0,0.0,0.0,0.0,0.0,0.0,0.0,0.0,0.0,0.0,0.0,0.0,0.0,0.0,0.0,0.0
1060,-565.0,0.0,0.0,0.0,0.0,0.0,0.0,0.0,0.0,0.0,0.0,0.0,0.0,0.0,0.0,0.0,0.0,0.0,0.0,0.0,0.0
1061,-564.5,0.0,0.0,0.0,0.0,0.0,0.0,0.0,0.0,0.0,0.0,0.0,0.0,0.0,0.0,0.0,0.0,0.0,0.0,0.0,0.0
1062,-564.0,0.0,0.0,0.0,0.0,0.0,0.0,0.0,0.0,0.0,0.0,0.0,0.0,0.0,0.0,0.0,0.0,0.0,0.0,0.0,0.0
1063,-563.5,0.0,0.0,0.0,0.0,0.0,0.0,0.0,0.0,0.0,0.0,0.0,0.0,0.0,0.0,0.0,0.0,0.0,0.0,0.0,0.0
1064,-563.0,0.0,0.0,0.0,0.0,0.0,0.0,0.0,0.0,0.0,0.0,0.0,0.0,0.0,0.0,0.0,0.0,0.0,0.0,0.0,0.0
1065,-562.5,0.0,0.0,0.0,0.0,0.0,0.0,0.0,0.0,0.0,0.0,0.0,0.0,0.0,0.0,0.0,0.0,0.0,0.0,0.0,0.0
1066,-562.0,0.0,0.0,0.0,0.0,0.0,0.0,0.0,0.0,0.0,0.0,0.0,0.0,0.0,0.0,0.0,0.0,0.0,0.0,0.0,0.0
1067,-561.5,0.0,0.0,0.0,0.0,0.0,0.0,0.0,0.0,0.0,0.0,0.0,0.0,0.0,0.0,0.0,0.0,0.0,0.0,0.0,0.0
1068,-561.0,0.0,0.0,0.0,0.0,0.0,0.0,0.0,0.0,0.0,0.0,0.0,0.0,0.0,0.0,0.0,0.0,0.0,0.0,0.0,0.0
1069,-560.5,0.0,0.0,0.0,0.0,0.0,0.0,0.0,0.0,0.0,0.0,0.0,0.0,0.0,0.0,0.0,0.0,0.0,0.0,0.0,0.0
1070,-560.0,0.0,0.0,0.0,0.0,0.0,0.0,0.0,0.0,0.0,0.0,0.0,0.0,0.0,0.0,0.0,0.0,0.0,0.0,0.0,0.0
1071,-559.5,0.0,0.0,0.0,0.0,0.0,0.0,0.0,0.0,0.0,0.0,0.0,0.0,0.0,0.0,0.0,0.0,0.0,0.0,0.0,0.0
1072,-559.0,0.0,0.0,0.0,0.0,0.0,0.0,0.0,0.0,0.0,0.0,0.0,0.0,0.0,0.0,0.0,0.0,0.0,0.0,0.0,0.0
1073,-558.5,0.0,0.0,0.0,0.0,0.0,0.0,0.0,0.0,0.0,0.0,0.0,0.0,0.0,0.0,0.0,0.0,0.0,0.0,0.0,0.0
1074,-558.0,0.0,0.0,0.0,0.0,0.0,0.0,0.0,0.0,0.0,0.0,0.0,0.0,0.0,0.0,0.0,0.0,0.0,0.0,0.0,0.0
1075,-557.5,0.0,0.0,0.0,0.0,0.0,0.0,0.0,0.0,0.0,0.0,0.0,0.0,0.0,0.0,0.0,0.0,0.0,0.0,0.0,0.0
1076,-557.0,0.0,0.0,0.0,0.0,0.0,0.0,0.0,0.0,0.0,0.0,0.0,0.0,0.0,0.0,0.0,0.0,0.0,0.0,0.0,0.0
1077,-556.5,0.0,0.0,0.0,0.0,0.0,0.0,0.0,0.0,0.0,0.0,0.0,0.0,0.0,0.0,0.0,0.0,0.0,0.0,0.0,0.0
1078,-556.0,0.0,0.0,0.0,0.0,0.0,0.0,0.0,0.0,0.0,0.0,0.0,0.0,0.0,0.0,0.0,0.0,0.0,0.0,0.0,0.0
1079,-555.5,0.0,0.0,0.0,0.0,0.0,0.0,0.0,0.0,0.0,0.0,0.0,0.0,0.0,0.0,0.0,0.0,0.0,0.0,0.0,0.0
1080,-555.0,0.0,0.0,0.0,0.0,0.0,0.0,0.0,0.0,0.0,0.0,0.0,0.0,0.0,0.0,0.0,0.0,0.0,0.0,0.0,0.0
1081,-554.5,0.0,0.0,0.0,0.0,0.0,0.0,0.0,0.0,0.0,0.0,0.0,0.0,0.0,0.0,0.0,0.0,0.0,0.0,0.0,0.0
1082,-554.0,0.0,0.0,0.0,0.0,0.0,0.0,0.0,0.0,0.0,0.0,0.0,0.0,0.0,0.0,0.0,0.0,0.0,0.0,0.0,0.0
1083,-553.5,0.0,0.0,0.0,0.0,0.0,0.0,0.0,0.0,0.0,0.0,0.0,0.0,0.0,0.0,0.0,0.0,0.0,0.0,0.0,0.0
1084,-553.0,0.0,0.0,0.0,0.0,0.0,0.0,0.0,0.0,0.0,0.0,0.0,0.0,0.0,0.0,0.0,0.0,0.0,0.0,0.0,0.0
1085,-552.5,0.0,0.0,0.0,0.0,0.0,0.0,0.0,0.0,0.0,0.0,0.0,0.0,0.0,0.0,0.0,0.0,0.0,0.0,0.0,0.0
1086,-552.0,0.0,0.0,0.0,0.0,0.0,0.0,0.0,0.0,0.0,0.0,0.0,0.0,0.0,0.0,0.0,0.0,0.0,0.0,0.0,0.0
1087,-551.5,0.0,0.0,0.0,0.0,0.0,0.0,0.0,0.0,0.0,0.0,0.0,0.0,0.0,0.0,0.0,0.0,0.0,0.0,0.0,0.0
1088,-551.0,0.0,0.0,0.0,0.0,0.0,0.0,0.0,0.0,0.0,0.0,0.0,0.0,0.0,0.0,0.0,0.0,0.0,0.0,0.0,0.0
1089,-550.5,0.0,0.0,0.0,0.0,0.0,0.0,0.0,0.0,0.0,0.0,0.0,0.0,0.0,0.0,0.0,0.0,0.0,0.0,0.0,0.0
1090,-550.0,0.0,0.0,0.0,0.0,0.0,0.0,0.0,0.0,0.0,0.0,0.0,0.0,0.0,0.0,0.0,0.0,0.0,0.0,0.0,0.0
1091,-549.5,0.0,0.0,0.0,0.0,0.0,0.0,0.0,0.0,0.0,0.0,0.0,0.0,0.0,0.0,0.0,0.0,0.0,0.0,0.0,0.0
1092,-549.0,0.0,0.0,0.0,0.0,0.0,0.0,0.0,0.0,0.0,0.0,0.0,0.0,0.0,0.0,0.0,0.0,0.0,0.0,0.0,0.0
1093,-548.5,0.0,0.0,0.0,0.0,0.0,0.0,0.0,0.0,0.0,0.0,0.0,0.0,0.0,0.0,0.0,0.0,0.0,0.0,0.0,0.0
1094,-548.0,0.0,0.0,0.0,0.0,0.0,0.0,0.0,0.0,0.0,0.0,0.0,0.0,0.0,0.0,0.0,0.0,0.0,0.0,0.0,0.0
1095,-547.5,0.0,0.0,0.0,0.0,0.0,0.0,0.0,0.0,0.0,0.0,0.0,0.0,0.0,0.0,0.0,0.0,0.0,0.0,0.0,0.0
1096,-547.0,0.0,0.0,0.0,0.0,0.0,0.0,0.0,0.0,0.0,0.0,0.0,0.0,0.0,0.0,0.0,0.0,0.0,0.0,0.0,0.0
1097,-546.5,0.0,0.0,0.0,0.0,0.0,0.0,0.0,0.0,0.0,0.0,0.0,0.0,0.0,0.0,0.0,0.0,0.0,0.0,0.0,0.0
1098,-546.0,0.0,0.0,0.0,0.0,0.0,0.0,0.0,0.0,0.0,0.0,0.0,0.0,0.0,0.0,0.0,0.0,0.0,0.0,0.0,0.0
1099,-545.5,0.0,0.0,0.0,0.0,0.0,0.0,0.0,0.0,0.0,0.0,0.0,0.0,0.0,0.0,0.0,0.0,0.0,0.0,0.0,0.0
1100,-545.0,0.0,0.0,0.0,0.0,0.0,0.0,0.0,0.0,0.0,0.0,0.0,0.0,0.0,0.0,0.0,0.0,0.0,0.0,0.0,0.0
1101,-544.5,0.0,0.0,0.0,0.0,0.0,0.0,0.0,0.0,0.0,0.0,0.0,0.0,0.0,0.0,0.0,0.0,0.0,0.0,0.0,0.0
1102,-544.0,0.0,0.0,0.0,0.0,0.0,0.0,0.0,0.0,0.0,0.0,0.0,0.0,0.0,0.0,0.0,0.0,0.0,0.0,0.0,0.0
1103,-543.5,0.0,0.0,0.0,0.0,0.0,0.0,0.0,0.0,0.0,0.0,0.0,0.0,0.0,0.0,0.0,0.0,0.0,0.0,0.0,0.0
1104,-543.0,0.0,0.0,0.0,0.0,0.0,0.0,0.0,0.0,0.0,0.0,0.0,0.0,0.0,0.0,0.0,0.0,0.0,0.0,0.0,0.0
1105,-542.5,0.0,0.0,0.0,0.0,0.0,0.0,0.0,0.0,0.0,0.0,0.0,0.0,0.0,0.0,0.0,0.0,0.0,0.0,0.0,0.0
1106,-542.0,0.0,0.0,0.0,0.0,0.0,0.0,0.0,0.0,0.0,0.0,0.0,0.0,0.0,0.0,0.0,0.0,0.0,0.0,0.0,0.0
1107,-541.5,0.0,0.0,0.0,0.0,0.0,0.0,0.0,0.0,0.0,0.0,0.0,0.0,0.0,0.0,0.0,0.0,0.0,0.0,0.0,0.0
1108,-541.0,0.0,0.0,0.0,0.0,0.0,0.0,0.0,0.0,0.0,0.0,0.0,0.0,0.0,0.0,0.0,0.0,0.0,0.0,0.0,0.0
1109,-540.5,0.0,0.0,0.0,0.0,0.0,0.0,0.0,0.0,0.0,0.0,0.0,0.0,0.0,0.0,0.0,0.0,0.0,0.0,0.0,0.0
1110,-540.0,0.0,0.0,0.0,0.0,0.0,0.0,0.0,0.0,0.0,0.0,0.0,0.0,0.0,0.0,0.0,0.0,0.0,0.0,0.0,0.0
1111,-539.5,0.0,0.0,0.0,0.0,0.0,0.0,0.0,0.0,0.0,0.0,0.0,0.0,0.0,0.0,0.0,0.0,0.0,0.0,0.0,0.0
1112,-539.0,0.0,0.0,0.0,0.0,0.0,0.0,0.0,0.0,0.0,0.0,0.0,0.0,0.0,0.0,0.0,0.0,0.0,0.0,0.0,0.0
1113,-538.5,0.0,0.0,0.0,0.0,0.0,0.0,0.0,0.0,0.0,0.0,0.0,0.0,0.0,0.0,0.0,0.0,0.0,0.0,0.0,0.0
1114,-538.0,0.0,0.0,0.0,0.0,0.0,0.0,0.0,0.0,0.0,0.0,0.0,0.0,0.0,0.0,0.0,0.0,0.0,0.0,0.0,0.0
1115,-537.5,0.0,0.0,0.0,0.0,0.0,0.0,0.0,0.0,0.0,0.0,0.0,0.0,0.0,0.0,0.0,0.0,0.0,0.0,0.0,0.0
1116,-537.0,0.0,0.0,0.0,0.0,0.0,0.0,0.0,0.0,0.0,0.0,0.0,0.0,0.0,0.0,0.0,0.0,0.0,0.0,0.0,0.0
1117,-536.5,0.0,0.0,0.0,0.0,0.0,0.0,0.0,0.0,0.0,0.0,0.0,0.0,0.0,0.0,0.0,0.0,0.0,0.0,0.0,0.0
1118,-536.0,0.0,0.0,0.0,0.0,0.0,0.0,0.0,0.0,0.0,0.0,0.0,0.0,0.0,0.0,0.0,0.0,0.0,0.0,0.0,0.0
1119,-535.5,0.0,0.0,0.0,0.0,0.0,0.0,0.0,0.0,0.0,0.0,0.0,0.0,0.0,0.0,0.0,0.0,0.0,0.0,0.0,0.0
1120,-535.0,0.0,0.0,0.0,0.0,0.0,0.0,0.0,0.0,0.0,0.0,0.0,0.0,0.0,0.0,0.0,0.0,0.0,0.0,0.0,0.0
1121,-534.5,0.0,0.0,0.0,0.0,0.0,0.0,0.0,0.0,0.0,0.0,0.0,0.0,0.0,0.0,0.0,0.0,0.0,0.0,0.0,0.0
1122,-534.0,0.0,0.0,0.0,0.0,0.0,0.0,0.0,0.0,0.0,0.0,0.0,0.0,0.0,0.0,0.0,0.0,0.0,0.0,0.0,0.0
1123,-533.5,0.0,0.0,0.0,0.0,0.0,0.0,0.0,0.0,0.0,0.0,0.0,0.0,0.0,0.0,0.0,0.0,0.0,0.0,0.0,0.0
1124,-533.0,0.0,0.0,0.0,0.0,0.0,0.0,0.0,0.0,0.0,0.0,0.0,0.0,0.0,0.0,0.0,0.0,0.0,0.0,0.0,0.0
1125,-532.5,0.0,0.0,0.0,0.0,0.0,0.0,0.0,0.0,0.0,0.0,0.0,0.0,0.0,0.0,0.0,0.0,0.0,0.0,0.0,0.0
1126,-532.0,0.0,0.0,0.0,0.0,0.0,0.0,0.0,0.0,0.0,0.0,0.0,0.0,0.0,0.0,0.0,0.0,0.0,0.0,0.0,0.0
1127,-531.5,0.0,0.0,0.0,0.0,0.0,0.0,0.0,0.0,0.0,0.0,0.0,0.0,0.0,0.0,0.0,0.0,0.0,0.0,0.0,0.0
1128,-531.0,0.0,0.0,0.0,0.0,0.0,0.0,0.0,0.0,0.0,0.0,0.0,0.0,0.0,0.0,0.0,0.0,0.0,0.0,0.0,0.0
1129,-530.5,0.0,0.0,0.0,0.0,0.0,0.0,0.0,0.0,0.0,0.0,0.0,0.0,0.0,0.0,0.0,0.0,0.0,0.0,0.0,0.0
1130,-530.0,0.0,0.0,0.0,0.0,0.0,0.0,0.0,0.0,0.0,0.0,0.0,0.0,0.0,0.0,0.0,0.0,0.0,0.0,0.0,0.0
1131,-529.5,0.0,0.0,0.0,0.0,0.0,0.0,0.0,0.0,0.0,0.0,0.0,0.0,0.0,0.0,0.0,0.0,0.0,0.0,0.0,0.0
1132,-529.0,0.0,0.0,0.0,0.0,0.0,0.0,0.0,0.0,0.0,0.0,0.0,0.0,0.0,0.0,0.0,0.0,0.0,0.0,0.0,0.0
1133,-528.5,0.0,0.0,0.0,0.0,0.0,0.0,0.0,0.0,0.0,0.0,0.0,0.0,0.0,0.0,0.0,0.0,0.0,0.0,0.0,0.0
1134,-528.0,0.0,0.0,0.0,0.0,0.0,0.0,0.0,0.0,0.0,0.0,0.0,0.0,0.0,0.0,0.0,0.0,0.0,0.0,0.0,0.0
1135,-527.5,0.0,0.0,0.0,0.0,0.0,0.0,0.0,0.0,0.0,0.0,0.0,0.0,0.0,0.0,0.0,0.0,0.0,0.0,0.0,0.0
1136,-527.0,0.0,0.0,0.0,0.0,0.0,0.0,0.0,0.0,0.0,0.0,0.0,0.0,0.0,0.0,0.0,0.0,0.0,0.0,0.0,0.0
1137,-526.5,0.0,0.0,0.0,0.0,0.0,0.0,0.0,0.0,0.0,0.0,0.0,0.0,0.0,0.0,0.0,0.0,0.0,0.0,0.0,0.0
1138,-526.0,0.0,0.0,0.0,0.0,0.0,0.0,0.0,0.0,0.0,0.0,0.0,0.0,0.0,0.0,0.0,0.0,0.0,0.0,0.0,0.0
1139,-525.5,0.0,0.0,0.0,0.0,0.0,0.0,0.0,0.0,0.0,0.0,0.0,0.0,0.0,0.0,0.0,0.0,0.0,0.0,0.0,0.0
1140,-525.0,0.0,0.0,0.0,0.0,0.0,0.0,0.0,0.0,0.0,0.0,0.0,0.0,0.0,0.0,0.0,0.0,0.0,0.0,0.0,0.0
1141,-524.5,0.0,0.0,0.0,0.0,0.0,0.0,0.0,0.0,0.0,0.0,0.0,0.0,0.0,0.0,0.0,0.0,0.0,0.0,0.0,0.0
1142,-524.0,0.0,0.0,0.0,0.0,0.0,0.0,0.0,0.0,0.0,0.0,0.0,0.0,0.0,0.0,0.0,0.0,0.0,0.0,0.0,0.0
1143,-523.5,0.0,0.0,0.0,0.0,0.0,0.0,0.0,0.0,0.0,0.0,0.0,0.0,0.0,0.0,0.0,0.0,0.0,0.0,0.0,0.0
1144,-523.0,0.0,0.0,0.0,0.0,0.0,0.0,0.0,0.0,0.0,0.0,0.0,0.0,0.0,0.0,0.0,0.0,0.0,0.0,0.0,0.0
1145,-522.5,0.0,0.0,0.0,0.0,0.0,0.0,0.0,0.0,0.0,0.0,0.0,0.0,0.0,0.0,0.0,0.0,0.0,0.0,0.0,0.0
1146,-522.0,0.0,0.0,0.0,0.0,0.0,0.0,0.0,0.0,0.0,0.0,0.0,0.0,0.0,0.0,0.0,0.0,0.0,0.0,0.0,0.0
1147,-521.5,0.0,0.0,0.0,0.0,0.0,0.0,0.0,0.0,0.0,0.0,0.0,0.0,0.0,0.0,0.0,0.0,0.0,0.0,0.0,0.0
1148,-521.0,0.0,0.0,0.0,0.0,0.0,0.0,0.0,0.0,0.0,0.0,0.0,0.0,0.0,0.0,0.0,0.0,0.0,0.0,0.0,0.0
1149,-520.5,0.0,0.0,0.0,0.0,0.0,0.0,0.0,0.0,0.0,0.0,0.0,0.0,0.0,0.0,0.0,0.0,0.0,0.0,0.0,0.0
1150,-520.0,0.0,0.0,0.0,0.0,0.0,0.0,0.0,0.0,0.0,0.0,0.0,0.0,0.0,0.0,0.0,0.0,0.0,0.0,0.0,0.0
1151,-519.5,0.0,0.0,0.0,0.0,0.0,0.0,0.0,0.0,0.0,0.0,0.0,0.0,0.0,0.0,0.0,0.0,0.0,0.0,0.0,0.0
1152,-519.0,0.0,0.0,0.0,0.0,0.0,0.0,0.0,0.0,0.0,0.0,0.0,0.0,0.0,0.0,0.0,0.0,0.0,0.0,0.0,0.0
1153,-518.5,0.0,0.0,0.0,0.0,0.0,0.0,0.0,0.0,0.0,0.0,0.0,0.0,0.0,0.0,0.0,0.0,0.0,0.0,0.0,0.0
1154,-518.0,0.0,0.0,0.0,0.0,0.0,0.0,0.0,0.0,0.0,0.0,0.0,0.0,0.0,0.0,0.0,0.0,0.0,0.0,0.0,0.0
1155,-517.5,0.0,0.0,0.0,0.0,0.0,0.0,0.0,0.0,0.0,0.0,0.0,0.0,0.0,0.0,0.0,0.0,0.0,0.0,0.0,0.0
1156,-517.0,0.0,0.0,0.0,0.0,0.0,0.0,0.0,0.0,0.0,0.0,0.0,0.0,0.0,0.0,0.0,0.0,0.0,0.0,0.0,0.0
1157,-516.5,0.0,0.0,0.0,0.0,0.0,0.0,0.0,0.0,0.0,0.0,0.0,0.0,0.0,0.0,0.0,0.0,0.0,0.0,0.0,0.0
1158,-516.0,0.0,0.0,0.0,0.0,0.0,0.0,0.0,0.0,0.0,0.0,0.0,0.0,0.0,0.0,0.0,0.0,0.0,0.0,0.0,0.0
1159,-515.5,0.0,0.0,0.0,0.0,0.0,0.0,0.0,0.0,0.0,0.0,0.0,0.0,0.0,0.0,0.0,0.0,0.0,0.0,0.0,0.0
1160,-515.0,0.0,0.0,0.0,0.0,0.0,0.0,0.0,0.0,0.0,0.0,0.0,0.0,0.0,0.0,0.0,0.0,0.0,0.0,0.0,0.0
1161,-514.5,0.0,0.0,0.0,0.0,0.0,0.0,0.0,0.0,0.0,0.0,0.0,0.0,0.0,0.0,0.0,0.0,0.0,0.0,0.0,0.0
1162,-514.0,0.0,0.0,0.0,0.0,0.0,0.0,0.0,0.0,0.0,0.0,0.0,0.0,0.0,0.0,0.0,0.0,0.0,0.0,0.0,0.0
1163,-513.5,0.0019205000000000003,0.0019205000000000003,0.0019205000000000003,0.0019205000000000003,0.0019205000000000003,0.0019205000000000003,0.0019205000000000003,0.0019205000000000003,0.0019205000000000003,0.0019205000000000003,0.0019205000000000003,0.0019205000000000003,0.0019205000000000003,0.0019205000000000003,0.0019205000000000003,0.0019205000000000003,0.0019205000000000003,0.0019205000000000003,0.0019205000000000003,0.0019205000000000003
1164,-513.0,0.0019205000000000003,0.0019205000000000003,0.0019205000000000003,0.0019205000000000003,0.0019205000000000003,0.0019205000000000003,0.0019205000000000003,0.0019205000000000003,0.0019205000000000003,0.0019205000000000003,0.0019205000000000003,0.0019205000000000003,0.0019205000000000003,0.0019205000000000003,0.0019205000000000003,0.0019205000000000003,0.0019205000000000003,0.0019205000000000003,0.0019205000000000003,0.0019205000000000003
1165,-512.5,0.0019205000000000003,0.0019205000000000003,0.0019205000000000003,0.0019205000000000003,0.0019205000000000003,0.0019205000000000003,0.0019205000000000003,0.0019205000000000003,0.0019205000000000003,0.0019205000000000003,0.0019205000000000003,0.0019205000000000003,0.0019205000000000003,0.0019205000000000003,0.0019205000000000003,0.0019205000000000003,0.0019205000000000003,0.0019205000000000003,0.0019205000000000003,0.0019205000000000003
1166,-512.0,0.0019205000000000003,0.0019205000000000003,0.0019205000000000003,0.0019205000000000003,0.0019205000000000003,0.0019205000000000003,0.0019205000000000003,0.0019205000000000003,0.0019205000000000003,0.0019205000000000003,0.0019205000000000003,0.0019205000000000003,0.0019205000000000003,0.0019205000000000003,0.0019205000000000003,0.0019205000000000003,0.0019205000000000003,0.0019205000000000003,0.0019205000000000003,0.0019205000000000003
1167,-511.5,0.0019205000000000003,0.0019205000000000003,0.0019205000000000003,0.0019205000000000003,0.0019205000000000003,0.0019205000000000003,0.0019205000000000003,0.0019205000000000003,0.0019205000000000003,0.0019205000000000003,0.0019205000000000003,0.0019205000000000003,0.0019205000000000003,0.0019205000000000003,0.0019205000000000003,0.0019205000000000003,0.0019205000000000003,0.0019205000000000003,0.0019205000000000003,0.0019205000000000003
1168,-511.0,0.0019205000000000003,0.0019205000000000003,0.0019205000000000003,0.0019205000000000003,0.0019205000000000003,0.0019205000000000003,0.0019205000000000003,0.0019205000000000003,0.0019205000000000003,0.0019205000000000003,0.0019205000000000003,0.0019205000000000003,0.0019205000000000003,0.0019205000000000003,0.0019205000000000003,0.0019205000000000003,0.0019205000000000003,0.0019205000000000003,0.0019205000000000003,0.0019205000000000003
1169,-510.5,0.0019205000000000003,0.0019205000000000003,0.0019205000000000003,0.0019205000000000003,0.0019205000000000003,0.0019205000000000003,0.0019205000000000003,0.0019205000000000003,0.0019205000000000003,0.0019205000000000003,0.0019205000000000003,0.0019205000000000003,0.0019205000000000003,0.0019205000000000003,0.0019205000000000003,0.0019205000000000003,0.0019205000000000003,0.0019205000000000003,0.0019205000000000003,0.0019205000000000003
1170,-510.0,0.0019205000000000003,0.0019205000000000003,0.0019205000000000003,0.0019205000000000003,0.0019205000000000003,0.0019205000000000003,0.0019205000000000003,0.0019205000000000003,0.0019205000000000003,0.0019205000000000003,0.0019205000000000003,0.0019205000000000003,0.0019205000000000003,0.0019205000000000003,0.0019205000000000003,0.0019205000000000003,0.0019205000000000003,0.0019205000000000003,0.0019205000000000003,0.0019205000000000003
1171,-509.5,0.0019205000000000003,0.0019205000000000003,0.0019205000000000003,0.0019205000000000003,0.0019205000000000003,0.0019205000000000003,0.0019205000000000003,0.0019205000000000003,0.0019205000000000003,0.0019205000000000003,0.0019205000000000003,0.0019205000000000003,0.0019205000000000003,0.0019205000000000003,0.0019205000000000003,0.0019205000000000003,0.0019205000000000003,0.0019205000000000003,0.0019205000000000003,0.0019205000000000003
1172,-509.0,0.0019205000000000003,0.0019205000000000003,0.0019205000000000003,0.0019205000000000003,0.0019205000000000003,0.0019205000000000003,0.0019205000000000003,0.0019205000000000003,0.0019205000000000003,0.0019205000000000003,0.0019205000000000003,0.0019205000000000003,0.0019205000000000003,0.0019205000000000003,0.0019205000000000003,0.0019205000000000003,0.0019205000000000003,0.0019205000000000003,0.0019205000000000003,0.0019205000000000003
1173,-508.5,0.0019205000000000003,0.0019205000000000003,0.0019205000000000003,0.0019205000000000003,0.0019205000000000003,0.0019205000000000003,0.0019205000000000003,0.0019205000000000003,0.0019205000000000003,0.0019205000000000003,0.0019205000000000003,0.0019205000000000003,0.0019205000000000003,0.0019205000000000003,0.0019205000000000003,0.0019205000000000003,0.0019205000000000003,0.0019205000000000003,0.0019205000000000003,0.0019205000000000003
1174,-508.0,0.0019205000000000003,0.0019205000000000003,0.0019205000000000003,0.0019205000000000003,0.0019205000000000003,0.0019205000000000003,0.0019205000000000003,0.0019205000000000003,0.0019205000000000003,0.0019205000000000003,0.0019205000000000003,0.0019205000000000003,0.0019205000000000003,0.0019205000000000003,0.0019205000000000003,0.0019205000000000003,0.0019205000000000003,0.0019205000000000003,0.0019205000000000003,0.0019205000000000003
1175,-507.5,0.0019205000000000003,0.0019205000000000003,0.0019205000000000003,0.0019205000000000003,0.0019205000000000003,0.0019205000000000003,0.0019205000000000003,0.0019205000000000003,0.0019205000000000003,0.0019205000000000003,0.0019205000000000003,0.0019205000000000003,0.0019205000000000003,0.0019205000000000003,0.0019205000000000003,0.0019205000000000003,0.0019205000000000003,0.0019205000000000003,0.0019205000000000003,0.0019205000000000003
1176,-507.0,0.0019205000000000003,0.0019205000000000003,0.0019205000000000003,0.0019205000000000003,0.0019205000000000003,0.0019205000000000003,0.0019205000000000003,0.0019205000000000003,0.0019205000000000003,0.0019205000000000003,0.0019205000000000003,0.0019205000000000003,0.0019205000000000003,0.0019205000000000003,0.0019205000000000003,0.0019205000000000003,0.0019205000000000003,0.0019205000000000003,0.0019205000000000003,0.0019205000000000003
1177,-506.5,0.0038410000000000007,0.0038410000000000007,0.0038410000000000007,0.0038410000000000007,0.0038410000000000007,0.0038410000000000007,0.0038410000000000007,0.0038410000000000007,0.0038410000000000007,0.0038410000000000007,0.0038410000000000007,0.0038410000000000007,0.0038410000000000007,0.0038410000000000007,0.0038410000000000007,0.0038410000000000007,0.0038410000000000007,0.0038410000000000007,0.0038410000000000007,0.0038410000000000007
1178,-506.0,0.0038410000000000007,0.0038410000000000007,0.0038410000000000007,0.0038410000000000007,0.0038410000000000007,0.0038410000000000007,0.0038410000000000007,0.0038410000000000007,0.0038410000000000007,0.0038410000000000007,0.0038410000000000007,0.0038410000000000007,0.0038410000000000007,0.0038410000000000007,0.0038410000000000007,0.0038410000000000007,0.0038410000000000007,0.0038410000000000007,0.0038410000000000007,0.0038410000000000007
1179,-505.5,0.0038410000000000007,0.0038410000000000007,0.0038410000000000007,0.0038410000000000007,0.0038410000000000007,0.0038410000000000007,0.0038410000000000007,0.0038410000000000007,0.0038410000000000007,0.0038410000000000007,0.0038410000000000007,0.0038410000000000007,0.0038410000000000007,0.0038410000000000007,0.0038410000000000007,0.0038410000000000007,0.0038410000000000007,0.0038410000000000007,0.0038410000000000007,0.0038410000000000007
1180,-505.0,0.0038410000000000007,0.0038410000000000007,0.0038410000000000007,0.0038410000000000007,0.0038410000000000007,0.0038410000000000007,0.0038410000000000007,0.0038410000000000007,0.0038410000000000007,0.0038410000000000007,0.0038410000000000007,0.0038410000000000007,0.0038410000000000007,0.0038410000000000007,0.0038410000000000007,0.0038410000000000007,0.0038410000000000007,0.0038410000000000007,0.0038410000000000007,0.0038410000000000007
1181,-504.5,0.0038410000000000007,0.0038410000000000007,0.0038410000000000007,0.0038410000000000007,0.0038410000000000007,0.0038410000000000007,0.0038410000000000007,0.0038410000000000007,0.0038410000000000007,0.0038410000000000007,0.0038410000000000007,0.0038410000000000007,0.0038410000000000007,0.0038410000000000007,0.0038410000000000007,0.0038410000000000007,0.0038410000000000007,0.0038410000000000007,0.0038410000000000007,0.0038410000000000007
1182,-504.0,0.0038410000000000007,0.0038410000000000007,0.0038410000000000007,0.0038410000000000007,0.0038410000000000007,0.0038410000000000007,0.0038410000000000007,0.0038410000000000007,0.0038410000000000007,0.0038410000000000007,0.0038410000000000007,0.0038410000000000007,0.0038410000000000007,0.0038410000000000007,0.0038410000000000007,0.0038410000000000007,0.0038410000000000007,0.0038410000000000007,0.0038410000000000007,0.0038410000000000007
1183,-503.5,0.0057615,0.0057615,0.0057615,0.0057615,0.0057615,0.0057615,0.0057615,0.0057615,0.0057615,0.0057615,0.0057615,0.0057615,0.0057615,0.0057615,0.0057615,0.0057615,0.0057615,0.0057615,0.0057615,0.0057615
1184,-503.0,0.0057615,0.0057615,0.0057615,0.0057615,0.0057615,0.0057615,0.0057615,0.0057615,0.0057615,0.0057615,0.0057615,0.0057615,0.0057615,0.0057615,0.0057615,0.0057615,0.0057615,0.0057615,0.0057615,0.0057615
1185,-502.5,0.0057615,0.0057615,0.0057615,0.0057615,0.0057615,0.0057615,0.0057615,0.0057615,0.0057615,0.0057615,0.0057615,0.0057615,0.0057615,0.0057615,0.0057615,0.0057615,0.0057615,0.0057615,0.0057615,0.0057615
1186,-502.0,0.0057615,0.0057615,0.0057615,0.0057615,0.0057615,0.0057615,0.0057615,0.0057615,0.0057615,0.0057615,0.0057615,0.0057615,0.0057615,0.0057615,0.0057615,0.0057615,0.0057615,0.0057615,0.0057615,0.0057615
1187,-501.5,0.007682000000000001,0.007682000000000001,0.007682000000000001,0.007682000000000001,0.007682000000000001,0.007682000000000001,0.007682000000000001,0.007682000000000001,0.007682000000000001,0.007682000000000001,0.007682000000000001,0.007682000000000001,0.007682000000000001,0.007682000000000001,0.007682000000000001,0.007682000000000001,0.007682000000000001,0.007682000000000001,0.007682000000000001,0.007682000000000001
1188,-501.0,0.007682000000000001,0.007682000000000001,0.007682000000000001,0.007682000000000001,0.007682000000000001,0.007682000000000001,0.007682000000000001,0.007682000000000001,0.007682000000000001,0.007682000000000001,0.007682000000000001,0.007682000000000001,0.007682000000000001,0.007682000000000001,0.007682000000000001,0.007682000000000001,0.007682000000000001,0.007682000000000001,0.007682000000000001,0.007682000000000001
1189,-500.5,0.007682000000000001,0.007682000000000001,0.007682000000000001,0.007682000000000001,0.007682000000000001,0.007682000000000001,0.007682000000000001,0.007682000000000001,0.007682000000000001,0.007682000000000001,0.007682000000000001,0.007682000000000001,0.007682000000000001,0.007682000000000001,0.007682000000000001,0.007682000000000001,0.007682000000000001,0.007682000000000001,0.007682000000000001,0.007682000000000001
1190,-500.0,0.009602500000000002,0.009602500000000002,0.009602500000000002,0.009602500000000002,0.009602500000000002,0.009602500000000002,0.009602500000000002,0.009602500000000002,0.009602500000000002,0.009602500000000002,0.009602500000000002,0.009602500000000002,0.009602500000000002,0.009602500000000002,0.009602500000000002,0.009602500000000002,0.009602500000000002,0.009602500000000002,0.009602500000000002,0.009602500000000002
1191,-499.5,0.011523000000000002,0.011523000000000002,0.011523000000000002,0.011523000000000002,0.011523000000000002,0.011523000000000002,0.011523000000000002,0.011523000000000002,0.011523000000000002,0.011523000000000002,0.011523000000000002,0.011523000000000002,0.011523000000000002,0.011523000000000002,0.011523000000000002,0.011523000000000002,0.011523000000000002,0.011523000000000002,0.011523000000000002,0.011523000000000002
1192,-499.0,0.011523000000000002,0.011523000000000002,0.011523000000000002,0.011523000000000002,0.011523000000000002,0.011523000000000002,0.011523000000000002,0.011523000000000002,0.011523000000000002,0.011523000000000002,0.011523000000000002,0.011523000000000002,0.011523000000000002,0.011523000000000002,0.011523000000000002,0.011523000000000002,0.011523000000000002,0.011523000000000002,0.011523000000000002,0.011523000000000002
1193,-498.5,0.0134435,0.0134435,0.0134435,0.0134435,0.0134435,0.0134435,0.0134435,0.0134435,0.0134435,0.0134435,0.0134435,0.0134435,0.0134435,0.0134435,0.0134435,0.0134435,0.0134435,0.0134435,0.0134435,0.0134435
1194,-498.0,0.0134435,0.0134435,0.0134435,0.0134435,0.0134435,0.0134435,0.0134435,0.0134435,0.0134435,0.0134435,0.0134435,0.0134435,0.0134435,0.0134435,0.0134435,0.0134435,0.0134435,0.0134435,0.0134435,0.0134435
1195,-497.5,0.015364,0.015364,0.015364,0.015364,0.015364,0.015364,0.015364,0.015364,0.015364,0.015364,0.015364,0.015364,0.015364,0.015364,0.015364,0.015364,0.015364,0.015364,0.015364,0.015364
1196,-497.0,0.015364,0.015364,0.015364,0.015364,0.015364,0.015364,0.015364,0.015364,0.015364,0.015364,0.015364,0.015364,0.015364,0.015364,0.015364,0.015364,0.015364,0.015364,0.015364,0.015364
1197,-496.5,0.0172845,0.0172845,0.0172845,0.0172845,0.0172845,0.0172845,0.0172845,0.0172845,0.0172845,0.0172845,0.0172845,0.0172845,0.0172845,0.0172845,0.0172845,0.0172845,0.0172845,0.0172845,0.0172845,0.0172845
1198,-496.0,0.019205,0.019205,0.019205,0.019205,0.019205,0.019205,0.019205,0.019205,0.019205,0.019205,0.019205,0.019205,0.019205,0.019205,0.019205,0.019205,0.019205,0.019205,0.019205,0.019205
1199,-495.5,0.019205,0.019205,0.019205,0.019205,0.019205,0.019205,0.019205,0.019205,0.019205,0.019205,0.019205,0.019205,0.019205,0.019205,0.019205,0.019205,0.019205,0.019205,0.019205,0.019205
1200,-495.0,0.021125500000000002,0.021125500000000002,0.021125500000000002,0.021125500000000002,0.021125500000000002,0.021125500000000002,0.021125500000000002,0.021125500000000002,0.021125500000000002,0.021125500000000002,0.021125500000000002,0.021125500000000002,0.021125500000000002,0.021125500000000002,0.021125500000000002,0.021125500000000002,0.021125500000000002,0.021125500000000002,0.021125500000000002,0.021125500000000002
1201,-494.5,0.023046,0.023046,0.023046,0.023046,0.023046,0.023046,0.023046,0.023046,0.023046,0.023046,0.023046,0.023046,0.023046,0.023046,0.023046,0.023046,0.023046,0.023046,0.023046,0.023046
1202,-494.0,0.0249665,0.0249665,0.0249665,0.0249665,0.0249665,0.0249665,0.0249665,0.0249665,0.0249665,0.0249665,0.0249665,0.0249665,0.0249665,0.0249665,0.0249665,0.0249665,0.0249665,0.0249665,0.0249665,0.0249665
1203,-493.5,0.026886999999999998,0.026886999999999998,0.026886999999999998,0.026886999999999998,0.026886999999999998,0.026886999999999998,0.026886999999999998,0.026886999999999998,0.026886999999999998,0.026886999999999998,0.026886999999999998,0.026886999999999998,0.026886999999999998,0.026886999999999998,0.026886999999999998,0.026886999999999998,0.026886999999999998,0.026886999999999998,0.026886999999999998,0.026886999999999998
1204,-493.0,0.030728,0.030728,0.030728,0.030728,0.030728,0.030728,0.030728,0.030728,0.030728,0.030728,0.030728,0.030728,0.030728,0.030728,0.030728,0.030728,0.030728,0.030728,0.030728,0.030728
1205,-492.5,0.0326485,0.0326485,0.0326485,0.0326485,0.0326485,0.0326485,0.0326485,0.0326485,0.0326485,0.0326485,0.0326485,0.0326485,0.0326485,0.0326485,0.0326485,0.0326485,0.0326485,0.0326485,0.0326485,0.0326485
1206,-492.0,0.034569,0.034569,0.034569,0.034569,0.034569,0.034569,0.034569,0.034569,0.034569,0.034569,0.034569,0.034569,0.034569,0.034569,0.034569,0.034569,0.034569,0.034569,0.034569,0.034569
1207,-491.5,0.0364895,0.0364895,0.0364895,0.0364895,0.0364895,0.0364895,0.0364895,0.0364895,0.0364895,0.0364895,0.0364895,0.0364895,0.0364895,0.0364895,0.0364895,0.0364895,0.0364895,0.0364895,0.0364895,0.0364895
1208,-491.0,0.0403305,0.0403305,0.0403305,0.0403305,0.0403305,0.0403305,0.0403305,0.0403305,0.0403305,0.0403305,0.0403305,0.0403305,0.0403305,0.0403305,0.0403305,0.0403305,0.0403305,0.0403305,0.0403305,0.0403305
1209,-490.5,0.0441715,0.0441715,0.0441715,0.0441715,0.0441715,0.0441715,0.0441715,0.0441715,0.0441715,0.0441715,0.0441715,0.0441715,0.0441715,0.0441715,0.0441715,0.0441715,0.0441715,0.0441715,0.0441715,0.0441715
1210,-490.0,0.04801250000000001,0.04801250000000001,0.04801250000000001,0.04801250000000001,0.04801250000000001,0.04801250000000001,0.04801250000000001,0.04801250000000001,0.04801250000000001,0.04801250000000001,0.04801250000000001,0.04801250000000001,0.04801250000000001,0.04801250000000001,0.04801250000000001,0.04801250000000001,0.04801250000000001,0.04801250000000001,0.04801250000000001,0.04801250000000001
1211,-489.5,0.051853500000000004,0.051853500000000004,0.051853500000000004,0.051853500000000004,0.051853500000000004,0.051853500000000004,0.051853500000000004,0.051853500000000004,0.051853500000000004,0.051853500000000004,0.051853500000000004,0.051853500000000004,0.051853500000000004,0.051853500000000004,0.051853500000000004,0.051853500000000004,0.051853500000000004,0.051853500000000004,0.051853500000000004,0.051853500000000004
1212,-489.0,0.0556945,0.0556945,0.0556945,0.0556945,0.0556945,0.0556945,0.0556945,0.0556945,0.0556945,0.0556945,0.0556945,0.0556945,0.0556945,0.0556945,0.0556945,0.0556945,0.0556945,0.0556945,0.0556945,0.0556945
1213,-488.5,0.0595355,0.0595355,0.0595355,0.0595355,0.0595355,0.0595355,0.0595355,0.0595355,0.0595355,0.0595355,0.0595355,0.0595355,0.0595355,0.0595355,0.0595355,0.0595355,0.0595355,0.0595355,0.0595355,0.0595355
1214,-488.0,0.0672175,0.0672175,0.0672175,0.0672175,0.0672175,0.0672175,0.0672175,0.0672175,0.0672175,0.0672175,0.0672175,0.0672175,0.0672175,0.0672175,0.0672175,0.0672175,0.0672175,0.0672175,0.0672175,0.0672175
1215,-487.5,0.0710585,0.0710585,0.0710585,0.0710585,0.0710585,0.0710585,0.0710585,0.0710585,0.0710585,0.0710585,0.0710585,0.0710585,0.0710585,0.0710585,0.0710585,0.0710585,0.0710585,0.0710585,0.0710585,0.0710585
1216,-487.0,0.07682,0.07682,0.07682,0.07682,0.07682,0.07682,0.07682,0.07682,0.07682,0.07682,0.07682,0.07682,0.07682,0.07682,0.07682,0.07682,0.07682,0.07682,0.07682,0.07682
1217,-486.5,0.0843815,0.0843815,0.0843815,0.0843815,0.0843815,0.0843815,0.0843815,0.0843815,0.0843815,0.0843815,0.0843815,0.0843815,0.0843815,0.0843815,0.0843815,0.0843815,0.0843815,0.0843815,0.0843815,0.0843815
1218,-486.0,0.0920635,0.0920635,0.0920635,0.0920635,0.0920635,0.0920635,0.0920635,0.0920635,0.0920635,0.0920635,0.0920635,0.0920635,0.0920635,0.0920635,0.0920635,0.0920635,0.0920635,0.0920635,0.0920635,0.0920635
1219,-485.5,0.0997455,0.0997455,0.0997455,0.0997455,0.0997455,0.0997455,0.0997455,0.0997455,0.0997455,0.0997455,0.0997455,0.0997455,0.0997455,0.0997455,0.0997455,0.0997455,0.0997455,0.0997455,0.0997455,0.0997455
1220,-485.0,0.10934800000000001,0.10934800000000001,0.10934800000000001,0.10934800000000001,0.10934800000000001,0.10934800000000001,0.10934800000000001,0.10934800000000001,0.10934800000000001,0.10934800000000001,0.10934800000000001,0.10934800000000001,0.10934800000000001,0.10934800000000001,0.10934800000000001,0.10934800000000001,0.10934800000000001,0.10934800000000001,0.10934800000000001,0.10934800000000001
1221,-484.5,0.11703000000000001,0.11703000000000001,0.11703000000000001,0.11703000000000001,0.11703000000000001,0.11703000000000001,0.11703000000000001,0.11703000000000001,0.11703000000000001,0.11703000000000001,0.11703000000000001,0.11703000000000001,0.11703000000000001,0.11703000000000001,0.11703000000000001,0.11703000000000001,0.11703000000000001,0.11703000000000001,0.11703000000000001,0.11703000000000001
1222,-484.0,0.1266325,0.1266325,0.1266325,0.1266325,0.1266325,0.1266325,0.1266325,0.1266325,0.1266325,0.1266325,0.1266325,0.1266325,0.1266325,0.1266325,0.1266325,0.1266325,0.1266325,0.1266325,0.1266325,0.1266325
1223,-483.5,0.13623500000000002,0.13623500000000002,0.13623500000000002,0.13623500000000002,0.13623500000000002,0.13623500000000002,0.13623500000000002,0.13623500000000002,0.13623500000000002,0.13623500000000002,0.13623500000000002,0.13623500000000002,0.13623500000000002,0.13623500000000002,0.13623500000000002,0.13623500000000002,0.13623500000000002,0.13623500000000002,0.13623500000000002,0.13623500000000002
1224,-483.0,0.147758,0.147758,0.147758,0.147758,0.147758,0.147758,0.147758,0.147758,0.147758,0.147758,0.147758,0.147758,0.147758,0.147758,0.147758,0.147758,0.147758,0.147758,0.147758,0.147758
1225,-482.5,0.15928099999999998,0.15928099999999998,0.15928099999999998,0.15928099999999998,0.15928099999999998,0.15928099999999998,0.15928099999999998,0.15928099999999998,0.15928099999999998,0.15928099999999998,0.15928099999999998,0.15928099999999998,0.15928099999999998,0.15928099999999998,0.15928099999999998,0.15928099999999998,0.15928099999999998,0.15928099999999998,0.15928099999999998,0.15928099999999998
1226,-482.0,0.17272450000000003,0.17272450000000003,0.17272450000000003,0.17272450000000003,0.17272450000000003,0.17272450000000003,0.17272450000000003,0.17272450000000003,0.17272450000000003,0.17272450000000003,0.17272450000000003,0.17272450000000003,0.17272450000000003,0.17272450000000003,0.17272450000000003,0.17272450000000003,0.17272450000000003,0.17272450000000003,0.17272450000000003,0.17272450000000003
1227,-481.5,0.18808850000000002,0.18808850000000002,0.18808850000000002,0.18808850000000002,0.18808850000000002,0.18808850000000002,0.18808850000000002,0.18808850000000002,0.18808850000000002,0.18808850000000002,0.18808850000000002,0.18808850000000002,0.18808850000000002,0.18808850000000002,0.18808850000000002,0.18808850000000002,0.18808850000000002,0.18808850000000002,0.18808850000000002,0.18808850000000002
1228,-481.0,0.20345249999999998,0.20345249999999998,0.20345249999999998,0.20345249999999998,0.20345249999999998,0.20345249999999998,0.20345249999999998,0.20345249999999998,0.20345249999999998,0.20345249999999998,0.20345249999999998,0.20345249999999998,0.20345249999999998,0.20345249999999998,0.20345249999999998,0.20345249999999998,0.20345249999999998,0.20345249999999998,0.20345249999999998,0.20345249999999998
1229,-480.5,0.22073700000000004,0.22073700000000004,0.22073700000000004,0.22073700000000004,0.22073700000000004,0.22073700000000004,0.22073700000000004,0.22073700000000004,0.22073700000000004,0.22073700000000004,0.22073700000000004,0.22073700000000004,0.22073700000000004,0.22073700000000004,0.22073700000000004,0.22073700000000004,0.22073700000000004,0.22073700000000004,0.22073700000000004,0.22073700000000004
1230,-480.0,0.23802150000000002,0.23802150000000002,0.23802150000000002,0.23802150000000002,0.23802150000000002,0.23802150000000002,0.23802150000000002,0.23802150000000002,0.23802150000000002,0.23802150000000002,0.23802150000000002,0.23802150000000002,0.23802150000000002,0.23802150000000002,0.23802150000000002,0.23802150000000002,0.23802150000000002,0.23802150000000002,0.23802150000000002,0.23802150000000002
1231,-479.5,0.25902650000000005,0.25902650000000005,0.25902650000000005,0.25902650000000005,0.25902650000000005,0.25902650000000005,0.25902650000000005,0.25902650000000005,0.25902650000000005,0.25902650000000005,0.25902650000000005,0.25902650000000005,0.25902650000000005,0.25902650000000005,0.25902650000000005,0.25902650000000005,0.25902650000000005,0.25902650000000005,0.25902650000000005,0.25902650000000005
1232,-479.0,0.280152,0.280152,0.280152,0.280152,0.280152,0.280152,0.280152,0.280152,0.280152,0.280152,0.280152,0.280152,0.280152,0.280152,0.280152,0.280152,0.280152,0.280152,0.280152,0.280152
1233,-478.5,0.30319799999999997,0.30319799999999997,0.30319799999999997,0.30319799999999997,0.30319799999999997,0.30319799999999997,0.30319799999999997,0.30319799999999997,0.30319799999999997,0.30319799999999997,0.30319799999999997,0.30319799999999997,0.30319799999999997,0.30319799999999997,0.30319799999999997,0.30319799999999997,0.30319799999999997,0.30319799999999997,0.30319799999999997,0.30319799999999997
1234,-478.0,0.3281645,0.3281645,0.3281645,0.3281645,0.3281645,0.3281645,0.3281645,0.3281645,0.3281645,0.3281645,0.3281645,0.3281645,0.3281645,0.3281645,0.3281645,0.3281645,0.3281645,0.3281645,0.3281645,0.3281645
1235,-477.5,0.3550515,0.3550515,0.3550515,0.3550515,0.3550515,0.3550515,0.3550515,0.3550515,0.3550515,0.3550515,0.3550515,0.3550515,0.3550515,0.3550515,0.3550515,0.3550515,0.3550515,0.3550515,0.3550515,0.3550515
1236,-477.0,0.383859,0.383859,0.383859,0.383859,0.383859,0.383859,0.383859,0.383859,0.383859,0.383859,0.383859,0.383859,0.383859,0.383859,0.383859,0.383859,0.383859,0.383859,0.383859,0.383859
1237,-476.5,0.41830750000000005,0.41830750000000005,0.41830750000000005,0.41830750000000005,0.41830750000000005,0.41830750000000005,0.41830750000000005,0.41830750000000005,0.41830750000000005,0.41830750000000005,0.41830750000000005,0.41830750000000005,0.41830750000000005,0.41830750000000005,0.41830750000000005,0.41830750000000005,0.41830750000000005,0.41830750000000005,0.41830750000000005,0.41830750000000005
1238,-476.0,0.4528765,0.4528765,0.4528765,0.4528765,0.4528765,0.4528765,0.4528765,0.4528765,0.4528765,0.4528765,0.4528765,0.4528765,0.4528765,0.4528765,0.4528765,0.4528765,0.4528765,0.4528765,0.4528765,0.4528765
1239,-475.5,0.489366,0.489366,0.489366,0.489366,0.489366,0.489366,0.489366,0.489366,0.489366,0.489366,0.489366,0.489366,0.489366,0.489366,0.489366,0.489366,0.489366,0.489366,0.489366,0.489366
1240,-475.0,0.5296965,0.5296965,0.5296965,0.5296965,0.5296965,0.5296965,0.5296965,0.5296965,0.5296965,0.5296965,0.5296965,0.5296965,0.5296965,0.5296965,0.5296965,0.5296965,0.5296965,0.5296965,0.5296965,0.5296965
1241,-474.5,0.5737475,0.5737475,0.5737475,0.5737475,0.5737475,0.5737475,0.5737475,0.5737475,0.5737475,0.5737475,0.5737475,0.5737475,0.5737475,0.5737475,0.5737475,0.5737475,0.5737475,0.5737475,0.5737475,0.5737475
1242,-474.0,0.6236805000000001,0.6236805000000001,0.6236805000000001,0.6236805000000001,0.6236805000000001,0.6236805000000001,0.6236805000000001,0.6236805000000001,0.6236805000000001,0.6236805000000001,0.6236805000000001,0.6236805000000001,0.6236805000000001,0.6236805000000001,0.6236805000000001,0.6236805000000001,0.6236805000000001,0.6236805000000001,0.6236805000000001,0.6236805000000001
1243,-473.5,0.6736135000000001,0.6736135000000001,0.6736135000000001,0.6736135000000001,0.6736135000000001,0.6736135000000001,0.6736135000000001,0.6736135000000001,0.6736135000000001,0.6736135000000001,0.6736135000000001,0.6736135000000001,0.6736135000000001,0.6736135000000001,0.6736135000000001,0.6736135000000001,0.6736135000000001,0.6736135000000001,0.6736135000000001,0.6736135000000001
1244,-473.0,0.7311080000000001,0.7311080000000001,0.7311080000000001,0.7311080000000001,0.7311080000000001,0.7311080000000001,0.7311080000000001,0.7311080000000001,0.7311080000000001,0.7311080000000001,0.7311080000000001,0.7311080000000001,0.7311080000000001,0.7311080000000001,0.7311080000000001,0.7311080000000001,0.7311080000000001,0.7311080000000001,0.7311080000000001,0.7311080000000001
1245,-472.5,0.7924435000000001,0.7924435000000001,0.7924435000000001,0.7924435000000001,0.7924435000000001,0.7924435000000001,0.7924435000000001,0.7924435000000001,0.7924435000000001,0.7924435000000001,0.7924435000000001,0.7924435000000001,0.7924435000000001,0.7924435000000001,0.7924435000000001,0.7924435000000001,0.7924435000000001,0.7924435000000001,0.7924435000000001,0.7924435000000001
1246,-472.0,0.8577405,0.8577405,0.8577405,0.8577405,0.8577405,0.8577405,0.8577405,0.8577405,0.8577405,0.8577405,0.8577405,0.8577405,0.8577405,0.8577405,0.8577405,0.8577405,0.8577405,0.8577405,0.8577405,0.8577405
1247,-471.5,0.9305990000000002,0.9305990000000002,0.9305990000000002,0.9305990000000002,0.9305990000000002,0.9305990000000002,0.9305990000000002,0.9305990000000002,0.9305990000000002,0.9305990000000002,0.9305990000000002,0.9305990000000002,0.9305990000000002,0.9305990000000002,0.9305990000000002,0.9305990000000002,0.9305990000000002,0.9305990000000002,0.9305990000000002,0.9305990000000002
1248,-471.0,1.0054985,1.0054985,1.0054985,1.0054985,1.0054985,1.0054985,1.0054985,1.0054985,1.0054985,1.0054985,1.0054985,1.0054985,1.0054985,1.0054985,1.0054985,1.0054985,1.0054985,1.0054985,1.0054985,1.0054985
1249,-470.5,1.0918005,1.0918005,1.0918005,1.0918005,1.0918005,1.0918005,1.0918005,1.0918005,1.0918005,1.0918005,1.0918005,1.0918005,1.0918005,1.0918005,1.0918005,1.0918005,1.0918005,1.0918005,1.0918005,1.0918005
1250,-470.0,1.178223,1.178223,1.178223,1.178223,1.178223,1.178223,1.178223,1.178223,1.178223,1.178223,1.178223,1.178223,1.178223,1.178223,1.178223,1.178223,1.178223,1.178223,1.178223,1.178223
1251,-469.5,1.279889,1.279889,1.279889,1.279889,1.279889,1.279889,1.279889,1.279889,1.279889,1.279889,1.279889,1.279889,1.279889,1.279889,1.279889,1.279889,1.279889,1.279889,1.279889,1.279889
1252,-469.0,1.3816755000000003,1.3816755000000003,1.3816755000000003,1.3816755000000003,1.3816755000000003,1.3816755000000003,1.3816755000000003,1.3816755000000003,1.3816755000000003,1.3816755000000003,1.3816755000000003,1.3816755000000003,1.3816755000000003,1.3816755000000003,1.3816755000000003,1.3816755000000003,1.3816755000000003,1.3816755000000003,1.3816755000000003,1.3816755000000003
1253,-468.5,1.4967850000000003,1.4967850000000003,1.4967850000000003,1.4967850000000003,1.4967850000000003,1.4967850000000003,1.4967850000000003,1.4967850000000003,1.4967850000000003,1.4967850000000003,1.4967850000000003,1.4967850000000003,1.4967850000000003,1.4967850000000003,1.4967850000000003,1.4967850000000003,1.4967850000000003,1.4967850000000003,1.4967850000000003,1.4967850000000003
1254,-468.0,1.6234175000000002,1.6234175000000002,1.6234175000000002,1.6234175000000002,1.6234175000000002,1.6234175000000002,1.6234175000000002,1.6234175000000002,1.6234175000000002,1.6234175000000002,1.6234175000000002,1.6234175000000002,1.6234175000000002,1.6234175000000002,1.6234175000000002,1.6234175000000002,1.6234175000000002,1.6234175000000002,1.6234175000000002,1.6234175000000002
1255,-467.5,1.757732,1.757732,1.757732,1.757732,1.757732,1.757732,1.757732,1.757732,1.757732,1.757732,1.757732,1.757732,1.757732,1.757732,1.757732,1.757732,1.757732,1.757732,1.757732,1.757732
1256,-467.0,1.9035695000000001,1.9035695000000001,1.9035695000000001,1.9035695000000001,1.9035695000000001,1.9035695000000001,1.9035695000000001,1.9035695000000001,1.9035695000000001,1.9035695000000001,1.9035695000000001,1.9035695000000001,1.9035695000000001,1.9035695000000001,1.9035695000000001,1.9035695000000001,1.9035695000000001,1.9035695000000001,1.9035695000000001,1.9035695000000001
1257,-466.5,2.0590095,2.0590095,2.0590095,2.0590095,2.0590095,2.0590095,2.0590095,2.0590095,2.0590095,2.0590095,2.0590095,2.0590095,2.0590095,2.0590095,2.0590095,2.0590095,2.0590095,2.0590095,2.0590095,2.0590095
1258,-466.0,2.2316135000000004,2.2316135000000004,2.2316135000000004,2.2316135000000004,2.2316135000000004,2.2316135000000004,2.2316135000000004,2.2316135000000004,2.2316135000000004,2.2316135000000004,2.2316135000000004,2.2316135000000004,2.2316135000000004,2.2316135000000004,2.2316135000000004,2.2316135000000004,2.2316135000000004,2.2316135000000004,2.2316135000000004,2.2316135000000004
1259,-465.5,2.415861,2.415861,2.415861,2.415861,2.415861,2.415861,2.415861,2.415861,2.415861,2.415861,2.415861,2.415861,2.415861,2.415861,2.415861,2.415861,2.415861,2.415861,2.415861,2.415861
1260,-465.0,2.6154725,2.6154725,2.6154725,2.6154725,2.6154725,2.6154725,2.6154725,2.6154725,2.6154725,2.6154725,2.6154725,2.6154725,2.6154725,2.6154725,2.6154725,2.6154725,2.6154725,2.6154725,2.6154725,2.6154725
1261,-464.5,2.8304480000000005,2.8304480000000005,2.8304480000000005,2.8304480000000005,2.8304480000000005,2.8304480000000005,2.8304480000000005,2.8304480000000005,2.8304480000000005,2.8304480000000005,2.8304480000000005,2.8304480000000005,2.8304480000000005,2.8304480000000005,2.8304480000000005,2.8304480000000005,2.8304480000000005,2.8304480000000005,2.8304480000000005,2.8304480000000005
1262,-464.0,3.0664285000000002,3.0664285000000002,3.0664285000000002,3.0664285000000002,3.0664285000000002,3.0664285000000002,3.0664285000000002,3.0664285000000002,3.0664285000000002,3.0664285000000002,3.0664285000000002,3.0664285000000002,3.0664285000000002,3.0664285000000002,3.0664285000000002,3.0664285000000002,3.0664285000000002,3.0664285000000002,3.0664285000000002,3.0664285000000002
1263,-463.5,3.315973,3.315973,3.315973,3.315973,3.315973,3.315973,3.315973,3.315973,3.315973,3.315973,3.315973,3.315973,3.315973,3.315973,3.315973,3.315973,3.315973,3.315973,3.315973,3.315973
1264,-463.0,3.5921635,3.5921635,3.5921635,3.5921635,3.5921635,3.5921635,3.5921635,3.5921635,3.5921635,3.5921635,3.5921635,3.5921635,3.5921635,3.5921635,3.5921635,3.5921635,3.5921635,3.5921635,3.5921635,3.5921635
1265,-462.5,3.8896,3.8896,3.8896,3.8896,3.8896,3.8896,3.8896,3.8896,3.8896,3.8896,3.8896,3.8896,3.8896,3.8896,3.8896,3.8896,3.8896,3.8896,3.8896,3.8896
1266,-462.0,4.208162000000001,4.208162000000001,4.208162000000001,4.208162000000001,4.208162000000001,4.208162000000001,4.208162000000001,4.208162000000001,4.208162000000001,4.208162000000001,4.208162000000001,4.208162000000001,4.208162000000001,4.208162000000001,4.208162000000001,4.208162000000001,4.208162000000001,4.208162000000001,4.208162000000001,4.208162000000001
1267,-461.5,4.5555315,4.5555315,4.5555315,4.5555315,4.5555315,4.5555315,4.5555315,4.5555315,4.5555315,4.5555315,4.5555315,4.5555315,4.5555315,4.5555315,4.5555315,4.5555315,4.5555315,4.5555315,4.5555315,4.5555315
1268,-461.0,4.929667500000001,4.929667500000001,4.929667500000001,4.929667500000001,4.929667500000001,4.929667500000001,4.929667500000001,4.929667500000001,4.929667500000001,4.929667500000001,4.929667500000001,4.929667500000001,4.929667500000001,4.929667500000001,4.929667500000001,4.929667500000001,4.929667500000001,4.929667500000001,4.929667500000001,4.929667500000001
1269,-460.5,5.336452,5.336452,5.336452,5.336452,5.336452,5.336452,5.336452,5.336452,5.336452,5.336452,5.336452,5.336452,5.336452,5.336452,5.336452,5.336452,5.336452,5.336452,5.336452,5.336452
1270,-460.0,5.7721645,5.7721645,5.7721645,5.7721645,5.7721645,5.7721645,5.7721645,5.7721645,5.7721645,5.7721645,5.7721645,5.7721645,5.7721645,5.7721645,5.7721645,5.7721645,5.7721645,5.7721645,5.7721645,5.7721645
1271,-459.5,6.2479665,6.2479665,6.2479665,6.2479665,6.2479665,6.2479665,6.2479665,6.2479665,6.2479665,6.2479665,6.2479665,6.2479665,6.2479665,6.2479665,6.2479665,6.2479665,6.2479665,6.2479665,6.2479665,6.2479665
1272,-459.0,6.758337500000001,6.758337500000001,6.758337500000001,6.758337500000001,6.758337500000001,6.758337500000001,6.758337500000001,6.758337500000001,6.758337500000001,6.758337500000001,6.758337500000001,6.758337500000001,6.758337500000001,6.758337500000001,6.758337500000001,6.758337500000001,6.758337500000001,6.758337500000001,6.758337500000001,6.758337500000001
1273,-458.5,7.312880000000001,7.312880000000001,7.312880000000001,7.312880000000001,7.312880000000001,7.312880000000001,7.312880000000001,7.312880000000001,7.312880000000001,7.312880000000001,7.312880000000001,7.312880000000001,7.312880000000001,7.312880000000001,7.312880000000001,7.312880000000001,7.312880000000001,7.312880000000001,7.312880000000001,7.312880000000001
1274,-458.0,7.909552999999999,7.909552999999999,7.909552999999999,7.909552999999999,7.909552999999999,7.909552999999999,7.909552999999999,7.909552999999999,7.909552999999999,7.909552999999999,7.909552999999999,7.909552999999999,7.909552999999999,7.909552999999999,7.909552999999999,7.909552999999999,7.909552999999999,7.909552999999999,7.909552999999999,7.909552999999999
1275,-457.5,8.5524385,8.5524385,8.5524385,8.5524385,8.5524385,8.5524385,8.5524385,8.5524385,8.5524385,8.5524385,8.5524385,8.5524385,8.5524385,8.5524385,8.5524385,8.5524385,8.5524385,8.5524385,8.5524385,8.5524385
1276,-457.0,9.247057,9.247057,9.247057,9.247057,9.247057,9.247057,9.247057,9.247057,9.247057,9.247057,9.247057,9.247057,9.247057,9.247057,9.247057,9.247057,9.247057,9.247057,9.247057,9.247057
1277,-456.5,9.995449500000001,9.995449500000001,9.995449500000001,9.995449500000001,9.995449500000001,9.995449500000001,9.995449500000001,9.995449500000001,9.995449500000001,9.995449500000001,9.995449500000001,9.995449500000001,9.995449500000001,9.995449500000001,9.995449500000001,9.995449500000001,9.995449500000001,9.995449500000001,9.995449500000001,9.995449500000001
1278,-456.0,10.8051775,10.8051775,10.8051775,10.8051775,10.8051775,10.8051775,10.8051775,10.8051775,10.8051775,10.8051775,10.8051775,10.8051775,10.8051775,10.8051775,10.8051775,10.8051775,10.8051775,10.8051775,10.8051775,10.8051775
1279,-455.5,11.6745615,11.6745615,11.6745615,11.6745615,11.6745615,11.6745615,11.6745615,11.6745615,11.6745615,11.6745615,11.6745615,11.6745615,11.6745615,11.6745615,11.6745615,11.6745615,11.6745615,11.6745615,11.6745615,11.6745615
1280,-455.0,12.6128425,12.6128425,12.6128425,12.6128425,12.6128425,12.6128425,12.6128425,12.6128425,12.6128425,12.6128425,12.6128425,12.6128425,12.6128425,12.6128425,12.6128425,12.6128425,12.6128425,12.6128425,12.6128425,12.6128425
1281,-454.5,13.623982000000003,13.623982000000003,13.623982000000003,13.623982000000003,13.623982000000003,13.623982000000003,13.623982000000003,13.623982000000003,13.623982000000003,13.623982000000003,13.623982000000003,13.623982000000003,13.623982000000003,13.623982000000003,13.623982000000003,13.623982000000003,13.623982000000003,13.623982000000003,13.623982000000003,13.623982000000003
1282,-454.0,14.711941500000002,14.711941500000002,14.711941500000002,14.711941500000002,14.711941500000002,14.711941500000002,14.711941500000002,14.711941500000002,14.711941500000002,14.711941500000002,14.711941500000002,14.711941500000002,14.711941500000002,14.711941500000002,14.711941500000002,14.711941500000002,14.711941500000002,14.711941500000002,14.711941500000002,14.711941500000002
1283,-453.5,15.8804415,15.8804415,15.8804415,15.8804415,15.8804415,15.8804415,15.8804415,15.8804415,15.8804415,15.8804415,15.8804415,15.8804415,15.8804415,15.8804415,15.8804415,15.8804415,15.8804415,15.8804415,15.8804415,15.8804415
1284,-453.0,17.135364000000003,17.135364000000003,17.135364000000003,17.135364000000003,17.135364000000003,17.135364000000003,17.135364000000003,17.135364000000003,17.135364000000003,17.135364000000003,17.135364000000003,17.135364000000003,17.135364000000003,17.135364000000003,17.135364000000003,17.135364000000003,17.135364000000003,17.135364000000003,17.135364000000003,17.135364000000003
1285,-452.5,18.484150000000003,18.484150000000003,18.484150000000003,18.484150000000003,18.484150000000003,18.484150000000003,18.484150000000003,18.484150000000003,18.484150000000003,18.484150000000003,18.484150000000003,18.484150000000003,18.484150000000003,18.484150000000003,18.484150000000003,18.484150000000003,18.484150000000003,18.484150000000003,18.484150000000003,18.484150000000003
1286,-452.0,19.9308815,19.9308815,19.9308815,19.9308815,19.9308815,19.9308815,19.9308815,19.9308815,19.9308815,19.9308815,19.9308815,19.9308815,19.9308815,19.9308815,19.9308815,19.9308815,19.9308815,19.9308815,19.9308815,19.9308815
1287,-451.5,21.477479000000002,21.477479000000002,21.477479000000002,21.477479000000002,21.477479000000002,21.477479000000002,21.477479000000002,21.477479000000002,21.477479000000002,21.477479000000002,21.477479000000002,21.477479000000002,21.477479000000002,21.477479000000002,21.477479000000002,21.477479000000002,21.477479000000002,21.477479000000002,21.477479000000002,21.477479000000002
1288,-451.0,23.133304000000003,23.133304000000003,23.133304000000003,23.133304000000003,23.133304000000003,23.133304000000003,23.133304000000003,23.133304000000003,23.133304000000003,23.133304000000003,23.133304000000003,23.133304000000003,23.133304000000003,23.133304000000003,23.133304000000003,23.133304000000003,23.133304000000003,23.133304000000003,23.133304000000003,23.133304000000003
1289,-450.5,24.906158999999995,24.906158999999995,24.906158999999995,24.906158999999995,24.906158999999995,24.906158999999995,24.906158999999995,24.906158999999995,24.906158999999995,24.906158999999995,24.906158999999995,24.906158999999995,24.906158999999995,24.906158999999995,24.906158999999995,24.906158999999995,24.906158999999995,24.906158999999995,24.906158999999995,24.906158999999995
1290,-450.0,26.7961645,26.7961645,26.7961645,26.7961645,26.7961645,26.7961645,26.7961645,26.7961645,26.7961645,26.7961645,26.7961645,26.7961645,26.7961645,26.7961645,26.7961645,26.7961645,26.7961645,26.7961645,26.7961645,26.7961645
1291,-449.5,28.812441000000003,28.812441000000003,28.812441000000003,28.812441000000003,28.812441000000003,28.812441000000003,28.812441000000003,28.812441000000003,28.812441000000003,28.812441000000003,28.812441000000003,28.812441000000003,28.812441000000003,28.812441000000003,28.812441000000003,28.812441000000003,28.812441000000003,28.812441000000003,28.812441000000003,28.812441000000003
1292,-449.0,30.957391,30.957391,30.957391,30.957391,30.957391,30.957391,30.957391,30.957391,30.957391,30.957391,30.957391,30.957391,30.957391,30.957391,30.957391,30.957391,30.957391,30.957391,30.957391,30.957391
1293,-448.5,33.234735,33.234735,33.234735,33.234735,33.234735,33.234735,33.234735,33.234735,33.234735,33.234735,33.234735,33.234735,33.234735,33.234735,33.234735,33.234735,33.234735,33.234735,33.234735,33.234735
1294,-448.0,35.648314000000006,35.648314000000006,35.648314000000006,35.648314000000006,35.648314000000006,35.648314000000006,35.648314000000006,35.648314000000006,35.648314000000006,35.648314000000006,35.648314000000006,35.648314000000006,35.648314000000006,35.648314000000006,35.648314000000006,35.648314000000006,35.648314000000006,35.648314000000006,35.648314000000006,35.648314000000006
1295,-447.5,38.205569000000004,38.205569000000004,38.205569000000004,38.205569000000004,38.205569000000004,38.205569000000004,38.205569000000004,38.205569000000004,38.205569000000004,38.205569000000004,38.205569000000004,38.205569000000004,38.205569000000004,38.205569000000004,38.205569000000004,38.205569000000004,38.205569000000004,38.205569000000004,38.205569000000004,38.205569000000004
1296,-447.0,40.90662049999999,40.90662049999999,40.90662049999999,40.90662049999999,40.90662049999999,40.90662049999999,40.90662049999999,40.90662049999999,40.90662049999999,40.90662049999999,40.90662049999999,40.90662049999999,40.90662049999999,40.90662049999999,40.90662049999999,40.90662049999999,40.90662049999999,40.90662049999999,40.90662049999999,40.90662049999999
1297,-446.5,43.749648,43.747748,43.747848000000005,43.747948,43.748048000000004,43.748148,43.748248000000004,43.748348,43.748448,43.748548,43.748648,43.748748,43.748848,43.748948,43.749048,43.749148,43.749248,43.749348000000005,43.749448,43.749548000000004
1298,-446.0,46.7382925,46.7363925,46.736492500000004,46.7365925,46.736692500000004,46.7367925,46.7368925,46.7369925,46.7370925,46.7371925,46.7372925,46.7373925,46.7374925,46.7375925,46.7376925,46.7377925,46.7378925,46.737992500000004,46.7380925,46.738192500000004
1299,-445.5,49.87073350000001,49.86883350000001,49.86893350000001,49.86903350000001,49.86913350000001,49.86923350000001,49.86933350000001,49.86943350000001,49.86953350000001,49.869633500000006,49.86973350000001,49.869833500000006,49.86993350000001,49.870033500000005,49.87013350000001,49.870233500000005,49.87033350000001,49.87043350000001,49.87053350000001,49.87063350000001
1300,-445.0,53.143130000000006,53.14123000000001,53.14133000000001,53.14143000000001,53.14153000000001,53.141630000000006,53.14173000000001,53.141830000000006,53.14193000000001,53.142030000000005,53.14213000000001,53.142230000000005,53.14233000000001,53.142430000000004,53.14253000000001,53.142630000000004,53.14273000000001,53.14283000000001,53.14293000000001,53.14303000000001
1301,-444.5,56.55332050000001,56.55142050000001,56.55152050000002,56.55162050000001,56.551720500000016,56.55182050000001,56.551920500000016,56.55202050000001,56.552120500000015,56.55222050000001,56.552320500000015,56.55242050000001,56.552520500000014,56.55262050000001,56.552720500000014,56.55282050000001,56.55292050000001,56.55302050000002,56.55312050000001,56.553220500000016
1302,-444.0,60.0957845,60.0938845,60.093984500000005,60.0940845,60.094184500000004,60.0942845,60.094384500000004,60.0944845,60.0945845,60.0946845,60.0947845,60.0948845,60.0949845,60.0950845,60.0951845,60.0952845,60.0953845,60.095484500000005,60.0955845,60.095684500000004
1303,-443.5,63.766319499999994,63.764419499999995,63.7645195,63.764619499999995,63.7647195,63.764819499999994,63.7649195,63.765019499999994,63.7651195,63.76521949999999,63.7653195,63.76541949999999,63.765519499999996,63.76561949999999,63.765719499999996,63.76581949999999,63.765919499999995,63.7660195,63.766119499999995,63.7662195
1304,-443.0,67.55004350000002,67.54814350000001,67.54824350000001,67.54834350000002,67.5484435,67.54854350000001,67.54864350000001,67.54874350000001,67.5488435,67.54894350000001,67.54904350000001,67.54914350000001,67.5492435,67.5493435,67.54944350000001,67.54954350000001,67.5496435,67.5497435,67.54984350000001,67.54994350000001
1305,-442.5,71.444313,71.44241299999999,71.44251299999999,71.442613,71.44271299999998,71.44281299999999,71.44291299999999,71.443013,71.44311299999998,71.44321299999999,71.44331299999999,71.44341299999999,71.44351299999998,71.44361299999998,71.44371299999999,71.44381299999999,71.44391299999998,71.44401299999998,71.44411299999999,71.44421299999999
1306,-442.0,75.42488450000002,75.42298450000001,75.42308450000002,75.42318450000002,75.42328450000001,75.42338450000001,75.42348450000001,75.42358450000002,75.42368450000001,75.42378450000001,75.42388450000001,75.42398450000002,75.4240845,75.42418450000001,75.42428450000001,75.42438450000002,75.4244845,75.42458450000001,75.42468450000001,75.42478450000002
1307,-441.5,79.48923500000001,79.487335,79.487435,79.48753500000001,79.487635,79.487735,79.487835,79.48793500000001,79.488035,79.488135,79.488235,79.488335,79.488435,79.488535,79.488635,79.488735,79.488835,79.488935,79.489035,79.489135
1308,-441.0,83.6202005,83.61830049999999,83.61840049999999,83.6185005,83.61860049999999,83.61870049999999,83.61880049999999,83.6189005,83.61900049999998,83.61910049999999,83.61920049999999,83.6193005,83.61940049999998,83.61950049999999,83.61960049999999,83.6197005,83.61980049999998,83.61990049999999,83.62000049999999,83.62010049999999
1309,-440.5,87.80421700000001,87.802317,87.802417,87.80251700000001,87.802617,87.802717,87.802817,87.80291700000001,87.803017,87.803117,87.803217,87.803317,87.803417,87.803517,87.803617,87.803717,87.803817,87.803917,87.804017,87.804117
1310,-440.0,92.0164385,92.0145385,92.0146385,92.0147385,92.0148385,92.0149385,92.0150385,92.0151385,92.0152385,92.0153385,92.0154385,92.0155385,92.0156385,92.0157385,92.0158385,92.0159385,92.0160385,92.0161385,92.0162385,92.0163385
1311,-439.5,96.249042,96.245242,96.24544200000001,96.245642,96.24584200000001,96.246042,96.24624200000001,96.246442,96.24664200000001,96.246842,96.24704200000001,96.247242,96.247442,96.247642,96.247842,96.248042,96.248242,96.24844200000001,96.248642,96.24884200000001
1312,-439.0,100.4751815,100.4713815,100.47158150000001,100.4717815,100.47198150000001,100.4721815,100.47238150000001,100.4725815,100.47278150000001,100.4729815,100.47318150000001,100.4733815,100.47358150000001,100.4737815,100.47398150000001,100.4741815,100.4743815,100.47458150000001,100.4747815,100.47498150000001
1313,-438.5,104.68115200000001,104.67735200000001,104.67755200000002,104.67775200000001,104.67795200000002,104.67815200000001,104.67835200000002,104.67855200000001,104.67875200000002,104.67895200000001,104.67915200000002,104.67935200000001,104.67955200000002,104.67975200000001,104.67995200000001,104.680152,104.68035200000001,104.68055200000002,104.68075200000001,104.68095200000002
1314,-438.0,108.85146900000002,108.84766900000002,108.84786900000003,108.84806900000002,108.84826900000003,108.84846900000002,108.84866900000003,108.84886900000002,108.84906900000003,108.84926900000002,108.84946900000003,108.84966900000002,108.84986900000003,108.85006900000002,108.85026900000003,108.85046900000002,108.85066900000002,108.85086900000003,108.85106900000002,108.85126900000003
1315,-437.5,112.96908900000001,112.96528900000001,112.96548900000002,112.96568900000001,112.96588900000002,112.96608900000001,112.96628900000002,112.96648900000001,112.96668900000002,112.96688900000001,112.96708900000002,112.96728900000001,112.96748900000001,112.96768900000001,112.96788900000001,112.968089,112.96828900000001,112.96848900000002,112.96868900000001,112.96888900000002
1316,-437.0,117.01636600000002,117.01256600000002,117.01276600000003,117.01296600000002,117.01316600000003,117.01336600000002,117.01356600000003,117.01376600000002,117.01396600000002,117.01416600000002,117.01436600000002,117.01456600000002,117.01476600000002,117.01496600000002,117.01516600000002,117.01536600000001,117.01556600000002,117.01576600000003,117.01596600000002,117.01616600000003
1317,-436.5,120.97983600000002,120.97413600000002,120.97443600000001,120.97473600000002,120.97503600000002,120.97533600000001,120.97563600000001,120.97593600000002,120.97623600000001,120.97653600000001,120.97683600000002,120.97713600000002,120.97743600000001,120.97773600000002,120.97803600000002,120.97833600000001,120.97863600000001,120.97893600000002,120.97923600000001,120.97953600000001
1318,-436.0,124.844176,124.838476,124.838776,124.839076,124.839376,124.839676,124.839976,124.840276,124.840576,124.840876,124.841176,124.841476,124.841776,124.842076,124.842376,124.842676,124.842976,124.843276,124.843576,124.843876
1319,-435.5,128.59760150000002,128.59190150000003,128.59220150000004,128.59250150000003,128.59280150000004,128.59310150000005,128.59340150000003,128.59370150000004,128.59400150000005,128.59430150000003,128.59460150000004,128.59490150000002,128.59520150000003,128.59550150000004,128.59580150000002,128.59610150000003,128.59640150000004,128.59670150000002,128.59700150000003,128.59730150000004
1320,-435.0,132.23615099999998,132.230451,132.230751,132.23105099999998,132.231351,132.231651,132.23195099999998,132.232251,132.232551,132.23285099999998,132.233151,132.23345099999997,132.23375099999998,132.234051,132.23435099999998,132.23465099999999,132.234951,132.23525099999998,132.235551,132.235851
1321,-434.5,135.74444000000003,135.73684000000003,135.73724000000004,135.73764000000003,135.73804000000004,135.73844000000003,135.73884000000004,135.73924000000002,135.73964000000004,135.74004000000002,135.74044000000004,135.74084000000002,135.74124000000003,135.74164000000002,135.74204000000003,135.74244000000002,135.74284000000003,135.74324000000004,135.74364000000003,135.74404000000004
1322,-434.0,139.118307,139.110707,139.111107,139.111507,139.111907,139.112307,139.112707,139.11310699999999,139.113507,139.11390699999998,139.114307,139.11470699999998,139.115107,139.11550699999998,139.115907,139.11630699999998,139.116707,139.117107,139.117507,139.117907
1323,-433.5,142.34837000000005,142.34077000000005,142.34117000000006,142.34157000000005,142.34197000000006,142.34237000000005,142.34277000000006,142.34317000000004,142.34357000000006,142.34397000000004,142.34437000000005,142.34477000000004,142.34517000000005,142.34557000000004,142.34597000000005,142.34637000000004,142.34677000000005,142.34717000000006,142.34757000000005,142.34797000000006
1324,-433.0,145.43796749999998,145.42846749999998,145.42896749999997,145.4294675,145.42996749999998,145.4304675,145.43096749999998,145.43146749999997,145.43196749999998,145.43246749999997,145.4329675,145.43346749999998,145.4339675,145.43446749999998,145.43496749999997,145.4354675,145.43596749999998,145.4364675,145.43696749999998,145.43746749999997
1325,-432.5,148.37753800000002,148.368038,148.368538,148.36903800000002,148.369538,148.37003800000002,148.370538,148.371038,148.37153800000002,148.372038,148.37253800000002,148.373038,148.37353800000002,148.374038,148.374538,148.37503800000002,148.375538,148.37603800000002,148.376538,148.377038
1326,-432.0,151.17066100000005,151.16116100000005,151.16166100000004,151.16216100000005,151.16266100000004,151.16316100000006,151.16366100000005,151.16416100000004,151.16466100000005,151.16516100000004,151.16566100000006,151.16616100000005,151.16666100000006,151.16716100000005,151.16766100000004,151.16816100000005,151.16866100000004,151.16916100000006,151.16966100000005,151.17016100000004
1327,-431.5,153.82091600000004,153.80951600000003,153.81011600000002,153.81071600000004,153.81131600000003,153.81191600000002,153.81251600000002,153.81311600000004,153.81371600000003,153.81431600000002,153.81491600000004,153.81551600000003,153.81611600000002,153.81671600000004,153.81731600000003,153.81791600000003,153.81851600000002,153.81911600000004,153.81971600000003,153.82031600000002
1328,-431.0,156.320662,156.309262,156.30986199999998,156.310462,156.311062,156.31166199999998,156.31226199999998,156.312862,156.313462,156.31406199999998,156.314662,156.315262,156.31586199999998,156.316462,156.317062,156.31766199999998,156.31826199999998,156.318862,156.319462,156.32006199999998
1329,-430.5,158.6771785,158.6638785,158.6645785,158.6652785,158.66597850000002,158.66667850000002,158.6673785,158.6680785,158.6687785,158.6694785,158.67017850000002,158.67087850000001,158.6715785,158.6722785,158.6729785,158.67367850000002,158.67437850000002,158.6750785,158.6757785,158.6764785
1330,-430.0,160.896027,160.88272700000002,160.883427,160.884127,160.88482700000003,160.88552700000002,160.88622700000002,160.88692700000001,160.887627,160.888327,160.88902700000003,160.88972700000002,160.89042700000002,160.891127,160.891827,160.89252700000003,160.89322700000002,160.89392700000002,160.894627,160.895327
1331,-429.5,162.97512550000005,162.95992550000005,162.96072550000005,162.96152550000005,162.96232550000005,162.96312550000005,162.96392550000004,162.96472550000004,162.96552550000004,162.96632550000007,162.96712550000007,162.96792550000006,162.96872550000006,162.96952550000006,162.97032550000006,162.97112550000006,162.97192550000005,162.97272550000005,162.97352550000005,162.97432550000005
1332,-429.0,164.92193550000002,164.90483550000002,164.90573550000002,164.90663550000002,164.90753550000002,164.90843550000002,164.90933550000003,164.91023550000003,164.91113550000003,164.91203550000003,164.91293550000003,164.9138355,164.9147355,164.9156355,164.9165355,164.9174355,164.9183355,164.9192355,164.92013550000001,164.92103550000002
1333,-428.5,166.7436775,166.7265775,166.7274775,166.7283775,166.7292775,166.7301775,166.7310775,166.7319775,166.7328775,166.7337775,166.7346775,166.73557749999998,166.73647749999998,166.73737749999998,166.73827749999998,166.73917749999998,166.74007749999998,166.74097749999999,166.7418775,166.7427775
1334,-428.0,168.43839000000003,168.41939000000002,168.42039000000003,168.42139000000003,168.42239,168.42339,168.42439000000002,168.42539000000002,168.42639000000003,168.42739000000003,168.42839,168.42939,168.43039000000002,168.43139000000002,168.43239000000003,168.43339000000003,168.43439,168.43539,168.43639000000002,168.43739000000002
1335,-427.5,170.019055,169.998155,169.999255,170.00035499999998,170.001455,170.002555,170.003655,170.004755,170.005855,170.006955,170.00805499999998,170.009155,170.010255,170.011355,170.012455,170.013555,170.014655,170.01575499999998,170.016855,170.017955
1336,-427.0,171.48735199999996,171.46455199999997,171.46575199999998,171.46695199999996,171.46815199999998,171.46935199999996,171.47055199999997,171.47175199999998,171.47295199999996,171.47415199999998,171.47535199999996,171.47655199999997,171.47775199999998,171.47895199999996,171.48015199999998,171.48135199999996,171.48255199999997,171.48375199999998,171.48495199999996,171.48615199999998
1337,-426.5,172.84304000000003,172.81834000000003,172.81964000000002,172.82094000000004,172.82224000000002,172.82354000000004,172.82484000000002,172.82614000000004,172.82744000000002,172.82874000000004,172.83004000000003,172.83134000000004,172.83264000000003,172.83394000000004,172.83524000000003,172.83654000000004,172.83784000000003,172.83914000000004,172.84044000000003,172.84174000000004
1338,-426.0,174.099201,174.072601,174.07400099999998,174.075401,174.076801,174.07820099999998,174.079601,174.081001,174.082401,174.083801,174.08520099999998,174.086601,174.088001,174.08940099999998,174.090801,174.092201,174.09360099999998,174.095001,174.096401,174.097801
1339,-425.5,175.25727350000003,175.22877350000002,175.2302735,175.2317735,175.23327350000002,175.23477350000002,175.2362735,175.2377735,175.23927350000002,175.24077350000002,175.2422735,175.2437735,175.24527350000002,175.24677350000002,175.2482735,175.2497735,175.25127350000002,175.25277350000002,175.2542735,175.2557735
1340,-425.0,176.32479849999999,176.2924985,176.2941985,176.2958985,176.2975985,176.2992985,176.3009985,176.3026985,176.3043985,176.3060985,176.3077985,176.3094985,176.3111985,176.3128985,176.3145985,176.3162985,176.3179985,176.3196985,176.3213985,176.3230985
1341,-424.5,177.3032555,177.2690555,177.2708555,177.2726555,177.27445550000002,177.27625550000002,177.2780555,177.2798555,177.2816555,177.2834555,177.2852555,177.2870555,177.2888555,177.2906555,177.29245550000002,177.29425550000002,177.2960555,177.2978555,177.2996555,177.3014555
1342,-424.0,178.198024,178.161924,178.163824,178.165724,178.167624,178.169524,178.171424,178.173324,178.175224,178.177124,178.179024,178.180924,178.182824,178.184724,178.186624,178.188524,178.190424,178.19232399999999,178.194224,178.196124
1343,-423.5,179.0147245,178.9748245,178.97692450000002,178.9790245,178.98112450000002,178.9832245,178.98532450000002,178.9874245,178.98952450000002,178.9916245,178.9937245,178.9958245,178.9979245,179.00002450000002,179.0021245,179.00422450000002,179.0063245,179.00842450000002,179.0105245,179.01262450000002
1344,-423.0,179.758416,179.714716,179.717016,179.71931600000002,179.721616,179.723916,179.72621600000002,179.728516,179.730816,179.73311600000002,179.73541600000001,179.737716,179.740016,179.74231600000002,179.744616,179.746916,179.74921600000002,179.751516,179.753816,179.75611600000002
1345,-422.5,180.4311395,180.3836395,180.38613949999998,180.38863949999998,180.39113949999998,180.39363949999998,180.39613949999998,180.39863949999997,180.4011395,180.4036395,180.4061395,180.4086395,180.4111395,180.4136395,180.41613949999999,180.41863949999998,180.42113949999998,180.42363949999998,180.42613949999998,180.42863949999997
1346,-422.0,181.03793350000004,180.98663350000004,180.98933350000004,180.99203350000005,180.99473350000005,180.99743350000003,181.00013350000003,181.00283350000004,181.00553350000004,181.00823350000005,181.01093350000005,181.01363350000003,181.01633350000003,181.01903350000003,181.02173350000004,181.02443350000004,181.02713350000005,181.02983350000005,181.03253350000003,181.03523350000003
1347,-421.5,181.58083900000003,181.52573900000002,181.52863900000003,181.531539,181.53443900000002,181.537339,181.540239,181.54313900000002,181.546039,181.54893900000002,181.55183900000003,181.554739,181.55763900000002,181.560539,181.56343900000002,181.56633900000003,181.569239,181.57213900000002,181.575039,181.57793900000001
1348,-421.0,182.06501500000002,182.00611500000002,182.009215,182.01231500000003,182.01541500000002,182.01851500000004,182.02161500000003,182.02471500000001,182.02781500000003,182.03091500000002,182.034015,182.03711500000003,182.04021500000002,182.04331500000004,182.04641500000002,182.049515,182.05261500000003,182.05571500000002,182.058815,182.06191500000003
1349,-420.5,182.4944025,182.4298025,182.4332025,182.4366025,182.4400025,182.4434025,182.4468025,182.4502025,182.4536025,182.4570025,182.4604025,182.46380249999999,182.46720249999998,182.47060249999998,182.47400249999998,182.47740249999998,182.48080249999998,182.48420249999998,182.48760249999998,182.4910025
1350,-420.0,182.86866050000003,182.79836050000003,182.80206050000004,182.80576050000002,182.80946050000003,182.81316050000004,182.81686050000002,182.82056050000003,182.82426050000004,182.82796050000002,182.83166050000003,182.83536050000004,182.83906050000002,182.84276050000003,182.84646050000003,182.85016050000002,182.85386050000002,182.85756050000003,182.86126050000004,182.86496050000002
1351,-419.5,183.19559150000003,183.11959150000004,183.12359150000003,183.12759150000005,183.13159150000004,183.13559150000003,183.13959150000005,183.14359150000004,183.14759150000003,183.15159150000005,183.15559150000004,183.15959150000003,183.16359150000005,183.16759150000004,183.17159150000003,183.17559150000005,183.17959150000004,183.18359150000003,183.18759150000005,183.19159150000004
1352,-419.0,183.474834,183.39313399999998,183.39743399999998,183.40173399999998,183.40603399999998,183.41033399999998,183.41463399999998,183.41893399999998,183.42323399999998,183.42753399999998,183.43183399999998,183.43613399999998,183.44043399999998,183.44473399999998,183.44903399999998,183.45333399999998,183.45763399999998,183.46193399999999,183.466234,183.470534
1353,-418.5,183.71237000000002,183.62307,183.62777000000003,183.63247,183.63717000000003,183.64187,183.64657000000003,183.65127,183.65597000000002,183.66067,183.66537000000002,183.67007,183.67477000000002,183.67947,183.68417000000002,183.68887,183.69357000000002,183.69827,183.70297000000002,183.70767
1354,-418.0,183.90474049999997,183.80784049999997,183.81294049999997,183.81804049999997,183.82314049999997,183.82824049999996,183.83334049999996,183.83844049999996,183.84354049999996,183.84864049999996,183.85374049999996,183.85884049999996,183.86394049999996,183.86904049999998,183.87414049999998,183.87924049999998,183.88434049999998,183.88944049999998,183.89454049999998,183.89964049999998
1355,-417.5,184.0614275,183.9569275,183.96242750000002,183.9679275,183.9734275,183.9789275,183.9844275,183.9899275,183.9954275,184.00092750000002,184.0064275,184.0119275,184.0174275,184.0229275,184.0284275,184.0339275,184.03942750000002,184.0449275,184.0504275,184.0559275
1356,-417.0,184.1773925,184.0652925,184.0711925,184.0770925,184.0829925,184.0888925,184.0947925,184.1006925,184.1065925,184.1124925,184.1183925,184.1242925,184.1301925,184.1360925,184.1419925,184.1478925,184.1537925,184.1596925,184.1655925,184.1714925
1357,-416.5,184.26425849999998,184.14265849999998,184.1490585,184.15545849999998,184.1618585,184.16825849999998,184.1746585,184.18105849999998,184.1874585,184.19385849999998,184.2002585,184.20665849999997,184.2130585,184.21945849999997,184.2258585,184.23225849999997,184.23865849999999,184.24505849999997,184.25145849999998,184.25785849999997
1358,-416.0,184.316987,184.183987,184.190987,184.197987,184.204987,184.211987,184.218987,184.225987,184.232987,184.239987,184.246987,184.253987,184.260987,184.267987,184.274987,184.28198700000002,184.288987,184.295987,184.302987,184.309987
1359,-415.5,184.34376250000003,184.19936250000003,184.20696250000003,184.21456250000003,184.22216250000002,184.22976250000002,184.23736250000005,184.24496250000004,184.25256250000004,184.26016250000004,184.26776250000003,184.27536250000003,184.28296250000002,184.29056250000002,184.29816250000005,184.30576250000004,184.31336250000004,184.32096250000004,184.32856250000003,184.33616250000003
1360,-415.0,184.341708,184.185908,184.194108,184.20230800000002,184.210508,184.21870800000002,184.226908,184.23510800000003,184.243308,184.251508,184.25970800000002,184.267908,184.27610800000002,184.284308,184.292508,184.30070800000001,184.308908,184.31710800000002,184.325308,184.33350800000002
1361,-414.5,184.3154875,184.1463875,184.15528750000001,184.1641875,184.1730875,184.1819875,184.1908875,184.1997875,184.2086875,184.2175875,184.2264875,184.2353875,184.2442875,184.2531875,184.2620875,184.2709875,184.2798875,184.2887875,184.2976875,184.3065875
1362,-414.0,184.26968549999998,184.08728549999998,184.09688549999998,184.1064855,184.11608549999997,184.12568549999997,184.13528549999998,184.1448855,184.1544855,184.16408549999997,184.17368549999998,184.18328549999998,184.1928855,184.20248549999997,184.21208549999997,184.22168549999998,184.23128549999998,184.2408855,184.25048549999997,184.26008549999997
1363,-413.5,184.20344550000002,184.00584550000002,184.01624550000003,184.02664550000003,184.03704550000003,184.0474455,184.0578455,184.06824550000002,184.07864550000002,184.08904550000003,184.09944550000003,184.10984550000003,184.1202455,184.1306455,184.14104550000002,184.15144550000002,184.16184550000003,184.17224550000003,184.1826455,184.1930455
1364,-413.0,184.1236135,183.9089135,183.92021350000002,183.93151350000002,183.9428135,183.9541135,183.9654135,183.97671350000002,183.98801350000002,183.9993135,184.0106135,184.0219135,184.03321350000002,184.04451350000002,184.0558135,184.0671135,184.0784135,184.08971350000002,184.10101350000002,184.1123135
1365,-412.5,184.02373300000002,183.79193300000003,183.80413300000004,183.81633300000004,183.82853300000002,183.84073300000003,183.85293300000004,183.86513300000004,183.87733300000002,183.88953300000003,183.90173300000004,183.91393300000004,183.92613300000002,183.93833300000003,183.95053300000004,183.96273300000004,183.97493300000002,183.98713300000003,183.99933300000004,184.01153300000004
1366,-412.0,183.90870900000002,183.65790900000002,183.67110900000003,183.684309,183.69750900000003,183.710709,183.72390900000002,183.737109,183.75030900000002,183.76350900000003,183.776709,183.78990900000002,183.803109,183.81630900000002,183.82950900000003,183.842709,183.85590900000003,183.869109,183.88230900000002,183.895509
1367,-411.5,183.78898750000002,183.5172875,183.5315875,183.54588750000002,183.5601875,183.5744875,183.5887875,183.60308750000002,183.6173875,183.6316875,183.64598750000002,183.6602875,183.6745875,183.68888750000002,183.7031875,183.7174875,183.7317875,183.74608750000002,183.7603875,183.7746875
1368,-411.0,183.65833250000003,183.36383250000003,183.37933250000003,183.39483250000004,183.41033250000004,183.42583250000004,183.44133250000002,183.45683250000002,183.47233250000002,183.48783250000002,183.50333250000003,183.51883250000003,183.53433250000003,183.54983250000004,183.56533250000004,183.58083250000004,183.59633250000002,183.61183250000002,183.62733250000002,183.64283250000003
1369,-410.5,183.523349,183.204149,183.220949,183.237749,183.254549,183.27134900000001,183.288149,183.304949,183.321749,183.338549,183.355349,183.372149,183.388949,183.40574900000001,183.422549,183.439349,183.456149,183.472949,183.489749,183.506549
1370,-410.0,183.37936000000002,183.03356000000002,183.05176000000003,183.06996,183.08816000000002,183.10636000000002,183.12456000000003,183.14276,183.16096000000002,183.17916000000002,183.19736000000003,183.21556,183.23376000000002,183.25196000000003,183.27016000000003,183.28836,183.30656000000002,183.32476000000003,183.34296000000003,183.36116
1371,-409.5,183.233091,182.858791,182.878491,182.898191,182.917891,182.937591,182.957291,182.976991,182.996691,183.016391,183.036091,183.055791,183.075491,183.095191,183.114891,183.134591,183.154291,183.173991,183.193691,183.213391
1372,-409.0,183.087165,182.680565,182.701965,182.723365,182.744765,182.766165,182.787565,182.808965,182.830365,182.851765,182.873165,182.894565,182.915965,182.937365,182.958765,182.980165,183.001565,183.022965,183.044365,183.065765
1373,-408.5,182.94220499999997,182.50140499999998,182.52460499999998,182.54780499999998,182.57100499999999,182.594205,182.617405,182.64060499999997,182.66380499999997,182.68700499999997,182.71020499999997,182.73340499999998,182.75660499999998,182.77980499999998,182.80300499999998,182.826205,182.849405,182.87260499999996,182.89580499999997,182.91900499999997
1374,-408.0,182.793534,182.316634,182.341734,182.36683399999998,182.391934,182.417034,182.44213399999998,182.467234,182.492334,182.51743399999998,182.542534,182.567634,182.592734,182.617834,182.642934,182.668034,182.693134,182.718234,182.743334,182.76843399999998
1375,-407.5,182.6508545,182.13405450000002,182.1612545,182.1884545,182.21565450000003,182.24285450000002,182.27005450000001,182.2972545,182.32445450000003,182.35165450000002,182.37885450000002,182.4060545,182.43325450000003,182.46045450000003,182.48765450000002,182.5148545,182.5420545,182.56925450000003,182.59645450000002,182.62365450000001
1376,-407.0,182.507328,181.946828,181.97632800000002,182.005828,182.03532800000002,182.064828,182.09432800000002,182.123828,182.15332800000002,182.182828,182.212328,182.241828,182.271328,182.30082800000002,182.330328,182.35982800000002,182.389328,182.41882800000002,182.448328,182.47782800000002
1377,-406.5,182.366816,181.760716,181.792616,181.824516,181.856416,181.888316,181.920216,181.952116,181.984016,182.015916,182.047816,182.079716,182.111616,182.143516,182.175416,182.207316,182.239216,182.271116,182.303016,182.334916
1378,-406.0,182.23348000000001,181.57608000000002,181.61068000000003,181.64528,181.67988000000003,181.71448,181.74908000000002,181.78368000000003,181.81828000000002,181.85288000000003,181.88748,181.92208000000002,181.95668,181.99128000000002,182.02588000000003,182.06048,182.09508000000002,182.12968,182.16428000000002,182.19888000000003
1379,-405.5,182.10172,181.39112,181.42852,181.46592,181.50332,181.54072,181.57812,181.61552,181.65292,181.69032,181.72772,181.76512,181.80252,181.83992,181.87732,181.91472,181.95212,181.98952,182.02692,182.06432
1380,-405.0,181.9811975,181.2097975,181.25039750000002,181.2909975,181.33159750000002,181.3721975,181.4127975,181.4533975,181.4939975,181.53459750000002,181.5751975,181.6157975,181.6563975,181.6969975,181.73759750000002,181.7781975,181.81879750000002,181.8593975,181.8999975,181.9405975
1381,-404.5,181.86045099999998,181.02635099999998,181.07025099999998,181.11415099999996,181.15805099999997,181.20195099999998,181.245851,181.28975099999997,181.33365099999997,181.37755099999998,181.421451,181.46535099999997,181.50925099999998,181.55315099999999,181.59705099999996,181.64095099999997,181.68485099999998,181.728751,181.77265099999997,181.81655099999998
1382,-404.0,181.74710100000001,180.842701,180.890301,180.937901,180.985501,181.03310100000002,181.080701,181.128301,181.175901,181.223501,181.27110100000002,181.318701,181.366301,181.413901,181.461501,181.50910100000002,181.556701,181.604301,181.651901,181.699501
1383,-403.5,181.6408065,180.6604065,180.7120065,180.76360649999998,180.8152065,180.8668065,180.9184065,180.97000649999998,181.0216065,181.0732065,181.1248065,181.17640649999998,181.2280065,181.2796065,181.3312065,181.3828065,181.4344065,181.4860065,181.53760649999998,181.5892065
1384,-403.0,181.53604699999997,180.47394699999998,180.529847,180.58574699999997,180.64164699999998,180.697547,180.753447,180.80934699999997,180.86524699999998,180.921147,180.97704699999997,181.03294699999998,181.088847,181.144747,181.20064699999998,181.25654699999998,181.312447,181.36834699999997,181.42424699999998,181.480147
1385,-402.5,181.43978149999998,180.2902815,180.35078149999998,180.4112815,180.4717815,180.53228149999998,180.5927815,180.6532815,180.71378149999998,180.7742815,180.8347815,180.89528149999998,180.9557815,181.0162815,181.07678149999998,181.1372815,181.1977815,181.25828149999998,181.3187815,181.3792815
1386,-402.0,181.350069,180.105569,180.171069,180.236569,180.302069,180.367569,180.433069,180.498569,180.564069,180.629569,180.695069,180.760569,180.826069,180.891569,180.957069,181.022569,181.088069,181.153569,181.219069,181.284569
1387,-401.5,181.26484799999997,179.91584799999998,179.98684799999998,180.05784799999998,180.12884799999998,180.19984799999997,180.27084799999997,180.34184799999997,180.412848,180.483848,180.554848,180.625848,180.696848,180.767848,180.83884799999998,180.90984799999998,180.98084799999998,181.05184799999998,181.12284799999998,181.19384799999997
1388,-401.0,181.18185699999998,179.720757,179.797657,179.87455699999998,179.951457,180.028357,180.105257,180.182157,180.25905699999998,180.33595699999998,180.412857,180.489757,180.566657,180.643557,180.72045699999998,180.797357,180.874257,180.951157,181.028057,181.10495699999998
1389,-400.5,181.11379599999998,179.531096,179.614396,179.69769599999998,179.780996,179.864296,179.947596,180.03089599999998,180.114196,180.197496,180.28079599999998,180.364096,180.447396,180.53069599999998,180.613996,180.697296,180.780596,180.86389599999998,180.947196,181.030496
1390,-400.0,181.04194199999998,179.32814199999999,179.418342,179.50854199999998,179.598742,179.688942,179.77914199999998,179.869342,179.959542,180.04974199999998,180.139942,180.23014199999997,180.32034199999998,180.410542,180.50074199999997,180.59094199999998,180.681142,180.77134199999998,180.861542,180.951742
1391,-399.5,180.98055399999998,179.12425399999998,179.22195399999998,179.31965399999999,179.417354,179.515054,179.61275399999997,179.71045399999997,179.80815399999997,179.90585399999998,180.00355399999998,180.10125399999998,180.198954,180.296654,180.394354,180.49205399999997,180.58975399999997,180.68745399999997,180.78515399999998,180.88285399999998
1392,-399.0,180.920391,178.910191,179.01599099999999,179.121791,179.227591,179.333391,179.439191,179.544991,179.650791,179.756591,179.862391,179.968191,180.073991,180.179791,180.285591,180.391391,180.497191,180.602991,180.708791,180.814591
1393,-398.5,180.868512,178.691112,178.805712,178.920312,179.034912,179.14951200000002,179.264112,179.378712,179.493312,179.607912,179.722512,179.837112,179.95171200000001,180.066312,180.180912,180.295512,180.410112,180.524712,180.63931200000002,180.753912
1394,-398.0,180.8207145,178.4628145,178.5869145,178.7110145,178.8351145,178.9592145,179.0833145,179.2074145,179.3315145,179.4556145,179.5797145,179.70381450000002,179.82791450000002,179.95201450000002,180.07611450000002,180.20021450000002,180.3243145,180.4484145,180.5725145,180.6966145
1395,-397.5,180.77697799999999,178.223378,178.357778,178.492178,178.626578,178.760978,178.895378,179.029778,179.164178,179.298578,179.432978,179.567378,179.701778,179.836178,179.970578,180.104978,180.239378,180.373778,180.508178,180.642578
1396,-397.0,180.73514100000003,177.97064100000003,178.11614100000003,178.26164100000003,178.40714100000002,178.55264100000002,178.69814100000002,178.84364100000002,178.98914100000002,179.13464100000002,179.28014100000004,179.42564100000004,179.57114100000004,179.71664100000004,179.86214100000004,180.00764100000004,180.15314100000003,180.29864100000003,180.44414100000003,180.58964100000003
1397,-396.5,180.70056250000002,177.7061625,177.8637625,178.0213625,178.1789625,178.3365625,178.49416250000002,178.65176250000002,178.8093625,178.9669625,179.1245625,179.2821625,179.4397625,179.5973625,179.7549625,179.9125625,180.0701625,180.2277625,180.3853625,180.54296250000002
1398,-396.0,180.670981,177.429581,177.60018100000002,177.770781,177.941381,178.11198100000001,178.28258100000002,178.453181,178.623781,178.79438100000002,178.96498100000002,179.135581,179.306181,179.47678100000002,179.64738100000002,179.817981,179.988581,180.15918100000002,180.32978100000003,180.500381
1399,-395.5,180.6428555,177.1316555,177.3164555,177.50125549999998,177.68605549999998,177.8708555,178.0556555,178.2404555,178.4252555,178.6100555,178.79485549999998,178.9796555,179.1644555,179.3492555,179.5340555,179.7188555,179.90365549999999,180.08845549999998,180.2732555,180.4580555
1400,-395.0,180.619445,176.81754500000002,177.01764500000002,177.21774500000004,177.41784500000003,177.61794500000002,177.818045,178.01814500000003,178.21824500000002,178.41834500000002,178.61844500000004,178.81854500000003,179.01864500000002,179.218745,179.41884500000003,179.61894500000002,179.81904500000002,180.01914500000004,180.21924500000003,180.41934500000002
1401,-394.5,180.6006085,176.4852085,176.7018085,176.9184085,177.1350085,177.3516085,177.5682085,177.7848085,178.0014085,178.2180085,178.4346085,178.6512085,178.8678085,179.0844085,179.3010085,179.5176085,179.7342085,179.9508085,180.1674085,180.3840085
1402,-394.0,180.5825845,176.1270845,176.3615845,176.5960845,176.8305845,177.06508449999998,177.2995845,177.5340845,177.7685845,178.0030845,178.2375845,178.4720845,178.7065845,178.9410845,179.17558449999999,179.41008449999998,179.6445845,179.8790845,180.1135845,180.3480845
1403,-393.5,180.570773,175.748573,176.002373,176.256173,176.509973,176.763773,177.017573,177.27137299999998,177.525173,177.77897299999998,178.032773,178.286573,178.540373,178.794173,179.04797299999998,179.301773,179.55557299999998,179.809373,180.063173,180.316973
1404,-393.0,180.55961250000001,175.3403125,175.6150125,175.8897125,176.1644125,176.43911250000002,176.71381250000002,176.9885125,177.2632125,177.5379125,177.8126125,178.08731250000002,178.36201250000002,178.63671250000002,178.9114125,179.1861125,179.4608125,179.7355125,180.01021250000002,180.28491250000002
1405,-392.5,180.554603,174.905903,175.203203,175.500503,175.797803,176.095103,176.392403,176.689703,176.987003,177.284303,177.581603,177.878903,178.176203,178.473503,178.770803,179.068103,179.365403,179.662703,179.960003,180.257303
1406,-392.0,180.55366250000003,174.43946250000002,174.76126250000002,175.0830625,175.4048625,175.72666250000003,176.04846250000003,176.37026250000002,176.69206250000002,177.01386250000002,177.3356625,177.6574625,177.97926250000003,178.30106250000003,178.62286250000002,178.94466250000002,179.26646250000002,179.5882625,179.9100625,180.2318625
1407,-391.5,180.5533115,173.9375115,174.2857115,174.6339115,174.9821115,175.3303115,175.6785115,176.0267115,176.3749115,176.7231115,177.0713115,177.4195115,177.7677115,178.1159115,178.4641115,178.8123115,179.1605115,179.5087115,179.8569115,180.2051115
1408,-391.0,180.5569885,173.3996885,173.7763885,174.1530885,174.5297885,174.9064885,175.2831885,175.6598885,176.0365885,176.4132885,176.7899885,177.1666885,177.5433885,177.9200885,178.2967885,178.6734885,179.0501885,179.4268885,179.8035885,180.1802885
1409,-390.5,180.5666935,172.8241935,173.2316935,173.6391935,174.0466935,174.4541935,174.8616935,175.2691935,175.6766935,176.0841935,176.4916935,176.8991935,177.3066935,177.7141935,178.12169350000002,178.52919350000002,178.93669350000002,179.34419350000002,179.75169350000002,180.15919350000001
1410,-390.0,180.575065,172.199865,172.64066499999998,173.08146499999998,173.52226499999998,173.963065,174.403865,174.844665,175.285465,175.72626499999998,176.16706499999998,176.60786499999998,177.048665,177.489465,177.930265,178.371065,178.81186499999998,179.25266499999998,179.69346499999997,180.134265
1411,-389.5,180.591444,171.534144,172.010844,172.48754399999999,172.964244,173.440944,173.917644,174.394344,174.87104399999998,175.347744,175.824444,176.301144,176.777844,177.254544,177.731244,178.207944,178.684644,179.16134399999999,179.638044,180.114744
1412,-389.0,180.610369,170.815869,171.331369,171.846869,172.362369,172.877869,173.39336899999998,173.90886899999998,174.42436899999998,174.939869,175.455369,175.970869,176.486369,177.001869,177.517369,178.032869,178.54836899999998,179.06386899999998,179.57936899999999,180.094869
1413,-388.5,180.6317195,170.0449195,170.6021195,171.15931949999998,171.7165195,172.2737195,172.8309195,173.3881195,173.94531949999998,174.5025195,175.0597195,175.6169195,176.1741195,176.73131949999998,177.28851949999998,177.8457195,178.4029195,178.9601195,179.51731949999999,180.07451949999998
1414,-388.0,180.655775,169.213975,169.81617500000002,170.418375,171.020575,171.62277500000002,172.224975,172.827175,173.429375,174.031575,174.633775,175.235975,175.838175,176.44037500000002,177.042575,177.644775,178.246975,178.849175,179.451375,180.053575
1415,-387.5,180.68645600000002,168.323156,168.973856,169.624556,170.275256,170.925956,171.576656,172.22735600000001,172.87805600000002,173.52875600000002,174.17945600000002,174.83015600000002,175.48085600000002,176.13155600000002,176.78225600000002,177.43295600000002,178.08365600000002,178.73435600000002,179.38505600000002,180.03575600000002
1416,-387.0,180.720101,167.363101,168.066101,168.769101,169.472101,170.175101,170.878101,171.581101,172.284101,172.987101,173.690101,174.393101,175.096101,175.799101,176.502101,177.205101,177.908101,178.611101,179.314101,180.017101
1417,-386.5,180.7568305,166.3339305,167.0930305,167.85213050000002,168.6112305,169.3703305,170.1294305,170.8885305,171.64763050000002,172.4067305,173.1658305,173.92493050000002,174.6840305,175.4431305,176.2022305,176.9613305,177.72043050000002,178.4795305,179.2386305,179.99773050000002
1418,-386.0,180.7987035,165.22820349999998,166.04770349999998,166.8672035,167.68670349999996,168.50620349999997,169.32570349999997,170.14520349999998,170.96470349999998,171.7842035,172.60370349999997,173.42320349999997,174.24270349999998,175.06220349999998,175.8817035,176.7012035,177.52070349999997,178.34020349999997,179.15970349999998,179.97920349999998
1419,-385.5,180.8460405,164.0424405,164.9268405,165.8112405,166.6956405,167.5800405,168.4644405,169.3488405,170.2332405,171.1176405,172.0020405,172.8864405,173.7708405,174.6552405,175.5396405,176.4240405,177.3084405,178.1928405,179.0772405,179.9616405
1420,-385.0,180.8989005,162.77100049999999,163.7251005,164.67920049999998,165.6333005,166.58740049999997,167.54150049999998,168.4956005,169.44970049999998,170.4038005,171.35790049999997,172.31200049999998,173.2661005,174.22020049999998,175.1743005,176.1284005,177.08250049999998,178.0366005,178.99070049999997,179.94480049999999
1421,-384.5,180.9520835,161.40488349999998,162.43368349999997,163.4624835,164.49128349999998,165.52008349999997,166.5488835,167.57768349999998,168.6064835,169.63528349999999,170.66408349999998,171.6928835,172.72168349999998,173.75048349999997,174.7792835,175.80808349999998,176.83688349999997,177.8656835,178.89448349999998,179.9232835
1422,-384.0,181.0112895,159.9440895,161.0528895,162.1616895,163.2704895,164.3792895,165.4880895,166.5968895,167.70568949999998,168.81448949999998,169.92328949999998,171.03208949999998,172.1408895,173.2496895,174.3584895,175.4672895,176.5760895,177.6848895,178.7936895,179.9024895
1423,-383.5,181.0786185,158.3850185,159.5794185,160.7738185,161.9682185,163.1626185,164.3570185,165.5514185,166.7458185,167.94021850000001,169.1346185,170.3290185,171.5234185,172.7178185,173.9122185,175.1066185,176.3010185,177.4954185,178.6898185,179.8842185
1424,-383.0,181.1487295,156.7166295,158.0025295,159.2884295,160.5743295,161.8602295,163.1461295,164.4320295,165.71792950000003,167.00382950000002,168.28972950000002,169.57562950000002,170.86152950000002,172.14742950000002,173.4333295,174.7192295,176.0051295,177.2910295,178.5769295,179.8628295
1425,-382.5,181.2255225,154.93712250000002,156.32072250000002,157.70432250000002,159.08792250000002,160.47152250000002,161.85512250000002,163.23872250000002,164.62232250000002,166.00592250000003,167.38952250000003,168.77312250000003,170.15672250000003,171.54032250000003,172.9239225,174.3075225,175.6911225,177.0747225,178.4583225,179.8419225
1426,-382.0,181.3055975,153.0392975,154.5269975,156.0146975,157.5023975,158.9900975,160.4777975,161.9654975,163.45319750000002,164.9408975,166.4285975,167.9162975,169.4039975,170.8916975,172.3793975,173.8670975,175.35479750000002,176.8424975,178.3301975,179.81789750000002
1427,-381.5,181.3891545,151.0195545,152.6179545,154.2163545,155.8147545,157.4131545,159.0115545,160.6099545,162.2083545,163.8067545,165.4051545,167.0035545,168.6019545,170.2003545,171.7987545,173.3971545,174.9955545,176.5939545,178.1923545,179.7907545
1428,-381.0,181.48369350000002,148.8796935,150.5956935,152.3116935,154.0276935,155.7436935,157.45969350000001,159.1756935,160.8916935,162.6076935,164.3236935,166.0396935,167.7556935,169.47169350000001,171.1876935,172.9036935,174.6196935,176.3356935,178.0516935,179.7676935
1429,-380.5,181.58029399999998,146.606994,148.44769399999998,150.28839399999998,152.12909399999998,153.96979399999998,155.81049399999998,157.65119399999998,159.49189399999997,161.332594,163.173294,165.013994,166.854694,168.695394,170.536094,172.376794,174.217494,176.058194,177.89889399999998,179.73959399999998
1430,-380.0,181.682656,144.203256,146.175856,148.148456,150.121056,152.093656,154.066256,156.038856,158.011456,159.984056,161.956656,163.929256,165.901856,167.874456,169.847056,171.819656,173.792256,175.764856,177.737456,179.710056
1431,-379.5,181.79267950000002,141.66847950000002,143.7802795,145.89207950000002,148.0038795,150.11567950000003,152.22747950000002,154.33927950000003,156.45107950000002,158.5628795,160.67467950000002,162.7864795,164.89827950000003,167.01007950000002,169.1218795,171.23367950000002,173.3454795,175.45727950000003,177.56907950000002,179.68087950000003
1432,-379.0,181.9087645,138.9972645,141.2557645,143.5142645,145.7727645,148.0312645,150.2897645,152.5482645,154.80676449999999,157.0652645,159.3237645,161.5822645,163.8407645,166.0992645,168.3577645,170.6162645,172.8747645,175.1332645,177.3917645,179.6502645
1433,-378.5,182.02697,136.18757,138.60017,141.01277,143.42537,145.83796999999998,148.25056999999998,150.66317,153.07577,155.48837,157.90097,160.31357,162.72617,165.13877,167.55137,169.96397,172.37657,174.78916999999998,177.20176999999998,179.61437
1434,-378.0,182.152837,133.246837,135.820837,138.394837,140.968837,143.542837,146.116837,148.690837,151.264837,153.838837,156.412837,158.986837,161.560837,164.134837,166.708837,169.282837,171.856837,174.430837,177.004837,179.578837
1435,-377.5,182.278945,130.169545,132.912145,135.654745,138.397345,141.139945,143.882545,146.625145,149.367745,152.110345,154.852945,157.595545,160.338145,163.080745,165.823345,168.565945,171.308545,174.051145,176.793745,179.536345
1436,-377.0,182.4103735,126.9645735,129.8827735,132.8009735,135.7191735,138.6373735,141.5555735,144.4737735,147.3919735,150.3101735,153.2283735,156.14657350000002,159.0647735,161.9829735,164.9011735,167.8193735,170.7375735,173.6557735,176.5739735,179.4921735
1437,-376.5,182.5489635,123.6375635,126.7381635,129.8387635,132.9393635,136.0399635,139.14056349999998,142.2411635,145.3417635,148.4423635,151.54296349999998,154.6435635,157.7441635,160.8447635,163.94536349999998,167.0459635,170.1465635,173.2471635,176.34776349999999,179.4483635
1438,-376.0,182.68847399999999,120.19367399999999,123.48287399999998,126.77207399999999,130.061274,133.350474,136.63967399999999,139.92887399999998,143.21807399999997,146.507274,149.796474,153.08567399999998,156.37487399999998,159.664074,162.953274,166.242474,169.53167399999998,172.82087399999998,176.110074,179.399274
1439,-375.5,182.82872550000002,116.63842550000001,120.12212550000001,123.60582550000001,127.08952550000001,130.5732255,134.0569255,137.5406255,141.0243255,144.5080255,147.9917255,151.4754255,154.9591255,158.44282550000003,161.92652550000003,165.41022550000002,168.89392550000002,172.37762550000002,175.86132550000002,179.34502550000002
1440,-375.0,182.968877,112.982377,116.665877,120.349377,124.032877,127.716377,131.399877,135.083377,138.766877,142.450377,146.133877,149.817377,153.500877,157.184377,160.867877,164.551377,168.234877,171.918377,175.601877,179.285377
1441,-374.5,183.1121695,109.2401695,113.1281695,117.01616949999999,120.9041695,124.79216949999999,128.6801695,132.56816949999998,136.4561695,140.3441695,144.2321695,148.1201695,152.00816949999998,155.89616949999998,159.7841695,163.6721695,167.5601695,171.44816949999998,175.33616949999998,179.2241695
1442,-374.0,183.25240300000002,105.420803,109.51720300000001,113.61360300000001,117.710003,121.806403,125.902803,129.999203,134.095603,138.192003,142.28840300000002,146.384803,150.481203,154.577603,158.674003,162.77040300000002,166.866803,170.96320300000002,175.059603,179.156003
1443,-373.5,183.3903365,101.54023649999999,105.8481365,110.1560365,114.46393649999999,118.77183649999999,123.0797365,127.38763649999999,131.6955365,136.0034365,140.31133649999998,144.6192365,148.9271365,153.23503649999998,157.5429365,161.85083649999999,166.1587365,170.4666365,174.77453649999998,179.0824365
1444,-373.0,183.5252905,97.6129905,102.13469049999999,106.6563905,111.1780905,115.69979049999999,120.2214905,124.7431905,129.2648905,133.7865905,138.3082905,142.8299905,147.3516905,151.8733905,156.3950905,160.9167905,165.4384905,169.9601905,174.4818905,179.0035905
1445,-372.5,183.656365,93.655265,98.392165,103.129065,107.865965,112.602865,117.339765,122.076665,126.813565,131.550465,136.287365,141.024265,145.761165,150.498065,155.234965,159.971865,164.708765,169.445665,174.182565,178.919465
1446,-372.0,183.77906,89.67966,94.63226,99.58485999999999,104.53746,109.49006,114.44266,119.39526,124.34786,129.30046,134.25306,139.20566,144.15825999999998,149.11086,154.06346,159.01605999999998,163.96866,168.92126,173.87386,178.82646
1447,-371.5,183.8977755,85.7095755,90.8773755,96.0451755,101.2129755,106.3807755,111.5485755,116.7163755,121.8841755,127.0519755,132.2197755,137.3875755,142.5553755,147.7231755,152.8909755,158.0587755,163.2265755,168.3943755,173.5621755,178.7299755
1448,-371.0,184.0025115,81.7540115,87.1355115,92.51701150000001,97.8985115,103.2800115,108.6615115,114.0430115,119.42451150000001,124.80601150000001,130.1875115,135.56901150000002,140.9505115,146.3320115,151.7135115,157.0950115,162.47651150000002,167.8580115,173.23951150000002,178.6210115
1449,-370.5,184.0995475,77.8344475,83.4273475,89.0202475,94.6131475,100.2060475,105.7989475,111.3918475,116.9847475,122.5776475,128.1705475,133.76344749999998,139.3563475,144.94924749999998,150.5421475,156.13504749999998,161.7279475,167.32084749999999,172.9137475,178.50664749999999
1450,-370.0,184.1787835,73.9616835,79.7625835,85.5634835,91.3643835,97.1652835,102.9661835,108.76708350000001,114.56798350000001,120.36888350000001,126.16978350000001,131.9706835,137.77158350000002,143.5724835,149.37338350000002,155.1742835,160.9751835,166.7760835,172.5769835,178.3778835
1451,-369.5,184.24324000000001,70.15204,76.15684,82.16164,88.16644,94.17124,100.17604,106.18084,112.18564,118.19044,124.19524,130.20004,136.20484,142.20964,148.21444,154.21924,160.22404,166.22884,172.23364,178.23844
1452,-369.0,184.2994375,66.42723749999999,72.63103749999999,78.83483749999999,85.0386375,91.2424375,97.4462375,103.6500375,109.8538375,116.0576375,122.2614375,128.4652375,134.6690375,140.8728375,147.0766375,153.2804375,159.4842375,165.6880375,171.8918375,178.0956375
1453,-368.5,184.3299145,62.786914499999995,69.1839145,75.58091449999999,81.9779145,88.3749145,94.7719145,101.1689145,107.56591449999999,113.9629145,120.3599145,126.7569145,133.1539145,139.5509145,145.9479145,152.3449145,158.7419145,165.1389145,171.5359145,177.9329145
1454,-368.0,184.3450915,59.2509915,65.8348915,72.4187915,79.0026915,85.5865915,92.1704915,98.7543915,105.3382915,111.9221915,118.5060915,125.0899915,131.6738915,138.2577915,144.8416915,151.4255915,158.0094915,164.5933915,171.1772915,177.7611915
1455,-367.5,184.3392095,55.825109499999996,62.589009499999996,69.3529095,76.1168095,82.8807095,89.6446095,96.4085095,103.1724095,109.9363095,116.7002095,123.4641095,130.2280095,136.9919095,143.7558095,150.5197095,157.2836095,164.0475095,170.8114095,177.5753095
1456,-367.0,184.3096275,52.5180275,59.4544275,66.3908275,73.3272275,80.2636275,87.2000275,94.13642750000001,101.0728275,108.00922750000001,114.9456275,121.8820275,128.8184275,135.7548275,142.6912275,149.62762750000002,156.5640275,163.5004275,170.43682750000002,177.3732275
1457,-366.5,184.25222499999998,49.333225,56.434225,63.535225,70.636225,77.737225,84.838225,91.939225,99.04022499999999,106.14122499999999,113.24222499999999,120.34322499999999,127.44422499999999,134.545225,141.646225,148.747225,155.84822499999999,162.94922499999998,170.05022499999998,177.15122499999998
1458,-366.0,184.174243,46.281743,53.539243,60.796743,68.054243,75.31174299999999,82.569243,89.826743,97.084243,104.341743,111.599243,118.856743,126.114243,133.371743,140.629243,147.886743,155.144243,162.401743,169.659243,176.916743
1459,-365.5,184.066061,43.363461,50.768861,58.174261,65.579661,72.985061,80.390461,87.795861,95.201261,102.606661,110.012061,117.417461,124.822861,132.228261,139.633661,147.039061,154.444461,161.849861,169.255261,176.660661
1460,-365.0,183.9259995,40.5766995,48.121399499999995,55.666099499999994,63.21079949999999,70.7554995,78.30019949999999,85.8448995,93.38959949999999,100.9342995,108.4789995,116.02369949999999,123.5683995,131.1130995,138.65779949999998,146.2024995,153.7471995,161.2918995,168.8365995,176.38129949999998
1461,-364.5,183.7591585,37.932258499999996,45.6073585,53.2824585,60.9575585,68.63265849999999,76.30775849999999,83.98285849999999,91.65795849999999,99.33305849999999,107.0081585,114.6832585,122.3583585,130.0334585,137.7085585,145.3836585,153.0587585,160.7338585,168.4089585,176.0840585
1462,-364.0,183.5544765,35.4171765,43.2138765,51.0105765,58.80727649999999,66.6039765,74.40067649999999,82.19737649999999,89.99407649999999,97.79077649999999,105.5874765,113.3841765,121.1808765,128.9775765,136.77427649999998,144.5709765,152.3676765,160.1643765,167.9610765,175.7577765
1463,-363.5,183.3159355,33.0373355,40.946735499999996,48.85613549999999,56.7655355,64.6749355,72.5843355,80.4937355,88.40313549999999,96.3125355,104.2219355,112.13133549999999,120.0407355,127.95013549999999,135.8595355,143.7689355,151.6783355,159.5877355,167.49713549999998,175.4065355
1464,-363.0,183.0395945,30.7906945,38.8037945,46.816894500000004,54.8299945,62.8430945,70.8561945,78.8692945,86.8823945,94.8954945,102.90859449999999,110.9216945,118.9347945,126.94789449999999,134.9609945,142.9740945,150.9871945,159.0002945,167.0133945,175.02649449999998
1465,-362.5,182.7256535,28.6736535,36.7816535,44.8896535,52.9976535,61.1056535,69.21365349999999,77.3216535,85.4296535,93.5376535,101.6456535,109.7536535,117.8616535,125.96965349999999,134.0776535,142.1856535,150.2936535,158.4016535,166.50965349999998,174.6176535
1466,-362.0,182.364992,26.677092,34.871192,43.065292,51.259392,59.453492,67.647592,75.841692,84.035792,92.22989199999999,100.423992,108.61809199999999,116.812192,125.006292,133.200392,141.39449199999999,149.588592,157.782692,165.976792,174.17089199999998
1467,-361.5,181.96335100000002,24.804851,33.076351,41.347851,49.619351,57.890851,66.162351,74.433851,82.70535100000001,90.97685100000001,99.248351,107.519851,115.791351,124.06285100000001,132.334351,140.605851,148.877351,157.148851,165.420351,173.691851
1468,-361.0,181.51733049999999,23.0497305,31.390130499999998,39.7305305,48.070930499999996,56.4113305,64.7517305,73.0921305,81.4325305,89.7729305,98.1133305,106.4537305,114.7941305,123.1345305,131.4749305,139.8153305,148.1557305,156.4961305,164.8365305,173.1769305
1469,-360.5,181.01758949999999,21.4042895,29.8049895,38.2056895,46.6063895,55.0070895,63.4077895,71.8084895,80.2091895,88.6098895,97.0105895,105.4112895,113.8119895,122.2126895,130.6133895,139.0140895,147.4147895,155.8154895,164.21618949999998,172.61688949999998
1470,-360.0,180.466369,19.866968999999997,28.319568999999998,36.772169,45.224768999999995,53.677369,62.129968999999996,70.58256899999999,79.035169,87.487769,95.940369,104.392969,112.845569,121.298169,129.750769,138.203369,146.655969,155.108569,163.561169,172.013769
1471,-359.5,179.8583485,18.4286485,26.924948500000003,35.421248500000004,43.9175485,52.4138485,60.9101485,69.4064485,77.9027485,86.3990485,94.8953485,103.3916485,111.88794850000001,120.3842485,128.8805485,137.3768485,145.8731485,154.3694485,162.8657485,171.36204850000001
1472,-359.0,179.1898075,17.085607500000002,25.617407500000002,34.1492075,42.68100750000001,51.212807500000004,59.7446075,68.2764075,76.80820750000001,85.34000750000001,93.8718075,102.4036075,110.93540750000001,119.4672075,127.9990075,136.5308075,145.0626075,153.59440750000002,162.12620750000002,170.6580075
1473,-358.5,178.4554665,15.8325665,24.3916665,32.9507665,41.5098665,50.0689665,58.628066499999996,67.1871665,75.74626649999999,84.30536649999999,92.86446649999999,101.42356649999999,109.9826665,118.5417665,127.1008665,135.6599665,144.2190665,152.7781665,161.3372665,169.8963665
1474,-358.0,177.65744600000002,14.667846,23.246246000000003,31.824646,40.403046,48.981446000000005,57.559846,66.13824600000001,74.716646,83.295046,91.873446,100.451846,109.030246,117.60864600000001,126.18704600000001,134.765446,143.343846,151.922246,160.50064600000002,169.079046
1475,-357.5,176.790346,13.586046,22.175746,30.765446,39.355146,47.944846,56.534546,65.124246,73.713946,82.303646,90.893346,99.483046,108.072746,116.662446,125.252146,133.841846,142.431546,151.021246,159.610946,168.200646
1476,-357.0,175.8467255,12.5797255,21.1727255,29.7657255,38.3587255,46.951725499999995,55.5447255,64.1377255,72.73072549999999,81.3237255,89.9167255,98.5097255,107.10272549999999,115.6957255,124.2887255,132.8817255,141.4747255,150.0677255,158.66072549999998,167.2537255
1477,-356.5,174.821405,11.641805,20.230205,28.818605,37.407005,45.995405000000005,54.583805000000005,63.172205000000005,71.760605,80.349005,88.937405,97.525805,106.114205,114.702605,123.29100500000001,131.87940500000002,140.467805,149.056205,157.644605,166.23300500000002
1478,-356.0,173.7106845,10.7704845,19.3462845,27.9220845,36.4978845,45.0736845,53.6494845,62.2252845,70.8010845,79.3768845,87.9526845,96.5284845,105.1042845,113.6800845,122.25588450000001,130.8316845,139.4074845,147.9832845,156.5590845,165.1348845
1479,-355.5,172.5127845,9.965884500000001,18.5209845,27.0760845,35.6311845,44.1862845,52.7413845,61.2964845,69.8515845,78.4066845,86.96178450000001,95.5168845,104.0719845,112.6270845,121.1821845,129.7372845,138.2923845,146.8474845,155.4025845,163.9576845
1480,-355.0,171.218564,9.216963999999999,17.743364,26.269764,34.796164,43.322564,51.848963999999995,60.375364,68.901764,77.428164,85.95456399999999,94.480964,103.007364,111.53376399999999,120.06016399999999,128.58656399999998,137.112964,145.639364,154.165764,162.692164
1481,-354.5,169.826364,8.523964,17.013564,25.503164,33.992764,42.482364000000004,50.971964,59.461564,67.951164,76.440764,84.930364,93.41996400000001,101.909564,110.399164,118.88876400000001,127.378364,135.867964,144.357564,152.84716400000002,161.33676400000002
1482,-354.0,168.3268435,7.8794435,16.3240435,24.7686435,33.2132435,41.6578435,50.1024435,58.5470435,66.9916435,75.4362435,83.8808435,92.3254435,100.7700435,109.2146435,117.6592435,126.1038435,134.5484435,142.9930435,151.4376435,159.8822435
1483,-353.5,166.7164435,7.2836435,15.6748435,24.0660435,32.4572435,40.8484435,49.2396435,57.6308435,66.0220435,74.4132435,82.8044435,91.1956435,99.5868435,107.9780435,116.3692435,124.7604435,133.1516435,141.5428435,149.9340435,158.3252435
1484,-353.0,164.991423,6.730923,15.060423,23.389923,31.719423,40.048923,48.378423,56.707923,65.037423,73.366923,81.696423,90.02592299999999,98.355423,106.684923,115.014423,123.34392299999999,131.67342299999999,140.00292299999998,148.332423,156.661923
1485,-352.5,163.150023,6.223323,14.482623,22.741923,31.001223000000003,39.260523,47.519823,55.779123000000006,64.03842300000001,72.297723,80.557023,88.81632300000001,97.07562300000001,105.334923,113.594223,121.85352300000001,130.11282300000002,138.37212300000002,146.631423,154.890723
1486,-352.0,161.1793025,5.7498025,13.930302500000002,22.110802500000002,30.2913025,38.4718025,46.652302500000005,54.83280250000001,63.0133025,71.1938025,79.3743025,87.55480250000001,95.7353025,103.91580250000001,112.09630250000001,120.2768025,128.4573025,136.63780250000002,144.81830250000002,152.9988025
1487,-351.5,159.073782,5.308682,13.401582,21.494481999999998,29.587381999999998,37.680282,45.773182,53.866082,61.958982,70.05188199999999,78.14478199999999,86.23768199999999,94.33058199999999,102.42348199999999,110.516382,118.609282,126.702182,134.79508199999998,142.887982,150.98088199999998
1488,-351.0,156.840882,4.905482,12.902082,20.898682,28.895282,36.891882,44.888482,52.885082000000004,60.881682000000005,68.878282,76.874882,84.871482,92.868082,100.864682,108.861282,116.857882,124.854482,132.85108200000002,140.84768200000002,148.84428200000002
1489,-350.5,154.4675615,4.5309615,12.4223615,20.3137615,28.2051615,36.0965615,43.9879615,51.879361499999995,59.7707615,67.6621615,75.5535615,83.44496149999999,91.3363615,99.2277615,107.11916149999999,115.0105615,122.9019615,130.7933615,138.68476149999998,146.57616149999998
1490,-350.0,151.95226150000002,4.183561500000001,11.9608615,19.7381615,27.5154615,35.292761500000005,43.0700615,50.847361500000005,58.6246615,66.4019615,74.17926150000001,81.9565615,89.7338615,97.5111615,105.28846150000001,113.06576150000001,120.8430615,128.6203615,136.3976615,144.1749615
1491,-349.5,149.2947615,3.8649614999999997,11.5191615,19.1733615,26.827561499999998,34.4817615,42.1359615,49.790161499999996,57.4443615,65.0985615,72.7527615,80.4069615,88.0611615,95.7153615,103.3695615,111.02376149999999,118.6779615,126.3321615,133.9863615,141.6405615
1492,-349.0,146.4934615,3.5697615,11.0920615,18.614361499999998,26.1366615,33.6589615,41.1812615,48.7035615,56.22586149999999,63.748161499999995,71.2704615,78.7927615,86.3150615,93.8373615,101.35966149999999,108.88196149999999,116.40426149999999,123.92656149999999,131.4488615,138.9711615
1493,-348.5,143.5484615,3.2961614999999997,10.677861499999999,18.0595615,25.4412615,32.8229615,40.2046615,47.5863615,54.9680615,62.3497615,69.7314615,77.1131615,84.4948615,91.8765615,99.2582615,106.6399615,114.0216615,121.4033615,128.7850615,136.1667615
1494,-348.0,140.457741,3.044041,10.276341,17.508641,24.740941,31.973241,39.205541000000004,46.437841000000006,53.670141,60.902441,68.134741,75.367041,82.59934100000001,89.831641,97.063941,104.29624100000001,111.528541,118.760841,125.99314100000001,133.22544100000002
1495,-347.5,137.227441,2.810041,9.884641,16.959241,24.033841,31.108441,38.183040999999996,45.257641,52.332240999999996,59.406841,66.481441,73.556041,80.630641,87.705241,94.77984099999999,101.854441,108.929041,116.003641,123.07824099999999,130.152841
1496,-347.0,133.857441,2.5940410000000003,9.502641,16.411241,23.319841,30.228441,37.137041,44.045641,50.954241,57.862841,64.77144100000001,71.680041,78.58864100000001,85.497241,92.40584100000001,99.314441,106.22304100000001,113.131641,120.04024100000001,126.948841
1497,-346.5,130.360941,2.397841,9.132741000000001,15.867641,22.602541000000002,29.337441000000002,36.072341,42.807241000000005,49.542141,56.277041000000004,63.011941,69.746841,76.481741,83.21664100000001,89.951541,96.686441,103.421341,110.15624100000001,116.891141,123.626041
1498,-346.0,126.734641,2.212441,8.766240999999999,15.320041,21.873841,28.427640999999998,34.981441,41.535241,48.089040999999995,54.642841,61.196641,67.750441,74.30424099999999,80.858041,87.411841,93.96564099999999,100.519441,107.073241,113.62704099999999,120.18084099999999
1499,-345.5,122.993441,2.043241,8.409041,14.774841,21.140641000000002,27.506441000000002,33.872241,40.238041,46.603841,52.969641,59.335441,65.70124100000001,72.067041,78.43284100000001,84.798641,91.16444100000001,97.530241,103.89604100000001,110.261841,116.62764100000001
1500,-345.0,119.1451205,1.8847205,8.0563205,14.227920500000002,20.3995205,26.571120500000003,32.742720500000004,38.9143205,45.0859205,51.257520500000005,57.4291205,63.6007205,69.7723205,75.9439205,82.1155205,88.2871205,94.45872050000001,100.63032050000001,106.80192050000001,112.9735205
1501,-344.5,115.20492050000001,1.7407205,7.7125205,13.6843205,19.6561205,25.627920500000002,31.599720500000004,37.571520500000005,43.5433205,49.5151205,55.486920500000004,61.458720500000005,67.4305205,73.4023205,79.3741205,85.3459205,91.31772050000001,97.28952050000001,103.26132050000001,109.23312050000001
1502,-344.0,111.1825205,1.6057205,7.3729205,13.1401205,18.9073205,24.6745205,30.441720500000002,36.2089205,41.9761205,47.7433205,53.5105205,59.2777205,65.0449205,70.8121205,76.5793205,82.3465205,88.1137205,93.8809205,99.6481205,105.4153205
1503,-343.5,107.0967205,1.4833205,7.0419205,12.6005205,18.1591205,23.717720500000002,29.2763205,34.8349205,40.3935205,45.9521205,51.510720500000005,57.0693205,62.6279205,68.1865205,73.7451205,79.3037205,84.86232050000001,90.42092050000001,95.9795205,101.5381205
1504,-343.0,102.95912050000001,1.3699205,6.716720500000001,12.063520500000001,17.4103205,22.757120500000003,28.1039205,33.4507205,38.797520500000005,44.144320500000006,49.4911205,54.8379205,60.184720500000005,65.5315205,70.8783205,76.2251205,81.5719205,86.9187205,92.26552050000001,97.61232050000001
1505,-342.5,98.7888205,1.2637205,6.3966205,11.5295205,16.6624205,21.795320500000003,26.928220500000002,32.0611205,37.1940205,42.3269205,47.4598205,52.592720500000006,57.725620500000005,62.858520500000004,67.9914205,73.12432050000001,78.2572205,83.39012050000001,88.5230205,93.65592050000001
1506,-342.0,94.60272049999999,1.1683205,6.0859205,11.0035205,15.921120499999999,20.8387205,25.756320499999998,30.673920499999998,35.5915205,40.509120499999995,45.426720499999995,50.344320499999995,55.261920499999995,60.179520499999995,65.0971205,70.0147205,74.9323205,79.8499205,84.76752049999999,89.6851205
1507,-341.5,90.4163205,1.0783205,5.7803205,10.4823205,15.1843205,19.8863205,24.588320500000002,29.2903205,33.9923205,38.6943205,43.3963205,48.0983205,52.8003205,57.5023205,62.2043205,66.9063205,71.6083205,76.3103205,81.0123205,85.7143205
1508,-341.0,86.2467205,0.9937205,5.4807205,9.9677205,14.4547205,18.9417205,23.4287205,27.9157205,32.4027205,36.889720499999996,41.3767205,45.8637205,50.3507205,54.837720499999996,59.3247205,63.8117205,68.2987205,72.7857205,77.27272049999999,81.7597205
1509,-340.5,82.1164205,0.9199204999999999,5.1934205,9.4669205,13.7404205,18.0139205,22.2874205,26.5609205,30.8344205,35.1079205,39.3814205,43.6549205,47.9284205,52.2019205,56.4754205,60.748920500000004,65.0224205,69.2959205,73.5694205,77.8429205
1510,-340.0,78.0354205,0.8479205000000001,4.9104205,8.9729205,13.0354205,17.0979205,21.1604205,25.2229205,29.2854205,33.3479205,37.4104205,41.4729205,45.5354205,49.5979205,53.6604205,57.7229205,61.7854205,65.8479205,69.9104205,73.9729205
1511,-339.5,74.0224205,0.7831205,4.6378205,8.4925205,12.347220499999999,16.2019205,20.056620499999998,23.9113205,27.7660205,31.620720499999997,35.4754205,39.3301205,43.1848205,47.039520499999995,50.894220499999996,54.7489205,58.6036205,62.4583205,66.3130205,70.1677205
1512,-339.0,70.0927205,0.7237205,4.3747205,8.0257205,11.6767205,15.3277205,18.978720499999998,22.629720499999998,26.280720499999997,29.931720499999997,33.5827205,37.2337205,40.8847205,44.5357205,48.1867205,51.837720499999996,55.4887205,59.139720499999996,62.7907205,66.4417205
1513,-338.5,66.2560205,0.6661205,4.1182205000000005,7.5703205,11.0224205,14.4745205,17.926620500000002,21.3787205,24.8308205,28.282920500000003,31.7350205,35.1871205,38.6392205,42.0913205,45.5434205,48.995520500000005,52.4476205,55.8997205,59.3518205,62.803920500000004
1514,-338.0,62.528999999999996,0.6156,3.8742,7.1328,10.391399999999999,13.649999999999999,16.9086,20.167199999999998,23.4258,26.6844,29.942999999999998,33.2016,36.4602,39.718799999999995,42.977399999999996,46.236,49.4946,52.7532,56.011799999999994,59.270399999999995
1515,-337.5,58.9178,0.5688,3.6397999999999997,6.7108,9.781799999999999,12.852799999999998,15.9238,18.994799999999998,22.0658,25.136799999999997,28.2078,31.278799999999997,34.349799999999995,37.4208,40.4918,43.562799999999996,46.6338,49.7048,52.7758,55.846799999999995
1516,-337.0,55.428200000000004,0.522,3.4118000000000004,6.3016000000000005,9.1914,12.0812,14.971,17.8608,20.750600000000002,23.6404,26.5302,29.42,32.3098,35.199600000000004,38.089400000000005,40.9792,43.869,46.7588,49.6486,52.5384
1517,-336.5,52.075,0.48240000000000005,3.1978,5.9132,8.6286,11.344,14.0594,16.7748,19.4902,22.2056,24.921,27.636400000000002,30.3518,33.0672,35.7826,38.498,41.2134,43.9288,46.6442,49.3596
1518,-336.0,48.8584,0.4464,2.9944,5.542400000000001,8.0904,10.6384,13.1864,15.7344,18.282400000000003,20.8304,23.378400000000003,25.9264,28.474400000000003,31.022400000000005,33.57040000000001,36.1184,38.6664,41.214400000000005,43.76240000000001,46.3104
1519,-335.5,45.7823,0.4122,2.8001,5.188,7.5759,9.9638,12.351700000000001,14.7396,17.1275,19.5154,21.9033,24.2912,26.679100000000002,29.067,31.454900000000002,33.8428,36.2307,38.6186,41.0065,43.3944
1520,-335.0,42.8468,0.378,2.6132,4.8484,7.0836,9.3188,11.554,13.7892,16.0244,18.2596,20.494799999999998,22.73,24.9652,27.2004,29.4356,31.6708,33.906,36.1412,38.3764,40.6116
1521,-334.5,40.0591,0.351,2.4409,4.5308,6.6207,8.7106,10.8005,12.8904,14.9803,17.0702,19.1601,21.25,23.3399,25.4298,27.5197,29.6096,31.6995,33.7894,35.8793,37.9692
1522,-334.0,37.412,0.324,2.2760000000000002,4.228000000000001,6.180000000000001,8.132,10.084000000000001,12.036000000000001,13.988000000000001,15.940000000000001,17.892,19.844,21.796000000000003,23.748,25.700000000000003,27.652,29.604000000000003,31.556,33.508,35.46
1523,-333.5,34.9054,0.2988,2.1202,3.9415999999999998,5.763,7.5844,9.4058,11.2272,13.0486,14.87,16.691399999999998,18.5128,20.3342,22.1556,23.977,25.7984,27.619799999999998,29.4412,31.2626,33.083999999999996
1524,-333.0,32.5411,0.2772,1.9752999999999998,3.6734,5.371499999999999,7.069599999999999,8.7677,10.4658,12.1639,13.861999999999998,15.560099999999998,17.2582,18.9563,20.6544,22.3525,24.0506,25.7487,27.4468,29.1449,30.842999999999996
1525,-332.5,30.3098,0.2556,1.8374,3.4191999999999996,5.0009999999999994,6.5828,8.1646,9.7464,11.328199999999999,12.909999999999998,14.4918,16.0736,17.6554,19.237199999999998,20.819,22.400799999999997,23.982599999999998,25.5644,27.146199999999997,28.727999999999998
1526,-332.0,28.2114,0.2358,1.7082000000000002,3.1806,4.6530000000000005,6.125400000000001,7.5978,9.0702,10.5426,12.015,13.487400000000001,14.959800000000001,16.4322,17.904600000000002,19.377000000000002,20.849400000000003,22.321800000000003,23.7942,25.2666,26.739
1527,-331.5,26.2384,0.216,1.5856,2.9552,4.3248,5.6944,7.064,8.4336,9.8032,11.1728,12.5424,13.911999999999999,15.2816,16.6512,18.0208,19.3904,20.759999999999998,22.1296,23.4992,24.8688
1528,-331.0,24.3925,0.1998,1.4731,2.7464,4.0197,5.293,6.5663,7.8396,9.1129,10.3862,11.6595,12.9328,14.2061,15.4794,16.7527,18.026,19.2993,20.5726,21.8459,23.1192
1529,-330.5,22.6606,0.1836,1.3666,2.5496,3.7326,4.9156,6.0986,7.2816,8.4646,9.6476,10.8306,12.0136,13.1966,14.3796,15.5626,16.7456,17.9286,19.1116,20.2946,21.4776
1530,-330.0,21.0444,0.171,1.2696,2.3682,3.4668,4.5654,5.664,6.7626,7.8612,8.9598,10.0584,11.157,12.2556,13.3542,14.4528,15.5514,16.65,17.7486,18.8472,19.9458
1531,-329.5,19.5346,0.1584,1.1782,2.198,3.2178,4.2376000000000005,5.2574000000000005,6.2772,7.297,8.3168,9.3366,10.3564,11.3762,12.396,13.4158,14.4356,15.455400000000001,16.4752,17.495,18.5148
1532,-329.0,18.125500000000002,0.1458,1.0921,2.0384,2.9847,3.931,4.8773,5.823600000000001,6.769900000000001,7.716200000000001,8.662500000000001,9.6088,10.555100000000001,11.5014,12.447700000000001,13.394,14.340300000000001,15.286600000000002,16.2329,17.1792
1533,-328.5,16.814999999999998,0.1368,1.0146,1.8923999999999999,2.7702,3.6479999999999997,4.5258,5.4036,6.2814,7.159199999999999,8.036999999999999,8.9148,9.7926,10.670399999999999,11.5482,12.426,13.303799999999999,14.1816,15.0594,15.937199999999999
1534,-328.0,15.5902,0.12419999999999999,0.9382,1.7522,2.5662,3.3802,4.1942,5.0082,5.8222,6.6362,7.4502,8.2642,9.0782,9.8922,10.7062,11.5202,12.3342,13.1482,13.9622,14.7762
1535,-327.5,14.4545,0.1152,0.8698999999999999,1.6245999999999998,2.3792999999999997,3.134,3.8886999999999996,4.6434,5.3980999999999995,6.1528,6.9075,7.6621999999999995,8.4169,9.1716,9.9263,10.681,11.435699999999999,12.190399999999999,12.9451,13.6998
1536,-327.0,13.398599999999998,0.10619999999999999,0.8058,1.5053999999999998,2.2049999999999996,2.9046,3.6041999999999996,4.3038,5.003399999999999,5.702999999999999,6.4026,7.1022,7.801799999999999,8.501399999999999,9.200999999999999,9.900599999999999,10.6002,11.2998,11.9994,12.699
1537,-326.5,12.4186,0.099,0.7474,1.3958,2.0442,2.6925999999999997,3.3409999999999997,3.9894,4.6377999999999995,5.2862,5.9346,6.582999999999999,7.2314,7.8797999999999995,8.5282,9.176599999999999,9.825,10.4734,11.121799999999999,11.770199999999999
1538,-326.0,11.508899999999999,0.09179999999999999,0.6927,1.2935999999999999,1.8944999999999999,2.4954,3.0963,3.6972,4.2981,4.899,5.499899999999999,6.1008,6.7017,7.3026,7.903499999999999,8.5044,9.1053,9.706199999999999,10.3071,10.908
1539,-325.5,10.665700000000001,0.0846,0.6415000000000001,1.1984000000000001,1.7553,2.3122000000000003,2.8691,3.426,3.9829000000000003,4.5398000000000005,5.0967,5.6536,6.210500000000001,6.7674,7.3243,7.881200000000001,8.4381,8.995000000000001,9.5519,10.1088
1540,-325.0,9.8833,0.07740000000000001,0.5935,1.1096000000000001,1.6257000000000001,2.1418,2.6579,3.1740000000000004,3.6901,4.2062,4.722300000000001,5.2384,5.7545,6.2706,6.786700000000001,7.3028,7.8189,8.335,8.8511,9.3672
1541,-324.5,9.1579,0.0702,0.5485,1.0268,1.5050999999999999,1.9833999999999998,2.4617,2.94,3.4183,3.8966,4.374899999999999,4.8532,5.3315,5.8098,6.2881,6.7664,7.2447,7.723,8.2013,8.679599999999999
1542,-324.0,8.4893,0.0666,0.5099,0.9532,1.3965,1.8398,2.2831,2.7264,3.1697,3.613,4.0563,4.4996,4.9429,5.3862000000000005,5.8295,6.2728,6.7161,7.159400000000001,7.6027000000000005,8.046
1543,-323.5,7.8665,0.059399999999999994,0.4703,0.8812,1.2921,1.703,2.1139,2.5248,2.9357,3.3466,3.7575000000000003,4.1684,4.5793,4.9902,5.4011000000000005,5.812,6.2229,6.6338,7.044700000000001,7.4556000000000004
1544,-323.0,7.2928999999999995,0.055799999999999995,0.4367,0.8176,1.1985,1.5794,1.9603,2.3411999999999997,2.7220999999999997,3.1029999999999998,3.4838999999999998,3.8648,4.2457,4.6266,5.0075,5.3884,5.769299999999999,6.1502,6.5310999999999995,6.912
1545,-322.5,6.763,0.052199999999999996,0.4054,0.7585999999999999,1.1118,1.4649999999999999,1.8181999999999998,2.1713999999999998,2.5246,2.8777999999999997,3.231,3.5841999999999996,3.9374,4.2905999999999995,4.6438,4.997,5.350199999999999,5.703399999999999,6.0565999999999995,6.4098
1546,-322.0,6.271100000000001,0.048600000000000004,0.3761,0.7036,1.0311000000000001,1.3586,1.6861000000000002,2.0136000000000003,2.3411,2.6686,2.9961,3.3236000000000003,3.6511,3.9786,4.3061,4.6336,4.9611,5.288600000000001,5.6161,5.9436
1547,-321.5,5.8172,0.045,0.3488,0.6526000000000001,0.9564,1.2602,1.564,1.8678000000000001,2.1716,2.4754,2.7792,3.083,3.3868,3.6906,3.9944,4.2982000000000005,4.602,4.9058,5.2096,5.5134
1548,-321.0,5.3975,0.0414,0.3233,0.6052,0.8871,1.169,1.4509,1.7328,2.0147,2.2966,2.5785,2.8604,3.1423,3.4242,3.7061,3.988,4.2699,4.5518,4.8337,5.1156
1549,-320.5,5.0081999999999995,0.0378,0.2994,0.5609999999999999,0.8226,1.0842,1.3457999999999999,1.6074,1.869,2.1306,2.3922,2.6538,2.9154,3.177,3.4386,3.7001999999999997,3.9617999999999998,4.2234,4.484999999999999,4.7466
1550,-320.0,4.6511,0.036000000000000004,0.2789,0.5218,0.7646999999999999,1.0076,1.2505,1.4933999999999998,1.7363,1.9791999999999998,2.2220999999999997,2.465,2.7079,2.9508,3.1936999999999998,3.4366,3.6795,3.9223999999999997,4.1653,4.4082
1551,-319.5,4.3206,0.0342,0.25980000000000003,0.4854,0.711,0.9366,1.1622,1.3878,1.6134,1.839,2.0646,2.2902,2.5158,2.7414,2.967,3.1926,3.4182,3.6438,3.8694,4.095
1552,-319.0,4.0111,0.0306,0.2401,0.4496,0.6591,0.8686,1.0781,1.2876,1.4971,1.7066,1.9161,2.1256,2.3351,2.5446,2.7540999999999998,2.9636,3.1731,3.3826,3.5921,3.8016
1553,-318.5,3.7281000000000004,0.0288,0.2235,0.4182,0.6129,0.8076000000000001,1.0023,1.197,1.3917000000000002,1.5864,1.7811000000000001,1.9758000000000002,2.1705,2.3652,2.5599000000000003,2.7546000000000004,2.9493,3.144,3.3387000000000002,3.5334000000000003
1554,-318.0,3.466,0.027,0.20800000000000002,0.389,0.5700000000000001,0.7510000000000001,0.932,1.113,1.294,1.475,1.6560000000000001,1.8370000000000002,2.0180000000000002,2.1990000000000003,2.3800000000000003,2.5610000000000004,2.7420000000000004,2.923,3.104,3.285
1555,-317.5,3.2211000000000003,0.0234,0.1917,0.36000000000000004,0.5283,0.6966,0.8649000000000001,1.0332000000000001,1.2015,1.3698000000000001,1.5381,1.7064000000000001,1.8747,2.043,2.2113,2.3796000000000004,2.5479000000000003,2.7162,2.8845,3.0528000000000004
1556,-317.0,2.997,0.0216,0.1782,0.3348,0.4914,0.648,0.8046,0.9612,1.1178000000000001,1.2744,1.431,1.5876000000000001,1.7442,1.9008,2.0574,2.214,2.3706,2.5272,2.6838,2.8404000000000003
1557,-316.5,2.7899,0.0216,0.1673,0.313,0.4587,0.6043999999999999,0.7501,0.8957999999999999,1.0414999999999999,1.1872,1.3329,1.4786,1.6242999999999999,1.77,1.9157,2.0614,2.2071,2.3528,2.4985,2.6442
1558,-316.0,2.5981,0.0198,0.1555,0.2912,0.4269,0.5626,0.6983,0.8340000000000001,0.9697,1.1054,1.2411,1.3768,1.5125,1.6482,1.7839,1.9196,2.0553,2.1910000000000003,2.3267,2.4624
1559,-315.5,2.4196,0.018000000000000002,0.1444,0.2708,0.3972,0.5236000000000001,0.65,0.7764,0.9028,1.0292000000000001,1.1556,1.282,1.4084,1.5348,1.6612,1.7876,1.914,2.0404,2.1668,2.2932
1560,-315.0,2.2542999999999997,0.018000000000000002,0.1357,0.25339999999999996,0.3711,0.48879999999999996,0.6064999999999999,0.7242,0.8419,0.9595999999999999,1.0773,1.1949999999999998,1.3127,1.4304,1.5480999999999998,1.6658,1.7834999999999999,1.9011999999999998,2.0189,2.1366
1561,-314.5,2.1005000000000003,0.016200000000000003,0.1259,0.2356,0.3453,0.455,0.5647,0.6744,0.7841,0.8938,1.0035,1.1132,1.2229,1.3326,1.4423000000000001,1.552,1.6617000000000002,1.7714,1.8811,1.9908000000000001
1562,-314.0,1.9581,0.0144,0.1167,0.219,0.3213,0.4236,0.5258999999999999,0.6282,0.7304999999999999,0.8328,0.9350999999999999,1.0373999999999999,1.1397,1.242,1.3442999999999998,1.4465999999999999,1.5489,1.6512,1.7534999999999998,1.8558
1563,-313.5,1.8251,0.0144,0.1097,0.20500000000000002,0.3003,0.3956,0.4909,0.5862,0.6815,0.7768,0.8721,0.9674,1.0627,1.1580000000000001,1.2533,1.3486,1.4439,1.5392000000000001,1.6345,1.7298
1564,-313.0,1.7017,0.0126,0.1015,0.1904,0.2793,0.3682,0.4571,0.546,0.6349,0.7238,0.8127,0.9016000000000001,0.9905,1.0794000000000001,1.1683000000000001,1.2572,1.3461,1.435,1.5239,1.6128
1565,-312.5,1.5877000000000001,0.0126,0.0955,0.1784,0.26130000000000003,0.3442,0.42710000000000004,0.51,0.5929,0.6758000000000001,0.7587,0.8416,0.9245000000000001,1.0074,1.0903,1.1732,1.2561,1.339,1.4219000000000002,1.5048000000000001
1566,-312.0,1.4832,0.0126,0.09,0.1674,0.24480000000000002,0.32220000000000004,0.3996,0.47700000000000004,0.5544,0.6318,0.7092,0.7866000000000001,0.864,0.9414,1.0188000000000001,1.0962,1.1736,1.2510000000000001,1.3284,1.4058000000000002
1567,-311.5,1.3826,0.0108,0.083,0.1552,0.2274,0.2996,0.3718,0.444,0.5162,0.5884,0.6606,0.7328,0.8049999999999999,0.8772,0.9494,1.0216,1.0937999999999999,1.166,1.2382,1.3104
1568,-311.0,1.2914,0.0108,0.0782,0.1456,0.21300000000000002,0.28040000000000004,0.3478,0.4152,0.48260000000000003,0.55,0.6174000000000001,0.6848000000000001,0.7522000000000001,0.8196,0.887,0.9544,1.0218,1.0892,1.1566,1.224
1569,-310.5,1.2059,0.0108,0.0737,0.1366,0.19949999999999998,0.26239999999999997,0.3253,0.3882,0.45109999999999995,0.514,0.5769,0.6397999999999999,0.7027,0.7656,0.8284999999999999,0.8914,0.9542999999999999,1.0171999999999999,1.0800999999999998,1.143
1570,-310.0,1.1225,0.007200000000000001,0.0659,0.1246,0.18330000000000002,0.24200000000000002,0.3007,0.3594,0.4181,0.4768,0.5355,0.5942000000000001,0.6529,0.7116,0.7703,0.8290000000000001,0.8877,0.9464,1.0051,1.0638
1571,-309.5,1.0484,0.007200000000000001,0.062,0.11679999999999999,0.1716,0.2264,0.2812,0.33599999999999997,0.3908,0.4456,0.5004,0.5551999999999999,0.61,0.6648,0.7195999999999999,0.7744,0.8291999999999999,0.8839999999999999,0.9388,0.9935999999999999
1572,-309.0,0.9781,0.007200000000000001,0.0583,0.1094,0.1605,0.2116,0.2627,0.3138,0.3649,0.416,0.4671,0.5182,0.5693,0.6204,0.6715,0.7226,0.7736999999999999,0.8248,0.8759,0.927
1573,-308.5,0.9117,0.0054,0.0531,0.1008,0.1485,0.19619999999999999,0.2439,0.29159999999999997,0.3393,0.387,0.4347,0.4824,0.5301,0.5778,0.6255,0.6732,0.7209,0.7686,0.8163,0.864
1574,-308.0,0.8509,0.0054,0.0499,0.0944,0.1389,0.1834,0.2279,0.2724,0.3169,0.3614,0.4059,0.4504,0.4949,0.5394,0.5839,0.6284,0.6728999999999999,0.7174,0.7619,0.8064
1575,-307.5,0.7939,0.0054,0.0469,0.0884,0.12990000000000002,0.1714,0.2129,0.2544,0.2959,0.3374,0.3789,0.4204,0.4619,0.5034,0.5449,0.5864,0.6279,0.6694,0.7109,0.7524
1576,-307.0,0.7407,0.0054,0.0441,0.0828,0.12150000000000001,0.1602,0.19890000000000002,0.2376,0.2763,0.315,0.3537,0.3924,0.43110000000000004,0.4698,0.5085000000000001,0.5472,0.5859,0.6246,0.6633,0.7020000000000001
1577,-306.5,0.6913,0.0054,0.0415,0.0776,0.1137,0.1498,0.1859,0.222,0.2581,0.2942,0.3303,0.3664,0.40249999999999997,0.4386,0.4747,0.5108,0.5468999999999999,0.583,0.6191,0.6552
1578,-306.0,0.6439,0.0036000000000000003,0.0373,0.07100000000000001,0.1047,0.1384,0.1721,0.2058,0.23950000000000002,0.2732,0.3069,0.3406,0.3743,0.40800000000000003,0.44170000000000004,0.47540000000000004,0.5091,0.5428000000000001,0.5765,0.6102000000000001
1579,-305.5,0.6002,0.0036000000000000003,0.035,0.0664,0.0978,0.1292,0.1606,0.192,0.2234,0.2548,0.2862,0.3176,0.349,0.3804,0.4118,0.4432,0.4746,0.506,0.5374,0.5688
1580,-305.0,0.5584,0.0036000000000000003,0.032799999999999996,0.062,0.09119999999999999,0.1204,0.14959999999999998,0.1788,0.208,0.2372,0.26639999999999997,0.2956,0.3248,0.354,0.3832,0.4124,0.4416,0.4708,0.5,0.5292
1581,-304.5,0.5204000000000001,0.0036000000000000003,0.0308,0.058,0.08520000000000001,0.11240000000000001,0.1396,0.1668,0.194,0.2212,0.2484,0.2756,0.3028,0.33,0.3572,0.3844,0.4116,0.4388,0.466,0.4932
1582,-304.0,0.4862,0.0036000000000000003,0.029,0.054400000000000004,0.07980000000000001,0.1052,0.13060000000000002,0.156,0.1814,0.2068,0.23220000000000002,0.2576,0.28300000000000003,0.3084,0.33380000000000004,0.3592,0.3846,0.41000000000000003,0.4354,0.46080000000000004
1583,-303.5,0.452,0.0036000000000000003,0.027200000000000002,0.050800000000000005,0.07440000000000001,0.098,0.1216,0.1452,0.1688,0.19240000000000002,0.216,0.2396,0.2632,0.2868,0.3104,0.334,0.35760000000000003,0.38120000000000004,0.4048,0.4284
1584,-303.0,0.42160000000000003,0.0036000000000000003,0.0256,0.0476,0.06960000000000001,0.0916,0.1136,0.1356,0.15760000000000002,0.1796,0.2016,0.22360000000000002,0.2456,0.2676,0.2896,0.31160000000000004,0.3336,0.3556,0.37760000000000005,0.3996
1585,-302.5,0.3894,0.0018000000000000002,0.0222,0.042600000000000006,0.063,0.0834,0.1038,0.1242,0.1446,0.165,0.1854,0.2058,0.2262,0.2466,0.267,0.28740000000000004,0.3078,0.32820000000000005,0.3486,0.36900000000000005
1586,-302.0,0.3628,0.0018000000000000002,0.0208,0.0398,0.0588,0.0778,0.0968,0.1158,0.1348,0.1538,0.1728,0.1918,0.2108,0.2298,0.2488,0.2678,0.2868,0.3058,0.3248,0.3438
1587,-301.5,0.3381,0.0018000000000000002,0.0195,0.037200000000000004,0.054900000000000004,0.0726,0.0903,0.108,0.1257,0.1434,0.16110000000000002,0.17880000000000001,0.1965,0.2142,0.23190000000000002,0.24960000000000002,0.26730000000000004,0.28500000000000003,0.3027,0.3204
1588,-301.0,0.3134,0.0018000000000000002,0.0182,0.0346,0.051,0.0674,0.0838,0.1002,0.1166,0.133,0.1494,0.1658,0.1822,0.1986,0.215,0.2314,0.2478,0.2642,0.2806,0.297
1589,-300.5,0.2906,0.0018000000000000002,0.017,0.0322,0.047400000000000005,0.0626,0.07780000000000001,0.093,0.1082,0.12340000000000001,0.1386,0.15380000000000002,0.169,0.1842,0.19940000000000002,0.2146,0.2298,0.24500000000000002,0.2602,0.27540000000000003
1590,-300.0,0.2716,0.0018000000000000002,0.016,0.0302,0.0444,0.0586,0.0728,0.08700000000000001,0.1012,0.1154,0.1296,0.1438,0.158,0.1722,0.1864,0.2006,0.21480000000000002,0.229,0.2432,0.2574
1591,-299.5,0.2507,0.0018000000000000002,0.0149,0.028,0.0411,0.0542,0.0673,0.0804,0.0935,0.1066,0.1197,0.1328,0.1459,0.159,0.1721,0.1852,0.1983,0.2114,0.2245,0.2376
1592,-299.0,0.2336,0.0018000000000000002,0.014,0.026199999999999998,0.0384,0.0506,0.0628,0.075,0.0872,0.0994,0.11159999999999999,0.1238,0.13599999999999998,0.1482,0.1604,0.1726,0.1848,0.19699999999999998,0.2092,0.22139999999999999
1593,-298.5,0.2165,0.0018000000000000002,0.013099999999999999,0.024399999999999998,0.035699999999999996,0.047,0.0583,0.0696,0.0809,0.09219999999999999,0.1035,0.1148,0.1261,0.1374,0.1487,0.16,0.17129999999999998,0.18259999999999998,0.1939,0.2052
1594,-298.0,0.20129999999999998,0.0018000000000000002,0.0123,0.022799999999999997,0.033299999999999996,0.0438,0.054299999999999994,0.0648,0.07529999999999999,0.0858,0.0963,0.10679999999999999,0.11729999999999999,0.1278,0.13829999999999998,0.1488,0.1593,0.16979999999999998,0.1803,0.1908
1595,-297.5,0.18610000000000002,0.0018000000000000002,0.0115,0.0212,0.0309,0.040600000000000004,0.050300000000000004,0.060000000000000005,0.0697,0.0794,0.0891,0.0988,0.1085,0.1182,0.1279,0.1376,0.14730000000000001,0.157,0.16670000000000001,0.1764
1596,-297.0,0.1728,0.0018000000000000002,0.0108,0.019799999999999998,0.0288,0.0378,0.0468,0.055799999999999995,0.0648,0.0738,0.0828,0.09179999999999999,0.1008,0.1098,0.1188,0.1278,0.1368,0.14579999999999999,0.1548,0.1638
1597,-296.5,0.1595,0.0018000000000000002,0.0101,0.0184,0.0267,0.035,0.0433,0.0516,0.0599,0.0682,0.0765,0.0848,0.0931,0.1014,0.1097,0.11800000000000001,0.1263,0.1346,0.1429,0.1512
1598,-296.0,0.14809999999999998,0.0018000000000000002,0.0095,0.0172,0.0249,0.0326,0.040299999999999996,0.048,0.0557,0.0634,0.0711,0.0788,0.0865,0.09419999999999999,0.10189999999999999,0.10959999999999999,0.11729999999999999,0.125,0.13269999999999998,0.1404
1599,-295.5,0.13670000000000002,0.0018000000000000002,0.0089,0.016,0.023100000000000002,0.0302,0.0373,0.0444,0.051500000000000004,0.0586,0.06570000000000001,0.0728,0.0799,0.08700000000000001,0.0941,0.1012,0.10830000000000001,0.1154,0.1225,0.1296
1600,-295.0,0.1254,0.0,0.0066,0.0132,0.019799999999999998,0.0264,0.033,0.039599999999999996,0.0462,0.0528,0.0594,0.066,0.0726,0.07919999999999999,0.0858,0.0924,0.099,0.1056,0.1122,0.1188
1601,-294.5,0.11589999999999999,0.0,0.0060999999999999995,0.012199999999999999,0.0183,0.024399999999999998,0.0305,0.0366,0.042699999999999995,0.048799999999999996,0.0549,0.061,0.06709999999999999,0.0732,0.0793,0.08539999999999999,0.0915,0.09759999999999999,0.1037,0.1098
1602,-294.0,0.1083,0.0,0.0057,0.0114,0.0171,0.0228,0.028499999999999998,0.0342,0.0399,0.0456,0.0513,0.056999999999999995,0.06269999999999999,0.0684,0.0741,0.0798,0.08549999999999999,0.0912,0.0969,0.1026
1603,-293.5,0.09879999999999999,0.0,0.0052,0.0104,0.0156,0.0208,0.026,0.0312,0.036399999999999995,0.0416,0.046799999999999994,0.052,0.057199999999999994,0.0624,0.0676,0.07279999999999999,0.078,0.0832,0.08839999999999999,0.09359999999999999
1604,-293.0,0.0912,0.0,0.0048000000000000004,0.009600000000000001,0.0144,0.019200000000000002,0.024,0.0288,0.0336,0.038400000000000004,0.0432,0.048,0.0528,0.0576,0.062400000000000004,0.0672,0.07200000000000001,0.07680000000000001,0.0816,0.0864
1605,-292.5,0.08549999999999999,0.0,0.0045,0.009,0.0135,0.018,0.0225,0.027,0.0315,0.036,0.0405,0.045,0.049499999999999995,0.054,0.058499999999999996,0.063,0.0675,0.072,0.0765,0.081
1606,-292.0,0.0779,0.0,0.0040999999999999995,0.008199999999999999,0.0123,0.016399999999999998,0.0205,0.0246,0.0287,0.032799999999999996,0.0369,0.041,0.0451,0.0492,0.0533,0.0574,0.0615,0.06559999999999999,0.0697,0.0738
1607,-291.5,0.0722,0.0,0.0038000000000000004,0.007600000000000001,0.0114,0.015200000000000002,0.019,0.0228,0.026600000000000002,0.030400000000000003,0.0342,0.038,0.041800000000000004,0.0456,0.0494,0.053200000000000004,0.057,0.06080000000000001,0.0646,0.0684
1608,-291.0,0.0665,0.0,0.0035,0.007,0.0105,0.014,0.017499999999999998,0.021,0.0245,0.028,0.0315,0.034999999999999996,0.0385,0.042,0.0455,0.049,0.0525,0.056,0.0595,0.063
1609,-290.5,0.0627,0.0,0.0033,0.0066,0.009899999999999999,0.0132,0.0165,0.019799999999999998,0.0231,0.0264,0.0297,0.033,0.0363,0.039599999999999996,0.0429,0.0462,0.0495,0.0528,0.0561,0.0594
1610,-290.0,0.056999999999999995,0.0,0.0029999999999999996,0.005999999999999999,0.009,0.011999999999999999,0.015,0.018,0.020999999999999998,0.023999999999999997,0.026999999999999996,0.03,0.032999999999999995,0.036,0.039,0.041999999999999996,0.045,0.047999999999999994,0.051,0.05399999999999999
1611,-289.5,0.0532,0.0,0.0027999999999999995,0.005599999999999999,0.0084,0.011199999999999998,0.013999999999999999,0.0168,0.0196,0.022399999999999996,0.025199999999999997,0.027999999999999997,0.030799999999999998,0.0336,0.036399999999999995,0.0392,0.041999999999999996,0.04479999999999999,0.047599999999999996,0.05039999999999999
1612,-289.0,0.04939999999999999,0.0,0.0026,0.0052,0.0078,0.0104,0.013,0.0156,0.018199999999999997,0.0208,0.023399999999999997,0.026,0.028599999999999997,0.0312,0.0338,0.036399999999999995,0.039,0.0416,0.044199999999999996,0.046799999999999994
1613,-288.5,0.0456,0.0,0.0024000000000000002,0.0048000000000000004,0.0072,0.009600000000000001,0.012,0.0144,0.0168,0.019200000000000002,0.0216,0.024,0.0264,0.0288,0.031200000000000002,0.0336,0.036000000000000004,0.038400000000000004,0.0408,0.0432
1614,-288.0,0.041800000000000004,0.0,0.0022,0.0044,0.0066,0.0088,0.011000000000000001,0.0132,0.0154,0.0176,0.0198,0.022000000000000002,0.0242,0.0264,0.0286,0.0308,0.033,0.0352,0.0374,0.0396
1615,-287.5,0.038,0.0,0.002,0.004,0.006,0.008,0.01,0.012,0.014,0.016,0.018000000000000002,0.02,0.022000000000000002,0.024,0.026000000000000002,0.028,0.030000000000000002,0.032,0.034,0.036000000000000004
1616,-287.0,0.0361,0.0,0.0019000000000000002,0.0038000000000000004,0.0057,0.007600000000000001,0.0095,0.0114,0.013300000000000001,0.015200000000000002,0.0171,0.019,0.020900000000000002,0.0228,0.0247,0.026600000000000002,0.0285,0.030400000000000003,0.0323,0.0342
1617,-286.5,0.0323,0.0,0.0017000000000000001,0.0034000000000000002,0.0051,0.0068000000000000005,0.0085,0.0102,0.0119,0.013600000000000001,0.015300000000000001,0.017,0.0187,0.0204,0.0221,0.0238,0.025500000000000002,0.027200000000000002,0.028900000000000002,0.030600000000000002
1618,-286.0,0.030400000000000003,0.0,0.0016,0.0032,0.0048000000000000004,0.0064,0.008,0.009600000000000001,0.011200000000000002,0.0128,0.014400000000000001,0.016,0.0176,0.019200000000000002,0.020800000000000003,0.022400000000000003,0.024,0.0256,0.027200000000000002,0.028800000000000003
1619,-285.5,0.028499999999999998,0.0,0.0014999999999999998,0.0029999999999999996,0.0045,0.005999999999999999,0.0075,0.009,0.010499999999999999,0.011999999999999999,0.013499999999999998,0.015,0.016499999999999997,0.018,0.0195,0.020999999999999998,0.0225,0.023999999999999997,0.0255,0.026999999999999996
1620,-285.0,0.0266,0.0,0.0013999999999999998,0.0027999999999999995,0.0042,0.005599999999999999,0.006999999999999999,0.0084,0.0098,0.011199999999999998,0.012599999999999998,0.013999999999999999,0.015399999999999999,0.0168,0.018199999999999997,0.0196,0.020999999999999998,0.022399999999999996,0.023799999999999998,0.025199999999999997
1621,-284.5,0.024699999999999996,0.0,0.0013,0.0026,0.0039,0.0052,0.0065,0.0078,0.009099999999999999,0.0104,0.011699999999999999,0.013,0.014299999999999998,0.0156,0.0169,0.018199999999999997,0.0195,0.0208,0.022099999999999998,0.023399999999999997
1622,-284.0,0.0228,0.0,0.0012000000000000001,0.0024000000000000002,0.0036,0.0048000000000000004,0.006,0.0072,0.0084,0.009600000000000001,0.0108,0.012,0.0132,0.0144,0.015600000000000001,0.0168,0.018000000000000002,0.019200000000000002,0.0204,0.0216
1623,-283.5,0.020900000000000002,0.0,0.0011,0.0022,0.0033,0.0044,0.0055000000000000005,0.0066,0.0077,0.0088,0.0099,0.011000000000000001,0.0121,0.0132,0.0143,0.0154,0.0165,0.0176,0.0187,0.0198
1624,-283.0,0.019,0.0,0.001,0.002,0.003,0.004,0.005,0.006,0.007,0.008,0.009000000000000001,0.01,0.011000000000000001,0.012,0.013000000000000001,0.014,0.015000000000000001,0.016,0.017,0.018000000000000002
1625,-282.5,0.0171,0.0,0.0009000000000000001,0.0018000000000000002,0.0027,0.0036000000000000003,0.0045000000000000005,0.0054,0.0063,0.007200000000000001,0.008100000000000001,0.009000000000000001,0.0099,0.0108,0.0117,0.0126,0.013500000000000002,0.014400000000000001,0.015300000000000001,0.016200000000000003
1626,-282.0,0.015200000000000002,0.0,0.0008,0.0016,0.0024000000000000002,0.0032,0.004,0.0048000000000000004,0.005600000000000001,0.0064,0.007200000000000001,0.008,0.0088,0.009600000000000001,0.010400000000000001,0.011200000000000002,0.012,0.0128,0.013600000000000001,0.014400000000000001
1627,-281.5,0.015200000000000002,0.0,0.0008,0.0016,0.0024000000000000002,0.0032,0.004,0.0048000000000000004,0.005600000000000001,0.0064,0.007200000000000001,0.008,0.0088,0.009600000000000001,0.010400000000000001,0.011200000000000002,0.012,0.0128,0.013600000000000001,0.014400000000000001
1628,-281.0,0.0133,0.0,0.0006999999999999999,0.0013999999999999998,0.0021,0.0027999999999999995,0.0034999999999999996,0.0042,0.0049,0.005599999999999999,0.006299999999999999,0.006999999999999999,0.007699999999999999,0.0084,0.009099999999999999,0.0098,0.010499999999999999,0.011199999999999998,0.011899999999999999,0.012599999999999998
1629,-280.5,0.0133,0.0,0.0006999999999999999,0.0013999999999999998,0.0021,0.0027999999999999995,0.0034999999999999996,0.0042,0.0049,0.005599999999999999,0.006299999999999999,0.006999999999999999,0.007699999999999999,0.0084,0.009099999999999999,0.0098,0.010499999999999999,0.011199999999999998,0.011899999999999999,0.012599999999999998
1630,-280.0,0.0114,0.0,0.0006000000000000001,0.0012000000000000001,0.0018,0.0024000000000000002,0.003,0.0036,0.0042,0.0048000000000000004,0.0054,0.006,0.0066,0.0072,0.0078000000000000005,0.0084,0.009000000000000001,0.009600000000000001,0.0102,0.0108
1631,-279.5,0.0114,0.0,0.0006000000000000001,0.0012000000000000001,0.0018,0.0024000000000000002,0.003,0.0036,0.0042,0.0048000000000000004,0.0054,0.006,0.0066,0.0072,0.0078000000000000005,0.0084,0.009000000000000001,0.009600000000000001,0.0102,0.0108
1632,-279.0,0.0095,0.0,0.0005,0.001,0.0015,0.002,0.0025,0.003,0.0035,0.004,0.0045000000000000005,0.005,0.0055000000000000005,0.006,0.006500000000000001,0.007,0.007500000000000001,0.008,0.0085,0.009000000000000001
1633,-278.5,0.0095,0.0,0.0005,0.001,0.0015,0.002,0.0025,0.003,0.0035,0.004,0.0045000000000000005,0.005,0.0055000000000000005,0.006,0.006500000000000001,0.007,0.007500000000000001,0.008,0.0085,0.009000000000000001
1634,-278.0,0.007600000000000001,0.0,0.0004,0.0008,0.0012000000000000001,0.0016,0.002,0.0024000000000000002,0.0028000000000000004,0.0032,0.0036000000000000003,0.004,0.0044,0.0048000000000000004,0.005200000000000001,0.005600000000000001,0.006,0.0064,0.0068000000000000005,0.007200000000000001
1635,-277.5,0.007600000000000001,0.0,0.0004,0.0008,0.0012000000000000001,0.0016,0.002,0.0024000000000000002,0.0028000000000000004,0.0032,0.0036000000000000003,0.004,0.0044,0.0048000000000000004,0.005200000000000001,0.005600000000000001,0.006,0.0064,0.0068000000000000005,0.007200000000000001
1636,-277.0,0.007600000000000001,0.0,0.0004,0.0008,0.0012000000000000001,0.0016,0.002,0.0024000000000000002,0.0028000000000000004,0.0032,0.0036000000000000003,0.004,0.0044,0.0048000000000000004,0.005200000000000001,0.005600000000000001,0.006,0.0064,0.0068000000000000005,0.007200000000000001
1637,-276.5,0.007600000000000001,0.0,0.0004,0.0008,0.0012000000000000001,0.0016,0.002,0.0024000000000000002,0.0028000000000000004,0.0032,0.0036000000000000003,0.004,0.0044,0.0048000000000000004,0.005200000000000001,0.005600000000000001,0.006,0.0064,0.0068000000000000005,0.007200000000000001
1638,-276.0,0.0057,0.0,0.00030000000000000003,0.0006000000000000001,0.0009,0.0012000000000000001,0.0015,0.0018,0.0021,0.0024000000000000002,0.0027,0.003,0.0033,0.0036,0.0039000000000000003,0.0042,0.0045000000000000005,0.0048000000000000004,0.0051,0.0054
1639,-275.5,0.0057,0.0,0.00030000000000000003,0.0006000000000000001,0.0009,0.0012000000000000001,0.0015,0.0018,0.0021,0.0024000000000000002,0.0027,0.003,0.0033,0.0036,0.0039000000000000003,0.0042,0.0045000000000000005,0.0048000000000000004,0.0051,0.0054
1640,-275.0,0.0057,0.0,0.00030000000000000003,0.0006000000000000001,0.0009,0.0012000000000000001,0.0015,0.0018,0.0021,0.0024000000000000002,0.0027,0.003,0.0033,0.0036,0.0039000000000000003,0.0042,0.0045000000000000005,0.0048000000000000004,0.0051,0.0054
1641,-274.5,0.0057,0.0,0.00030000000000000003,0.0006000000000000001,0.0009,0.0012000000000000001,0.0015,0.0018,0.0021,0.0024000000000000002,0.0027,0.003,0.0033,0.0036,0.0039000000000000003,0.0042,0.0045000000000000005,0.0048000000000000004,0.0051,0.0054
1642,-274.0,0.0038000000000000004,0.0,0.0002,0.0004,0.0006000000000000001,0.0008,0.001,0.0012000000000000001,0.0014000000000000002,0.0016,0.0018000000000000002,0.002,0.0022,0.0024000000000000002,0.0026000000000000003,0.0028000000000000004,0.003,0.0032,0.0034000000000000002,0.0036000000000000003
1643,-273.5,0.0038000000000000004,0.0,0.0002,0.0004,0.0006000000000000001,0.0008,0.001,0.0012000000000000001,0.0014000000000000002,0.0016,0.0018000000000000002,0.002,0.0022,0.0024000000000000002,0.0026000000000000003,0.0028000000000000004,0.003,0.0032,0.0034000000000000002,0.0036000000000000003
1644,-273.0,0.0038000000000000004,0.0,0.0002,0.0004,0.0006000000000000001,0.0008,0.001,0.0012000000000000001,0.0014000000000000002,0.0016,0.0018000000000000002,0.002,0.0022,0.0024000000000000002,0.0026000000000000003,0.0028000000000000004,0.003,0.0032,0.0034000000000000002,0.0036000000000000003
1645,-272.5,0.0038000000000000004,0.0,0.0002,0.0004,0.0006000000000000001,0.0008,0.001,0.0012000000000000001,0.0014000000000000002,0.0016,0.0018000000000000002,0.002,0.0022,0.0024000000000000002,0.0026000000000000003,0.0028000000000000004,0.003,0.0032,0.0034000000000000002,0.0036000000000000003
1646,-272.0,0.0038000000000000004,0.0,0.0002,0.0004,0.0006000000000000001,0.0008,0.001,0.0012000000000000001,0.0014000000000000002,0.0016,0.0018000000000000002,0.002,0.0022,0.0024000000000000002,0.0026000000000000003,0.0028000000000000004,0.003,0.0032,0.0034000000000000002,0.0036000000000000003
1647,-271.5,0.0038000000000000004,0.0,0.0002,0.0004,0.0006000000000000001,0.0008,0.001,0.0012000000000000001,0.0014000000000000002,0.0016,0.0018000000000000002,0.002,0.0022,0.0024000000000000002,0.0026000000000000003,0.0028000000000000004,0.003,0.0032,0.0034000000000000002,0.0036000000000000003
1648,-271.0,0.0038000000000000004,0.0,0.0002,0.0004,0.0006000000000000001,0.0008,0.001,0.0012000000000000001,0.0014000000000000002,0.0016,0.0018000000000000002,0.002,0.0022,0.0024000000000000002,0.0026000000000000003,0.0028000000000000004,0.003,0.0032,0.0034000000000000002,0.0036000000000000003
1649,-270.5,0.0019000000000000002,0.0,0.0001,0.0002,0.00030000000000000003,0.0004,0.0005,0.0006000000000000001,0.0007000000000000001,0.0008,0.0009000000000000001,0.001,0.0011,0.0012000000000000001,0.0013000000000000002,0.0014000000000000002,0.0015,0.0016,0.0017000000000000001,0.0018000000000000002
1650,-270.0,0.0019000000000000002,0.0,0.0001,0.0002,0.00030000000000000003,0.0004,0.0005,0.0006000000000000001,0.0007000000000000001,0.0008,0.0009000000000000001,0.001,0.0011,0.0012000000000000001,0.0013000000000000002,0.0014000000000000002,0.0015,0.0016,0.0017000000000000001,0.0018000000000000002
1651,-269.5,0.0019000000000000002,0.0,0.0001,0.0002,0.00030000000000000003,0.0004,0.0005,0.0006000000000000001,0.0007000000000000001,0.0008,0.0009000000000000001,0.001,0.0011,0.0012000000000000001,0.0013000000000000002,0.0014000000000000002,0.0015,0.0016,0.0017000000000000001,0.0018000000000000002
1652,-269.0,0.0019000000000000002,0.0,0.0001,0.0002,0.00030000000000000003,0.0004,0.0005,0.0006000000000000001,0.0007000000000000001,0.0008,0.0009000000000000001,0.001,0.0011,0.0012000000000000001,0.0013000000000000002,0.0014000000000000002,0.0015,0.0016,0.0017000000000000001,0.0018000000000000002
1653,-268.5,0.0019000000000000002,0.0,0.0001,0.0002,0.00030000000000000003,0.0004,0.0005,0.0006000000000000001,0.0007000000000000001,0.0008,0.0009000000000000001,0.001,0.0011,0.0012000000000000001,0.0013000000000000002,0.0014000000000000002,0.0015,0.0016,0.0017000000000000001,0.0018000000000000002
1654,-268.0,0.0019000000000000002,0.0,0.0001,0.0002,0.00030000000000000003,0.0004,0.0005,0.0006000000000000001,0.0007000000000000001,0.0008,0.0009000000000000001,0.001,0.0011,0.0012000000000000001,0.0013000000000000002,0.0014000000000000002,0.0015,0.0016,0.0017000000000000001,0.0018000000000000002
1655,-267.5,0.0019000000000000002,0.0,0.0001,0.0002,0.00030000000000000003,0.0004,0.0005,0.0006000000000000001,0.0007000000000000001,0.0008,0.0009000000000000001,0.001,0.0011,0.0012000000000000001,0.0013000000000000002,0.0014000000000000002,0.0015,0.0016,0.0017000000000000001,0.0018000000000000002
1656,-267.0,0.0019000000000000002,0.0,0.0001,0.0002,0.00030000000000000003,0.0004,0.0005,0.0006000000000000001,0.0007000000000000001,0.0008,0.0009000000000000001,0.001,0.0011,0.0012000000000000001,0.0013000000000000002,0.0014000000000000002,0.0015,0.0016,0.0017000000000000001,0.0018000000000000002
1657,-266.5,0.0019000000000000002,0.0,0.0001,0.0002,0.00030000000000000003,0.0004,0.0005,0.0006000000000000001,0.0007000000000000001,0.0008,0.0009000000000000001,0.001,0.0011,0.0012000000000000001,0.0013000000000000002,0.0014000000000000002,0.0015,0.0016,0.0017000000000000001,0.0018000000000000002
1658,-266.0,0.0019000000000000002,0.0,0.0001,0.0002,0.00030000000000000003,0.0004,0.0005,0.0006000000000000001,0.0007000000000000001,0.0008,0.0009000000000000001,0.001,0.0011,0.0012000000000000001,0.0013000000000000002,0.0014000000000000002,0.0015,0.0016,0.0017000000000000001,0.0018000000000000002
1659,-265.5,0.0019000000000000002,0.0,0.0001,0.0002,0.00030000000000000003,0.0004,0.0005,0.0006000000000000001,0.0007000000000000001,0.0008,0.0009000000000000001,0.001,0.0011,0.0012000000000000001,0.0013000000000000002,0.0014000000000000002,0.0015,0.0016,0.0017000000000000001,0.0018000000000000002
1660,-265.0,0.0019000000000000002,0.0,0.0001,0.0002,0.00030000000000000003,0.0004,0.0005,0.0006000000000000001,0.0007000000000000001,0.0008,0.0009000000000000001,0.001,0.0011,0.0012000000000000001,0.0013000000000000002,0.0014000000000000002,0.0015,0.0016,0.0017000000000000001,0.0018000000000000002
1661,-264.5,0.0019000000000000002,0.0,0.0001,0.0002,0.00030000000000000003,0.0004,0.0005,0.0006000000000000001,0.0007000000000000001,0.0008,0.0009000000000000001,0.001,0.0011,0.0012000000000000001,0.0013000000000000002,0.0014000000000000002,0.0015,0.0016,0.0017000000000000001,0.0018000000000000002
1662,-264.0,0.0019000000000000002,0.0,0.0001,0.0002,0.00030000000000000003,0.0004,0.0005,0.0006000000000000001,0.0007000000000000001,0.0008,0.0009000000000000001,0.001,0.0011,0.0012000000000000001,0.0013000000000000002,0.0014000000000000002,0.0015,0.0016,0.0017000000000000001,0.0018000000000000002
1663,-263.5,0.0019000000000000002,0.0,0.0001,0.0002,0.00030000000000000003,0.0004,0.0005,0.0006000000000000001,0.0007000000000000001,0.0008,0.0009000000000000001,0.001,0.0011,0.0012000000000000001,0.0013000000000000002,0.0014000000000000002,0.0015,0.0016,0.0017000000000000001,0.0018000000000000002
1664,-263.0,0.0,0.0,0.0,0.0,0.0,0.0,0.0,0.0,0.0,0.0,0.0,0.0,0.0,0.0,0.0,0.0,0.0,0.0,0.0,0.0
1665,-262.5,0.0,0.0,0.0,0.0,0.0,0.0,0.0,0.0,0.0,0.0,0.0,0.0,0.0,0.0,0.0,0.0,0.0,0.0,0.0,0.0
1666,-262.0,0.0,0.0,0.0,0.0,0.0,0.0,0.0,0.0,0.0,0.0,0.0,0.0,0.0,0.0,0.0,0.0,0.0,0.0,0.0,0.0
1667,-261.5,0.0,0.0,0.0,0.0,0.0,0.0,0.0,0.0,0.0,0.0,0.0,0.0,0.0,0.0,0.0,0.0,0.0,0.0,0.0,0.0
1668,-261.0,0.0,0.0,0.0,0.0,0.0,0.0,0.0,0.0,0.0,0.0,0.0,0.0,0.0,0.0,0.0,0.0,0.0,0.0,0.0,0.0
1669,-260.5,0.0,0.0,0.0,0.0,0.0,0.0,0.0,0.0,0.0,0.0,0.0,0.0,0.0,0.0,0.0,0.0,0.0,0.0,0.0,0.0
1670,-260.0,0.0,0.0,0.0,0.0,0.0,0.0,0.0,0.0,0.0,0.0,0.0,0.0,0.0,0.0,0.0,0.0,0.0,0.0,0.0,0.0
1671,-259.5,0.0,0.0,0.0,0.0,0.0,0.0,0.0,0.0,0.0,0.0,0.0,0.0,0.0,0.0,0.0,0.0,0.0,0.0,0.0,0.0
1672,-259.0,0.0,0.0,0.0,0.0,0.0,0.0,0.0,0.0,0.0,0.0,0.0,0.0,0.0,0.0,0.0,0.0,0.0,0.0,0.0,0.0
1673,-258.5,0.0,0.0,0.0,0.0,0.0,0.0,0.0,0.0,0.0,0.0,0.0,0.0,0.0,0.0,0.0,0.0,0.0,0.0,0.0,0.0
1674,-258.0,0.0,0.0,0.0,0.0,0.0,0.0,0.0,0.0,0.0,0.0,0.0,0.0,0.0,0.0,0.0,0.0,0.0,0.0,0.0,0.0
1675,-257.5,0.0,0.0,0.0,0.0,0.0,0.0,0.0,0.0,0.0,0.0,0.0,0.0,0.0,0.0,0.0,0.0,0.0,0.0,0.0,0.0
1676,-257.0,0.0,0.0,0.0,0.0,0.0,0.0,0.0,0.0,0.0,0.0,0.0,0.0,0.0,0.0,0.0,0.0,0.0,0.0,0.0,0.0
1677,-256.5,0.0,0.0,0.0,0.0,0.0,0.0,0.0,0.0,0.0,0.0,0.0,0.0,0.0,0.0,0.0,0.0,0.0,0.0,0.0,0.0
1678,-256.0,0.0,0.0,0.0,0.0,0.0,0.0,0.0,0.0,0.0,0.0,0.0,0.0,0.0,0.0,0.0,0.0,0.0,0.0,0.0,0.0
1679,-255.5,0.0,0.0,0.0,0.0,0.0,0.0,0.0,0.0,0.0,0.0,0.0,0.0,0.0,0.0,0.0,0.0,0.0,0.0,0.0,0.0
1680,-255.0,0.0,0.0,0.0,0.0,0.0,0.0,0.0,0.0,0.0,0.0,0.0,0.0,0.0,0.0,0.0,0.0,0.0,0.0,0.0,0.0
1681,-254.5,0.0,0.0,0.0,0.0,0.0,0.0,0.0,0.0,0.0,0.0,0.0,0.0,0.0,0.0,0.0,0.0,0.0,0.0,0.0,0.0
1682,-254.0,0.0,0.0,0.0,0.0,0.0,0.0,0.0,0.0,0.0,0.0,0.0,0.0,0.0,0.0,0.0,0.0,0.0,0.0,0.0,0.0
1683,-253.5,0.0,0.0,0.0,0.0,0.0,0.0,0.0,0.0,0.0,0.0,0.0,0.0,0.0,0.0,0.0,0.0,0.0,0.0,0.0,0.0
1684,-253.0,0.0,0.0,0.0,0.0,0.0,0.0,0.0,0.0,0.0,0.0,0.0,0.0,0.0,0.0,0.0,0.0,0.0,0.0,0.0,0.0
1685,-252.5,0.0,0.0,0.0,0.0,0.0,0.0,0.0,0.0,0.0,0.0,0.0,0.0,0.0,0.0,0.0,0.0,0.0,0.0,0.0,0.0
1686,-252.0,0.0,0.0,0.0,0.0,0.0,0.0,0.0,0.0,0.0,0.0,0.0,0.0,0.0,0.0,0.0,0.0,0.0,0.0,0.0,0.0
1687,-251.5,0.0,0.0,0.0,0.0,0.0,0.0,0.0,0.0,0.0,0.0,0.0,0.0,0.0,0.0,0.0,0.0,0.0,0.0,0.0,0.0
1688,-251.0,0.0,0.0,0.0,0.0,0.0,0.0,0.0,0.0,0.0,0.0,0.0,0.0,0.0,0.0,0.0,0.0,0.0,0.0,0.0,0.0
1689,-250.5,0.0,0.0,0.0,0.0,0.0,0.0,0.0,0.0,0.0,0.0,0.0,0.0,0.0,0.0,0.0,0.0,0.0,0.0,0.0,0.0
1690,-250.0,0.0,0.0,0.0,0.0,0.0,0.0,0.0,0.0,0.0,0.0,0.0,0.0,0.0,0.0,0.0,0.0,0.0,0.0,0.0,0.0
1691,-249.5,0.0,0.0,0.0,0.0,0.0,0.0,0.0,0.0,0.0,0.0,0.0,0.0,0.0,0.0,0.0,0.0,0.0,0.0,0.0,0.0
1692,-249.0,0.0,0.0,0.0,0.0,0.0,0.0,0.0,0.0,0.0,0.0,0.0,0.0,0.0,0.0,0.0,0.0,0.0,0.0,0.0,0.0
1693,-248.5,0.0,0.0,0.0,0.0,0.0,0.0,0.0,0.0,0.0,0.0,0.0,0.0,0.0,0.0,0.0,0.0,0.0,0.0,0.0,0.0
1694,-248.0,0.0,0.0,0.0,0.0,0.0,0.0,0.0,0.0,0.0,0.0,0.0,0.0,0.0,0.0,0.0,0.0,0.0,0.0,0.0,0.0
1695,-247.5,0.0,0.0,0.0,0.0,0.0,0.0,0.0,0.0,0.0,0.0,0.0,0.0,0.0,0.0,0.0,0.0,0.0,0.0,0.0,0.0
1696,-247.0,0.0,0.0,0.0,0.0,0.0,0.0,0.0,0.0,0.0,0.0,0.0,0.0,0.0,0.0,0.0,0.0,0.0,0.0,0.0,0.0
1697,-246.5,0.0,0.0,0.0,0.0,0.0,0.0,0.0,0.0,0.0,0.0,0.0,0.0,0.0,0.0,0.0,0.0,0.0,0.0,0.0,0.0
1698,-246.0,0.0,0.0,0.0,0.0,0.0,0.0,0.0,0.0,0.0,0.0,0.0,0.0,0.0,0.0,0.0,0.0,0.0,0.0,0.0,0.0
1699,-245.5,0.0,0.0,0.0,0.0,0.0,0.0,0.0,0.0,0.0,0.0,0.0,0.0,0.0,0.0,0.0,0.0,0.0,0.0,0.0,0.0
1700,-245.0,0.0,0.0,0.0,0.0,0.0,0.0,0.0,0.0,0.0,0.0,0.0,0.0,0.0,0.0,0.0,0.0,0.0,0.0,0.0,0.0
1701,-244.5,0.0,0.0,0.0,0.0,0.0,0.0,0.0,0.0,0.0,0.0,0.0,0.0,0.0,0.0,0.0,0.0,0.0,0.0,0.0,0.0
1702,-244.0,0.0,0.0,0.0,0.0,0.0,0.0,0.0,0.0,0.0,0.0,0.0,0.0,0.0,0.0,0.0,0.0,0.0,0.0,0.0,0.0
1703,-243.5,0.0,0.0,0.0,0.0,0.0,0.0,0.0,0.0,0.0,0.0,0.0,0.0,0.0,0.0,0.0,0.0,0.0,0.0,0.0,0.0
1704,-243.0,0.0,0.0,0.0,0.0,0.0,0.0,0.0,0.0,0.0,0.0,0.0,0.0,0.0,0.0,0.0,0.0,0.0,0.0,0.0,0.0
1705,-242.5,0.0,0.0,0.0,0.0,0.0,0.0,0.0,0.0,0.0,0.0,0.0,0.0,0.0,0.0,0.0,0.0,0.0,0.0,0.0,0.0
1706,-242.0,0.0,0.0,0.0,0.0,0.0,0.0,0.0,0.0,0.0,0.0,0.0,0.0,0.0,0.0,0.0,0.0,0.0,0.0,0.0,0.0
1707,-241.5,0.0,0.0,0.0,0.0,0.0,0.0,0.0,0.0,0.0,0.0,0.0,0.0,0.0,0.0,0.0,0.0,0.0,0.0,0.0,0.0
1708,-241.0,0.0,0.0,0.0,0.0,0.0,0.0,0.0,0.0,0.0,0.0,0.0,0.0,0.0,0.0,0.0,0.0,0.0,0.0,0.0,0.0
1709,-240.5,0.0,0.0,0.0,0.0,0.0,0.0,0.0,0.0,0.0,0.0,0.0,0.0,0.0,0.0,0.0,0.0,0.0,0.0,0.0,0.0
1710,-240.0,0.0,0.0,0.0,0.0,0.0,0.0,0.0,0.0,0.0,0.0,0.0,0.0,0.0,0.0,0.0,0.0,0.0,0.0,0.0,0.0
1711,-239.5,0.0,0.0,0.0,0.0,0.0,0.0,0.0,0.0,0.0,0.0,0.0,0.0,0.0,0.0,0.0,0.0,0.0,0.0,0.0,0.0
1712,-239.0,0.0,0.0,0.0,0.0,0.0,0.0,0.0,0.0,0.0,0.0,0.0,0.0,0.0,0.0,0.0,0.0,0.0,0.0,0.0,0.0
1713,-238.5,0.0,0.0,0.0,0.0,0.0,0.0,0.0,0.0,0.0,0.0,0.0,0.0,0.0,0.0,0.0,0.0,0.0,0.0,0.0,0.0
1714,-238.0,0.0,0.0,0.0,0.0,0.0,0.0,0.0,0.0,0.0,0.0,0.0,0.0,0.0,0.0,0.0,0.0,0.0,0.0,0.0,0.0
1715,-237.5,0.0,0.0,0.0,0.0,0.0,0.0,0.0,0.0,0.0,0.0,0.0,0.0,0.0,0.0,0.0,0.0,0.0,0.0,0.0,0.0
1716,-237.0,0.0,0.0,0.0,0.0,0.0,0.0,0.0,0.0,0.0,0.0,0.0,0.0,0.0,0.0,0.0,0.0,0.0,0.0,0.0,0.0
1717,-236.5,0.0,0.0,0.0,0.0,0.0,0.0,0.0,0.0,0.0,0.0,0.0,0.0,0.0,0.0,0.0,0.0,0.0,0.0,0.0,0.0
1718,-236.0,0.0,0.0,0.0,0.0,0.0,0.0,0.0,0.0,0.0,0.0,0.0,0.0,0.0,0.0,0.0,0.0,0.0,0.0,0.0,0.0
1719,-235.5,0.0,0.0,0.0,0.0,0.0,0.0,0.0,0.0,0.0,0.0,0.0,0.0,0.0,0.0,0.0,0.0,0.0,0.0,0.0,0.0
1720,-235.0,0.0,0.0,0.0,0.0,0.0,0.0,0.0,0.0,0.0,0.0,0.0,0.0,0.0,0.0,0.0,0.0,0.0,0.0,0.0,0.0
1721,-234.5,0.0,0.0,0.0,0.0,0.0,0.0,0.0,0.0,0.0,0.0,0.0,0.0,0.0,0.0,0.0,0.0,0.0,0.0,0.0,0.0
1722,-234.0,0.0,0.0,0.0,0.0,0.0,0.0,0.0,0.0,0.0,0.0,0.0,0.0,0.0,0.0,0.0,0.0,0.0,0.0,0.0,0.0
1723,-233.5,0.0,0.0,0.0,0.0,0.0,0.0,0.0,0.0,0.0,0.0,0.0,0.0,0.0,0.0,0.0,0.0,0.0,0.0,0.0,0.0
1724,-233.0,0.0,0.0,0.0,0.0,0.0,0.0,0.0,0.0,0.0,0.0,0.0,0.0,0.0,0.0,0.0,0.0,0.0,0.0,0.0,0.0
1725,-232.5,0.0,0.0,0.0,0.0,0.0,0.0,0.0,0.0,0.0,0.0,0.0,0.0,0.0,0.0,0.0,0.0,0.0,0.0,0.0,0.0
1726,-232.0,0.0,0.0,0.0,0.0,0.0,0.0,0.0,0.0,0.0,0.0,0.0,0.0,0.0,0.0,0.0,0.0,0.0,0.0,0.0,0.0
1727,-231.5,0.0,0.0,0.0,0.0,0.0,0.0,0.0,0.0,0.0,0.0,0.0,0.0,0.0,0.0,0.0,0.0,0.0,0.0,0.0,0.0
1728,-231.0,0.0,0.0,0.0,0.0,0.0,0.0,0.0,0.0,0.0,0.0,0.0,0.0,0.0,0.0,0.0,0.0,0.0,0.0,0.0,0.0
1729,-230.5,0.0,0.0,0.0,0.0,0.0,0.0,0.0,0.0,0.0,0.0,0.0,0.0,0.0,0.0,0.0,0.0,0.0,0.0,0.0,0.0
1730,-230.0,0.0,0.0,0.0,0.0,0.0,0.0,0.0,0.0,0.0,0.0,0.0,0.0,0.0,0.0,0.0,0.0,0.0,0.0,0.0,0.0
1731,-229.5,0.0,0.0,0.0,0.0,0.0,0.0,0.0,0.0,0.0,0.0,0.0,0.0,0.0,0.0,0.0,0.0,0.0,0.0,0.0,0.0
1732,-229.0,0.0,0.0,0.0,0.0,0.0,0.0,0.0,0.0,0.0,0.0,0.0,0.0,0.0,0.0,0.0,0.0,0.0,0.0,0.0,0.0
1733,-228.5,0.0,0.0,0.0,0.0,0.0,0.0,0.0,0.0,0.0,0.0,0.0,0.0,0.0,0.0,0.0,0.0,0.0,0.0,0.0,0.0
1734,-228.0,0.0,0.0,0.0,0.0,0.0,0.0,0.0,0.0,0.0,0.0,0.0,0.0,0.0,0.0,0.0,0.0,0.0,0.0,0.0,0.0
1735,-227.5,0.0,0.0,0.0,0.0,0.0,0.0,0.0,0.0,0.0,0.0,0.0,0.0,0.0,0.0,0.0,0.0,0.0,0.0,0.0,0.0
1736,-227.0,0.0,0.0,0.0,0.0,0.0,0.0,0.0,0.0,0.0,0.0,0.0,0.0,0.0,0.0,0.0,0.0,0.0,0.0,0.0,0.0
1737,-226.5,0.0,0.0,0.0,0.0,0.0,0.0,0.0,0.0,0.0,0.0,0.0,0.0,0.0,0.0,0.0,0.0,0.0,0.0,0.0,0.0
1738,-226.0,0.0,0.0,0.0,0.0,0.0,0.0,0.0,0.0,0.0,0.0,0.0,0.0,0.0,0.0,0.0,0.0,0.0,0.0,0.0,0.0
1739,-225.5,0.0,0.0,0.0,0.0,0.0,0.0,0.0,0.0,0.0,0.0,0.0,0.0,0.0,0.0,0.0,0.0,0.0,0.0,0.0,0.0
1740,-225.0,0.0,0.0,0.0,0.0,0.0,0.0,0.0,0.0,0.0,0.0,0.0,0.0,0.0,0.0,0.0,0.0,0.0,0.0,0.0,0.0
1741,-224.5,0.0,0.0,0.0,0.0,0.0,0.0,0.0,0.0,0.0,0.0,0.0,0.0,0.0,0.0,0.0,0.0,0.0,0.0,0.0,0.0
1742,-224.0,0.0,0.0,0.0,0.0,0.0,0.0,0.0,0.0,0.0,0.0,0.0,0.0,0.0,0.0,0.0,0.0,0.0,0.0,0.0,0.0
1743,-223.5,0.0,0.0,0.0,0.0,0.0,0.0,0.0,0.0,0.0,0.0,0.0,0.0,0.0,0.0,0.0,0.0,0.0,0.0,0.0,0.0
1744,-223.0,0.0,0.0,0.0,0.0,0.0,0.0,0.0,0.0,0.0,0.0,0.0,0.0,0.0,0.0,0.0,0.0,0.0,0.0,0.0,0.0
1745,-222.5,0.0,0.0,0.0,0.0,0.0,0.0,0.0,0.0,0.0,0.0,0.0,0.0,0.0,0.0,0.0,0.0,0.0,0.0,0.0,0.0
1746,-222.0,0.0,0.0,0.0,0.0,0.0,0.0,0.0,0.0,0.0,0.0,0.0,0.0,0.0,0.0,0.0,0.0,0.0,0.0,0.0,0.0
1747,-221.5,0.0,0.0,0.0,0.0,0.0,0.0,0.0,0.0,0.0,0.0,0.0,0.0,0.0,0.0,0.0,0.0,0.0,0.0,0.0,0.0
1748,-221.0,0.0,0.0,0.0,0.0,0.0,0.0,0.0,0.0,0.0,0.0,0.0,0.0,0.0,0.0,0.0,0.0,0.0,0.0,0.0,0.0
1749,-220.5,0.0,0.0,0.0,0.0,0.0,0.0,0.0,0.0,0.0,0.0,0.0,0.0,0.0,0.0,0.0,0.0,0.0,0.0,0.0,0.0
1750,-220.0,0.0,0.0,0.0,0.0,0.0,0.0,0.0,0.0,0.0,0.0,0.0,0.0,0.0,0.0,0.0,0.0,0.0,0.0,0.0,0.0
1751,-219.5,0.0,0.0,0.0,0.0,0.0,0.0,0.0,0.0,0.0,0.0,0.0,0.0,0.0,0.0,0.0,0.0,0.0,0.0,0.0,0.0
1752,-219.0,0.0,0.0,0.0,0.0,0.0,0.0,0.0,0.0,0.0,0.0,0.0,0.0,0.0,0.0,0.0,0.0,0.0,0.0,0.0,0.0
1753,-218.5,0.0,0.0,0.0,0.0,0.0,0.0,0.0,0.0,0.0,0.0,0.0,0.0,0.0,0.0,0.0,0.0,0.0,0.0,0.0,0.0
1754,-218.0,0.0,0.0,0.0,0.0,0.0,0.0,0.0,0.0,0.0,0.0,0.0,0.0,0.0,0.0,0.0,0.0,0.0,0.0,0.0,0.0
1755,-217.5,0.0,0.0,0.0,0.0,0.0,0.0,0.0,0.0,0.0,0.0,0.0,0.0,0.0,0.0,0.0,0.0,0.0,0.0,0.0,0.0
1756,-217.0,0.0,0.0,0.0,0.0,0.0,0.0,0.0,0.0,0.0,0.0,0.0,0.0,0.0,0.0,0.0,0.0,0.0,0.0,0.0,0.0
1757,-216.5,0.0,0.0,0.0,0.0,0.0,0.0,0.0,0.0,0.0,0.0,0.0,0.0,0.0,0.0,0.0,0.0,0.0,0.0,0.0,0.0
1758,-216.0,0.0,0.0,0.0,0.0,0.0,0.0,0.0,0.0,0.0,0.0,0.0,0.0,0.0,0.0,0.0,0.0,0.0,0.0,0.0,0.0
1759,-215.5,0.0,0.0,0.0,0.0,0.0,0.0,0.0,0.0,0.0,0.0,0.0,0.0,0.0,0.0,0.0,0.0,0.0,0.0,0.0,0.0
1760,-215.0,0.0,0.0,0.0,0.0,0.0,0.0,0.0,0.0,0.0,0.0,0.0,0.0,0.0,0.0,0.0,0.0,0.0,0.0,0.0,0.0
1761,-214.5,0.0,0.0,0.0,0.0,0.0,0.0,0.0,0.0,0.0,0.0,0.0,0.0,0.0,0.0,0.0,0.0,0.0,0.0,0.0,0.0
1762,-214.0,0.0,0.0,0.0,0.0,0.0,0.0,0.0,0.0,0.0,0.0,0.0,0.0,0.0,0.0,0.0,0.0,0.0,0.0,0.0,0.0
1763,-213.5,0.0,0.0,0.0,0.0,0.0,0.0,0.0,0.0,0.0,0.0,0.0,0.0,0.0,0.0,0.0,0.0,0.0,0.0,0.0,0.0
1764,-213.0,0.0,0.0,0.0,0.0,0.0,0.0,0.0,0.0,0.0,0.0,0.0,0.0,0.0,0.0,0.0,0.0,0.0,0.0,0.0,0.0
1765,-212.5,0.0,0.0,0.0,0.0,0.0,0.0,0.0,0.0,0.0,0.0,0.0,0.0,0.0,0.0,0.0,0.0,0.0,0.0,0.0,0.0
1766,-212.0,0.0,0.0,0.0,0.0,0.0,0.0,0.0,0.0,0.0,0.0,0.0,0.0,0.0,0.0,0.0,0.0,0.0,0.0,0.0,0.0
1767,-211.5,0.0,0.0,0.0,0.0,0.0,0.0,0.0,0.0,0.0,0.0,0.0,0.0,0.0,0.0,0.0,0.0,0.0,0.0,0.0,0.0
1768,-211.0,0.0,0.0,0.0,0.0,0.0,0.0,0.0,0.0,0.0,0.0,0.0,0.0,0.0,0.0,0.0,0.0,0.0,0.0,0.0,0.0
1769,-210.5,0.0,0.0,0.0,0.0,0.0,0.0,0.0,0.0,0.0,0.0,0.0,0.0,0.0,0.0,0.0,0.0,0.0,0.0,0.0,0.0
1770,-210.0,0.0,0.0,0.0,0.0,0.0,0.0,0.0,0.0,0.0,0.0,0.0,0.0,0.0,0.0,0.0,0.0,0.0,0.0,0.0,0.0
1771,-209.5,0.0,0.0,0.0,0.0,0.0,0.0,0.0,0.0,0.0,0.0,0.0,0.0,0.0,0.0,0.0,0.0,0.0,0.0,0.0,0.0
1772,-209.0,0.0,0.0,0.0,0.0,0.0,0.0,0.0,0.0,0.0,0.0,0.0,0.0,0.0,0.0,0.0,0.0,0.0,0.0,0.0,0.0
1773,-208.5,0.0,0.0,0.0,0.0,0.0,0.0,0.0,0.0,0.0,0.0,0.0,0.0,0.0,0.0,0.0,0.0,0.0,0.0,0.0,0.0
1774,-208.0,0.0,0.0,0.0,0.0,0.0,0.0,0.0,0.0,0.0,0.0,0.0,0.0,0.0,0.0,0.0,0.0,0.0,0.0,0.0,0.0
1775,-207.5,0.0,0.0,0.0,0.0,0.0,0.0,0.0,0.0,0.0,0.0,0.0,0.0,0.0,0.0,0.0,0.0,0.0,0.0,0.0,0.0
1776,-207.0,0.0,0.0,0.0,0.0,0.0,0.0,0.0,0.0,0.0,0.0,0.0,0.0,0.0,0.0,0.0,0.0,0.0,0.0,0.0,0.0
1777,-206.5,0.0,0.0,0.0,0.0,0.0,0.0,0.0,0.0,0.0,0.0,0.0,0.0,0.0,0.0,0.0,0.0,0.0,0.0,0.0,0.0
1778,-206.0,0.0,0.0,0.0,0.0,0.0,0.0,0.0,0.0,0.0,0.0,0.0,0.0,0.0,0.0,0.0,0.0,0.0,0.0,0.0,0.0
1779,-205.5,0.0,0.0,0.0,0.0,0.0,0.0,0.0,0.0,0.0,0.0,0.0,0.0,0.0,0.0,0.0,0.0,0.0,0.0,0.0,0.0
1780,-205.0,0.0,0.0,0.0,0.0,0.0,0.0,0.0,0.0,0.0,0.0,0.0,0.0,0.0,0.0,0.0,0.0,0.0,0.0,0.0,0.0
1781,-204.5,0.0,0.0,0.0,0.0,0.0,0.0,0.0,0.0,0.0,0.0,0.0,0.0,0.0,0.0,0.0,0.0,0.0,0.0,0.0,0.0
1782,-204.0,0.0,0.0,0.0,0.0,0.0,0.0,0.0,0.0,0.0,0.0,0.0,0.0,0.0,0.0,0.0,0.0,0.0,0.0,0.0,0.0
1783,-203.5,0.0,0.0,0.0,0.0,0.0,0.0,0.0,0.0,0.0,0.0,0.0,0.0,0.0,0.0,0.0,0.0,0.0,0.0,0.0,0.0
1784,-203.0,0.0,0.0,0.0,0.0,0.0,0.0,0.0,0.0,0.0,0.0,0.0,0.0,0.0,0.0,0.0,0.0,0.0,0.0,0.0,0.0
1785,-202.5,0.0,0.0,0.0,0.0,0.0,0.0,0.0,0.0,0.0,0.0,0.0,0.0,0.0,0.0,0.0,0.0,0.0,0.0,0.0,0.0
1786,-202.0,0.0,0.0,0.0,0.0,0.0,0.0,0.0,0.0,0.0,0.0,0.0,0.0,0.0,0.0,0.0,0.0,0.0,0.0,0.0,0.0
1787,-201.5,0.0,0.0,0.0,0.0,0.0,0.0,0.0,0.0,0.0,0.0,0.0,0.0,0.0,0.0,0.0,0.0,0.0,0.0,0.0,0.0
1788,-201.0,0.0,0.0,0.0,0.0,0.0,0.0,0.0,0.0,0.0,0.0,0.0,0.0,0.0,0.0,0.0,0.0,0.0,0.0,0.0,0.0
1789,-200.5,0.0,0.0,0.0,0.0,0.0,0.0,0.0,0.0,0.0,0.0,0.0,0.0,0.0,0.0,0.0,0.0,0.0,0.0,0.0,0.0
1790,-200.0,0.0,0.0,0.0,0.0,0.0,0.0,0.0,0.0,0.0,0.0,0.0,0.0,0.0,0.0,0.0,0.0,0.0,0.0,0.0,0.0
1791,-199.5,0.0,0.0,0.0,0.0,0.0,0.0,0.0,0.0,0.0,0.0,0.0,0.0,0.0,0.0,0.0,0.0,0.0,0.0,0.0,0.0
1792,-199.0,0.0,0.0,0.0,0.0,0.0,0.0,0.0,0.0,0.0,0.0,0.0,0.0,0.0,0.0,0.0,0.0,0.0,0.0,0.0,0.0
1793,-198.5,0.0,0.0,0.0,0.0,0.0,0.0,0.0,0.0,0.0,0.0,0.0,0.0,0.0,0.0,0.0,0.0,0.0,0.0,0.0,0.0
1794,-198.0,0.0,0.0,0.0,0.0,0.0,0.0,0.0,0.0,0.0,0.0,0.0,0.0,0.0,0.0,0.0,0.0,0.0,0.0,0.0,0.0
1795,-197.5,0.0,0.0,0.0,0.0,0.0,0.0,0.0,0.0,0.0,0.0,0.0,0.0,0.0,0.0,0.0,0.0,0.0,0.0,0.0,0.0
1796,-197.0,0.0,0.0,0.0,0.0,0.0,0.0,0.0,0.0,0.0,0.0,0.0,0.0,0.0,0.0,0.0,0.0,0.0,0.0,0.0,0.0
1797,-196.5,0.0,0.0,0.0,0.0,0.0,0.0,0.0,0.0,0.0,0.0,0.0,0.0,0.0,0.0,0.0,0.0,0.0,0.0,0.0,0.0
1798,-196.0,0.0,0.0,0.0,0.0,0.0,0.0,0.0,0.0,0.0,0.0,0.0,0.0,0.0,0.0,0.0,0.0,0.0,0.0,0.0,0.0
1799,-195.5,0.0,0.0,0.0,0.0,0.0,0.0,0.0,0.0,0.0,0.0,0.0,0.0,0.0,0.0,0.0,0.0,0.0,0.0,0.0,0.0
1800,-195.0,0.0,0.0,0.0,0.0,0.0,0.0,0.0,0.0,0.0,0.0,0.0,0.0,0.0,0.0,0.0,0.0,0.0,0.0,0.0,0.0
1801,-194.5,0.0,0.0,0.0,0.0,0.0,0.0,0.0,0.0,0.0,0.0,0.0,0.0,0.0,0.0,0.0,0.0,0.0,0.0,0.0,0.0
1802,-194.0,0.0,0.0,0.0,0.0,0.0,0.0,0.0,0.0,0.0,0.0,0.0,0.0,0.0,0.0,0.0,0.0,0.0,0.0,0.0,0.0
1803,-193.5,0.0,0.0,0.0,0.0,0.0,0.0,0.0,0.0,0.0,0.0,0.0,0.0,0.0,0.0,0.0,0.0,0.0,0.0,0.0,0.0
1804,-193.0,0.0,0.0,0.0,0.0,0.0,0.0,0.0,0.0,0.0,0.0,0.0,0.0,0.0,0.0,0.0,0.0,0.0,0.0,0.0,0.0
1805,-192.5,0.0,0.0,0.0,0.0,0.0,0.0,0.0,0.0,0.0,0.0,0.0,0.0,0.0,0.0,0.0,0.0,0.0,0.0,0.0,0.0
1806,-192.0,0.0,0.0,0.0,0.0,0.0,0.0,0.0,0.0,0.0,0.0,0.0,0.0,0.0,0.0,0.0,0.0,0.0,0.0,0.0,0.0
1807,-191.5,0.0,0.0,0.0,0.0,0.0,0.0,0.0,0.0,0.0,0.0,0.0,0.0,0.0,0.0,0.0,0.0,0.0,0.0,0.0,0.0
1808,-191.0,0.0,0.0,0.0,0.0,0.0,0.0,0.0,0.0,0.0,0.0,0.0,0.0,0.0,0.0,0.0,0.0,0.0,0.0,0.0,0.0
1809,-190.5,0.0,0.0,0.0,0.0,0.0,0.0,0.0,0.0,0.0,0.0,0.0,0.0,0.0,0.0,0.0,0.0,0.0,0.0,0.0,0.0
1810,-190.0,0.0,0.0,0.0,0.0,0.0,0.0,0.0,0.0,0.0,0.0,0.0,0.0,0.0,0.0,0.0,0.0,0.0,0.0,0.0,0.0
1811,-189.5,0.0,0.0,0.0,0.0,0.0,0.0,0.0,0.0,0.0,0.0,0.0,0.0,0.0,0.0,0.0,0.0,0.0,0.0,0.0,0.0
1812,-189.0,0.0,0.0,0.0,0.0,0.0,0.0,0.0,0.0,0.0,0.0,0.0,0.0,0.0,0.0,0.0,0.0,0.0,0.0,0.0,0.0
1813,-188.5,0.0,0.0,0.0,0.0,0.0,0.0,0.0,0.0,0.0,0.0,0.0,0.0,0.0,0.0,0.0,0.0,0.0,0.0,0.0,0.0
1814,-188.0,0.0,0.0,0.0,0.0,0.0,0.0,0.0,0.0,0.0,0.0,0.0,0.0,0.0,0.0,0.0,0.0,0.0,0.0,0.0,0.0
1815,-187.5,0.0,0.0,0.0,0.0,0.0,0.0,0.0,0.0,0.0,0.0,0.0,0.0,0.0,0.0,0.0,0.0,0.0,0.0,0.0,0.0
1816,-187.0,0.0,0.0,0.0,0.0,0.0,0.0,0.0,0.0,0.0,0.0,0.0,0.0,0.0,0.0,0.0,0.0,0.0,0.0,0.0,0.0
1817,-186.5,0.0,0.0,0.0,0.0,0.0,0.0,0.0,0.0,0.0,0.0,0.0,0.0,0.0,0.0,0.0,0.0,0.0,0.0,0.0,0.0
1818,-186.0,0.0,0.0,0.0,0.0,0.0,0.0,0.0,0.0,0.0,0.0,0.0,0.0,0.0,0.0,0.0,0.0,0.0,0.0,0.0,0.0
1819,-185.5,0.0,0.0,0.0,0.0,0.0,0.0,0.0,0.0,0.0,0.0,0.0,0.0,0.0,0.0,0.0,0.0,0.0,0.0,0.0,0.0
1820,-185.0,0.0,0.0,0.0,0.0,0.0,0.0,0.0,0.0,0.0,0.0,0.0,0.0,0.0,0.0,0.0,0.0,0.0,0.0,0.0,0.0
1821,-184.5,0.0,0.0,0.0,0.0,0.0,0.0,0.0,0.0,0.0,0.0,0.0,0.0,0.0,0.0,0.0,0.0,0.0,0.0,0.0,0.0
1822,-184.0,0.0,0.0,0.0,0.0,0.0,0.0,0.0,0.0,0.0,0.0,0.0,0.0,0.0,0.0,0.0,0.0,0.0,0.0,0.0,0.0
1823,-183.5,0.0,0.0,0.0,0.0,0.0,0.0,0.0,0.0,0.0,0.0,0.0,0.0,0.0,0.0,0.0,0.0,0.0,0.0,0.0,0.0
1824,-183.0,0.0,0.0,0.0,0.0,0.0,0.0,0.0,0.0,0.0,0.0,0.0,0.0,0.0,0.0,0.0,0.0,0.0,0.0,0.0,0.0
1825,-182.5,0.0,0.0,0.0,0.0,0.0,0.0,0.0,0.0,0.0,0.0,0.0,0.0,0.0,0.0,0.0,0.0,0.0,0.0,0.0,0.0
1826,-182.0,0.0,0.0,0.0,0.0,0.0,0.0,0.0,0.0,0.0,0.0,0.0,0.0,0.0,0.0,0.0,0.0,0.0,0.0,0.0,0.0
1827,-181.5,0.0,0.0,0.0,0.0,0.0,0.0,0.0,0.0,0.0,0.0,0.0,0.0,0.0,0.0,0.0,0.0,0.0,0.0,0.0,0.0
1828,-181.0,0.0,0.0,0.0,0.0,0.0,0.0,0.0,0.0,0.0,0.0,0.0,0.0,0.0,0.0,0.0,0.0,0.0,0.0,0.0,0.0
1829,-180.5,0.0,0.0,0.0,0.0,0.0,0.0,0.0,0.0,0.0,0.0,0.0,0.0,0.0,0.0,0.0,0.0,0.0,0.0,0.0,0.0
1830,-180.0,0.0,0.0,0.0,0.0,0.0,0.0,0.0,0.0,0.0,0.0,0.0,0.0,0.0,0.0,0.0,0.0,0.0,0.0,0.0,0.0
1831,-179.5,0.0,0.0,0.0,0.0,0.0,0.0,0.0,0.0,0.0,0.0,0.0,0.0,0.0,0.0,0.0,0.0,0.0,0.0,0.0,0.0
1832,-179.0,0.0,0.0,0.0,0.0,0.0,0.0,0.0,0.0,0.0,0.0,0.0,0.0,0.0,0.0,0.0,0.0,0.0,0.0,0.0,0.0
1833,-178.5,0.0,0.0,0.0,0.0,0.0,0.0,0.0,0.0,0.0,0.0,0.0,0.0,0.0,0.0,0.0,0.0,0.0,0.0,0.0,0.0
1834,-178.0,0.0,0.0,0.0,0.0,0.0,0.0,0.0,0.0,0.0,0.0,0.0,0.0,0.0,0.0,0.0,0.0,0.0,0.0,0.0,0.0
1835,-177.5,0.0,0.0,0.0,0.0,0.0,0.0,0.0,0.0,0.0,0.0,0.0,0.0,0.0,0.0,0.0,0.0,0.0,0.0,0.0,0.0
1836,-177.0,0.0,0.0,0.0,0.0,0.0,0.0,0.0,0.0,0.0,0.0,0.0,0.0,0.0,0.0,0.0,0.0,0.0,0.0,0.0,0.0
1837,-176.5,0.0,0.0,0.0,0.0,0.0,0.0,0.0,0.0,0.0,0.0,0.0,0.0,0.0,0.0,0.0,0.0,0.0,0.0,0.0,0.0
1838,-176.0,0.0,0.0,0.0,0.0,0.0,0.0,0.0,0.0,0.0,0.0,0.0,0.0,0.0,0.0,0.0,0.0,0.0,0.0,0.0,0.0
1839,-175.5,0.0,0.0,0.0,0.0,0.0,0.0,0.0,0.0,0.0,0.0,0.0,0.0,0.0,0.0,0.0,0.0,0.0,0.0,0.0,0.0
1840,-175.0,0.0,0.0,0.0,0.0,0.0,0.0,0.0,0.0,0.0,0.0,0.0,0.0,0.0,0.0,0.0,0.0,0.0,0.0,0.0,0.0
1841,-174.5,0.0,0.0,0.0,0.0,0.0,0.0,0.0,0.0,0.0,0.0,0.0,0.0,0.0,0.0,0.0,0.0,0.0,0.0,0.0,0.0
1842,-174.0,0.0,0.0,0.0,0.0,0.0,0.0,0.0,0.0,0.0,0.0,0.0,0.0,0.0,0.0,0.0,0.0,0.0,0.0,0.0,0.0
1843,-173.5,0.0,0.0,0.0,0.0,0.0,0.0,0.0,0.0,0.0,0.0,0.0,0.0,0.0,0.0,0.0,0.0,0.0,0.0,0.0,0.0
1844,-173.0,0.0,0.0,0.0,0.0,0.0,0.0,0.0,0.0,0.0,0.0,0.0,0.0,0.0,0.0,0.0,0.0,0.0,0.0,0.0,0.0
1845,-172.5,0.0,0.0,0.0,0.0,0.0,0.0,0.0,0.0,0.0,0.0,0.0,0.0,0.0,0.0,0.0,0.0,0.0,0.0,0.0,0.0
1846,-172.0,0.0,0.0,0.0,0.0,0.0,0.0,0.0,0.0,0.0,0.0,0.0,0.0,0.0,0.0,0.0,0.0,0.0,0.0,0.0,0.0
1847,-171.5,0.0,0.0,0.0,0.0,0.0,0.0,0.0,0.0,0.0,0.0,0.0,0.0,0.0,0.0,0.0,0.0,0.0,0.0,0.0,0.0
1848,-171.0,0.0,0.0,0.0,0.0,0.0,0.0,0.0,0.0,0.0,0.0,0.0,0.0,0.0,0.0,0.0,0.0,0.0,0.0,0.0,0.0
1849,-170.5,0.0,0.0,0.0,0.0,0.0,0.0,0.0,0.0,0.0,0.0,0.0,0.0,0.0,0.0,0.0,0.0,0.0,0.0,0.0,0.0
1850,-170.0,0.0,0.0,0.0,0.0,0.0,0.0,0.0,0.0,0.0,0.0,0.0,0.0,0.0,0.0,0.0,0.0,0.0,0.0,0.0,0.0
1851,-169.5,0.0,0.0,0.0,0.0,0.0,0.0,0.0,0.0,0.0,0.0,0.0,0.0,0.0,0.0,0.0,0.0,0.0,0.0,0.0,0.0
1852,-169.0,0.0,0.0,0.0,0.0,0.0,0.0,0.0,0.0,0.0,0.0,0.0,0.0,0.0,0.0,0.0,0.0,0.0,0.0,0.0,0.0
1853,-168.5,0.0,0.0,0.0,0.0,0.0,0.0,0.0,0.0,0.0,0.0,0.0,0.0,0.0,0.0,0.0,0.0,0.0,0.0,0.0,0.0
1854,-168.0,0.0,0.0,0.0,0.0,0.0,0.0,0.0,0.0,0.0,0.0,0.0,0.0,0.0,0.0,0.0,0.0,0.0,0.0,0.0,0.0
1855,-167.5,0.0,0.0,0.0,0.0,0.0,0.0,0.0,0.0,0.0,0.0,0.0,0.0,0.0,0.0,0.0,0.0,0.0,0.0,0.0,0.0
1856,-167.0,0.0,0.0,0.0,0.0,0.0,0.0,0.0,0.0,0.0,0.0,0.0,0.0,0.0,0.0,0.0,0.0,0.0,0.0,0.0,0.0
1857,-166.5,0.0,0.0,0.0,0.0,0.0,0.0,0.0,0.0,0.0,0.0,0.0,0.0,0.0,0.0,0.0,0.0,0.0,0.0,0.0,0.0
1858,-166.0,0.0,0.0,0.0,0.0,0.0,0.0,0.0,0.0,0.0,0.0,0.0,0.0,0.0,0.0,0.0,0.0,0.0,0.0,0.0,0.0
1859,-165.5,0.0,0.0,0.0,0.0,0.0,0.0,0.0,0.0,0.0,0.0,0.0,0.0,0.0,0.0,0.0,0.0,0.0,0.0,0.0,0.0
1860,-165.0,0.0,0.0,0.0,0.0,0.0,0.0,0.0,0.0,0.0,0.0,0.0,0.0,0.0,0.0,0.0,0.0,0.0,0.0,0.0,0.0
1861,-164.5,0.0,0.0,0.0,0.0,0.0,0.0,0.0,0.0,0.0,0.0,0.0,0.0,0.0,0.0,0.0,0.0,0.0,0.0,0.0,0.0
1862,-164.0,0.0,0.0,0.0,0.0,0.0,0.0,0.0,0.0,0.0,0.0,0.0,0.0,0.0,0.0,0.0,0.0,0.0,0.0,0.0,0.0
1863,-163.5,0.0,0.0,0.0,0.0,0.0,0.0,0.0,0.0,0.0,0.0,0.0,0.0,0.0,0.0,0.0,0.0,0.0,0.0,0.0,0.0
1864,-163.0,0.0,0.0,0.0,0.0,0.0,0.0,0.0,0.0,0.0,0.0,0.0,0.0,0.0,0.0,0.0,0.0,0.0,0.0,0.0,0.0
1865,-162.5,0.0,0.0,0.0,0.0,0.0,0.0,0.0,0.0,0.0,0.0,0.0,0.0,0.0,0.0,0.0,0.0,0.0,0.0,0.0,0.0
1866,-162.0,0.0,0.0,0.0,0.0,0.0,0.0,0.0,0.0,0.0,0.0,0.0,0.0,0.0,0.0,0.0,0.0,0.0,0.0,0.0,0.0
1867,-161.5,0.0,0.0,0.0,0.0,0.0,0.0,0.0,0.0,0.0,0.0,0.0,0.0,0.0,0.0,0.0,0.0,0.0,0.0,0.0,0.0
1868,-161.0,0.0,0.0,0.0,0.0,0.0,0.0,0.0,0.0,0.0,0.0,0.0,0.0,0.0,0.0,0.0,0.0,0.0,0.0,0.0,0.0
1869,-160.5,0.0,0.0,0.0,0.0,0.0,0.0,0.0,0.0,0.0,0.0,0.0,0.0,0.0,0.0,0.0,0.0,0.0,0.0,0.0,0.0
1870,-160.0,0.0,0.0,0.0,0.0,0.0,0.0,0.0,0.0,0.0,0.0,0.0,0.0,0.0,0.0,0.0,0.0,0.0,0.0,0.0,0.0
1871,-159.5,0.0,0.0,0.0,0.0,0.0,0.0,0.0,0.0,0.0,0.0,0.0,0.0,0.0,0.0,0.0,0.0,0.0,0.0,0.0,0.0
1872,-159.0,0.0,0.0,0.0,0.0,0.0,0.0,0.0,0.0,0.0,0.0,0.0,0.0,0.0,0.0,0.0,0.0,0.0,0.0,0.0,0.0
1873,-158.5,0.0,0.0,0.0,0.0,0.0,0.0,0.0,0.0,0.0,0.0,0.0,0.0,0.0,0.0,0.0,0.0,0.0,0.0,0.0,0.0
1874,-158.0,0.0,0.0,0.0,0.0,0.0,0.0,0.0,0.0,0.0,0.0,0.0,0.0,0.0,0.0,0.0,0.0,0.0,0.0,0.0,0.0
1875,-157.5,0.0,0.0,0.0,0.0,0.0,0.0,0.0,0.0,0.0,0.0,0.0,0.0,0.0,0.0,0.0,0.0,0.0,0.0,0.0,0.0
1876,-157.0,0.0,0.0,0.0,0.0,0.0,0.0,0.0,0.0,0.0,0.0,0.0,0.0,0.0,0.0,0.0,0.0,0.0,0.0,0.0,0.0
1877,-156.5,0.0,0.0,0.0,0.0,0.0,0.0,0.0,0.0,0.0,0.0,0.0,0.0,0.0,0.0,0.0,0.0,0.0,0.0,0.0,0.0
1878,-156.0,0.0,0.0,0.0,0.0,0.0,0.0,0.0,0.0,0.0,0.0,0.0,0.0,0.0,0.0,0.0,0.0,0.0,0.0,0.0,0.0
1879,-155.5,0.0,0.0,0.0,0.0,0.0,0.0,0.0,0.0,0.0,0.0,0.0,0.0,0.0,0.0,0.0,0.0,0.0,0.0,0.0,0.0
1880,-155.0,0.0,0.0,0.0,0.0,0.0,0.0,0.0,0.0,0.0,0.0,0.0,0.0,0.0,0.0,0.0,0.0,0.0,0.0,0.0,0.0
1881,-154.5,0.0,0.0,0.0,0.0,0.0,0.0,0.0,0.0,0.0,0.0,0.0,0.0,0.0,0.0,0.0,0.0,0.0,0.0,0.0,0.0
1882,-154.0,0.0,0.0,0.0,0.0,0.0,0.0,0.0,0.0,0.0,0.0,0.0,0.0,0.0,0.0,0.0,0.0,0.0,0.0,0.0,0.0
1883,-153.5,0.0,0.0,0.0,0.0,0.0,0.0,0.0,0.0,0.0,0.0,0.0,0.0,0.0,0.0,0.0,0.0,0.0,0.0,0.0,0.0
1884,-153.0,0.0,0.0,0.0,0.0,0.0,0.0,0.0,0.0,0.0,0.0,0.0,0.0,0.0,0.0,0.0,0.0,0.0,0.0,0.0,0.0
1885,-152.5,0.0,0.0,0.0,0.0,0.0,0.0,0.0,0.0,0.0,0.0,0.0,0.0,0.0,0.0,0.0,0.0,0.0,0.0,0.0,0.0
1886,-152.0,0.0,0.0,0.0,0.0,0.0,0.0,0.0,0.0,0.0,0.0,0.0,0.0,0.0,0.0,0.0,0.0,0.0,0.0,0.0,0.0
1887,-151.5,0.0,0.0,0.0,0.0,0.0,0.0,0.0,0.0,0.0,0.0,0.0,0.0,0.0,0.0,0.0,0.0,0.0,0.0,0.0,0.0
1888,-151.0,0.0,0.0,0.0,0.0,0.0,0.0,0.0,0.0,0.0,0.0,0.0,0.0,0.0,0.0,0.0,0.0,0.0,0.0,0.0,0.0
1889,-150.5,0.0,0.0,0.0,0.0,0.0,0.0,0.0,0.0,0.0,0.0,0.0,0.0,0.0,0.0,0.0,0.0,0.0,0.0,0.0,0.0
1890,-150.0,0.0,0.0,0.0,0.0,0.0,0.0,0.0,0.0,0.0,0.0,0.0,0.0,0.0,0.0,0.0,0.0,0.0,0.0,0.0,0.0
1891,-149.5,0.0,0.0,0.0,0.0,0.0,0.0,0.0,0.0,0.0,0.0,0.0,0.0,0.0,0.0,0.0,0.0,0.0,0.0,0.0,0.0
1892,-149.0,0.0,0.0,0.0,0.0,0.0,0.0,0.0,0.0,0.0,0.0,0.0,0.0,0.0,0.0,0.0,0.0,0.0,0.0,0.0,0.0
1893,-148.5,0.0,0.0,0.0,0.0,0.0,0.0,0.0,0.0,0.0,0.0,0.0,0.0,0.0,0.0,0.0,0.0,0.0,0.0,0.0,0.0
1894,-148.0,0.0,0.0,0.0,0.0,0.0,0.0,0.0,0.0,0.0,0.0,0.0,0.0,0.0,0.0,0.0,0.0,0.0,0.0,0.0,0.0
1895,-147.5,0.0,0.0,0.0,0.0,0.0,0.0,0.0,0.0,0.0,0.0,0.0,0.0,0.0,0.0,0.0,0.0,0.0,0.0,0.0,0.0
1896,-147.0,0.0,0.0,0.0,0.0,0.0,0.0,0.0,0.0,0.0,0.0,0.0,0.0,0.0,0.0,0.0,0.0,0.0,0.0,0.0,0.0
1897,-146.5,0.0,0.0,0.0,0.0,0.0,0.0,0.0,0.0,0.0,0.0,0.0,0.0,0.0,0.0,0.0,0.0,0.0,0.0,0.0,0.0
1898,-146.0,0.0,0.0,0.0,0.0,0.0,0.0,0.0,0.0,0.0,0.0,0.0,0.0,0.0,0.0,0.0,0.0,0.0,0.0,0.0,0.0
1899,-145.5,0.0,0.0,0.0,0.0,0.0,0.0,0.0,0.0,0.0,0.0,0.0,0.0,0.0,0.0,0.0,0.0,0.0,0.0,0.0,0.0
1900,-145.0,0.0,0.0,0.0,0.0,0.0,0.0,0.0,0.0,0.0,0.0,0.0,0.0,0.0,0.0,0.0,0.0,0.0,0.0,0.0,0.0
1901,-144.5,0.0,0.0,0.0,0.0,0.0,0.0,0.0,0.0,0.0,0.0,0.0,0.0,0.0,0.0,0.0,0.0,0.0,0.0,0.0,0.0
1902,-144.0,0.0,0.0,0.0,0.0,0.0,0.0,0.0,0.0,0.0,0.0,0.0,0.0,0.0,0.0,0.0,0.0,0.0,0.0,0.0,0.0
1903,-143.5,0.0,0.0,0.0,0.0,0.0,0.0,0.0,0.0,0.0,0.0,0.0,0.0,0.0,0.0,0.0,0.0,0.0,0.0,0.0,0.0
1904,-143.0,0.0,0.0,0.0,0.0,0.0,0.0,0.0,0.0,0.0,0.0,0.0,0.0,0.0,0.0,0.0,0.0,0.0,0.0,0.0,0.0
1905,-142.5,0.0,0.0,0.0,0.0,0.0,0.0,0.0,0.0,0.0,0.0,0.0,0.0,0.0,0.0,0.0,0.0,0.0,0.0,0.0,0.0
1906,-142.0,0.0,0.0,0.0,0.0,0.0,0.0,0.0,0.0,0.0,0.0,0.0,0.0,0.0,0.0,0.0,0.0,0.0,0.0,0.0,0.0
1907,-141.5,0.0,0.0,0.0,0.0,0.0,0.0,0.0,0.0,0.0,0.0,0.0,0.0,0.0,0.0,0.0,0.0,0.0,0.0,0.0,0.0
1908,-141.0,0.0,0.0,0.0,0.0,0.0,0.0,0.0,0.0,0.0,0.0,0.0,0.0,0.0,0.0,0.0,0.0,0.0,0.0,0.0,0.0
1909,-140.5,0.0,0.0,0.0,0.0,0.0,0.0,0.0,0.0,0.0,0.0,0.0,0.0,0.0,0.0,0.0,0.0,0.0,0.0,0.0,0.0
1910,-140.0,0.0,0.0,0.0,0.0,0.0,0.0,0.0,0.0,0.0,0.0,0.0,0.0,0.0,0.0,0.0,0.0,0.0,0.0,0.0,0.0
1911,-139.5,0.0,0.0,0.0,0.0,0.0,0.0,0.0,0.0,0.0,0.0,0.0,0.0,0.0,0.0,0.0,0.0,0.0,0.0,0.0,0.0
1912,-139.0,0.0,0.0,0.0,0.0,0.0,0.0,0.0,0.0,0.0,0.0,0.0,0.0,0.0,0.0,0.0,0.0,0.0,0.0,0.0,0.0
1913,-138.5,0.0,0.0,0.0,0.0,0.0,0.0,0.0,0.0,0.0,0.0,0.0,0.0,0.0,0.0,0.0,0.0,0.0,0.0,0.0,0.0
1914,-138.0,0.0,0.0,0.0,0.0,0.0,0.0,0.0,0.0,0.0,0.0,0.0,0.0,0.0,0.0,0.0,0.0,0.0,0.0,0.0,0.0
1915,-137.5,0.0,0.0,0.0,0.0,0.0,0.0,0.0,0.0,0.0,0.0,0.0,0.0,0.0,0.0,0.0,0.0,0.0,0.0,0.0,0.0
1916,-137.0,0.0,0.0,0.0,0.0,0.0,0.0,0.0,0.0,0.0,0.0,0.0,0.0,0.0,0.0,0.0,0.0,0.0,0.0,0.0,0.0
1917,-136.5,0.0,0.0,0.0,0.0,0.0,0.0,0.0,0.0,0.0,0.0,0.0,0.0,0.0,0.0,0.0,0.0,0.0,0.0,0.0,0.0
1918,-136.0,0.0,0.0,0.0,0.0,0.0,0.0,0.0,0.0,0.0,0.0,0.0,0.0,0.0,0.0,0.0,0.0,0.0,0.0,0.0,0.0
1919,-135.5,0.0,0.0,0.0,0.0,0.0,0.0,0.0,0.0,0.0,0.0,0.0,0.0,0.0,0.0,0.0,0.0,0.0,0.0,0.0,0.0
1920,-135.0,0.0,0.0,0.0,0.0,0.0,0.0,0.0,0.0,0.0,0.0,0.0,0.0,0.0,0.0,0.0,0.0,0.0,0.0,0.0,0.0
1921,-134.5,0.0,0.0,0.0,0.0,0.0,0.0,0.0,0.0,0.0,0.0,0.0,0.0,0.0,0.0,0.0,0.0,0.0,0.0,0.0,0.0
1922,-134.0,0.0,0.0,0.0,0.0,0.0,0.0,0.0,0.0,0.0,0.0,0.0,0.0,0.0,0.0,0.0,0.0,0.0,0.0,0.0,0.0
1923,-133.5,0.0,0.0,0.0,0.0,0.0,0.0,0.0,0.0,0.0,0.0,0.0,0.0,0.0,0.0,0.0,0.0,0.0,0.0,0.0,0.0
1924,-133.0,0.0,0.0,0.0,0.0,0.0,0.0,0.0,0.0,0.0,0.0,0.0,0.0,0.0,0.0,0.0,0.0,0.0,0.0,0.0,0.0
1925,-132.5,0.0,0.0,0.0,0.0,0.0,0.0,0.0,0.0,0.0,0.0,0.0,0.0,0.0,0.0,0.0,0.0,0.0,0.0,0.0,0.0
1926,-132.0,0.0,0.0,0.0,0.0,0.0,0.0,0.0,0.0,0.0,0.0,0.0,0.0,0.0,0.0,0.0,0.0,0.0,0.0,0.0,0.0
1927,-131.5,0.0,0.0,0.0,0.0,0.0,0.0,0.0,0.0,0.0,0.0,0.0,0.0,0.0,0.0,0.0,0.0,0.0,0.0,0.0,0.0
1928,-131.0,0.0,0.0,0.0,0.0,0.0,0.0,0.0,0.0,0.0,0.0,0.0,0.0,0.0,0.0,0.0,0.0,0.0,0.0,0.0,0.0
1929,-130.5,0.0,0.0,0.0,0.0,0.0,0.0,0.0,0.0,0.0,0.0,0.0,0.0,0.0,0.0,0.0,0.0,0.0,0.0,0.0,0.0
1930,-130.0,0.0,0.0,0.0,0.0,0.0,0.0,0.0,0.0,0.0,0.0,0.0,0.0,0.0,0.0,0.0,0.0,0.0,0.0,0.0,0.0
1931,-129.5,0.0,0.0,0.0,0.0,0.0,0.0,0.0,0.0,0.0,0.0,0.0,0.0,0.0,0.0,0.0,0.0,0.0,0.0,0.0,0.0
1932,-129.0,0.0,0.0,0.0,0.0,0.0,0.0,0.0,0.0,0.0,0.0,0.0,0.0,0.0,0.0,0.0,0.0,0.0,0.0,0.0,0.0
1933,-128.5,0.0,0.0,0.0,0.0,0.0,0.0,0.0,0.0,0.0,0.0,0.0,0.0,0.0,0.0,0.0,0.0,0.0,0.0,0.0,0.0
1934,-128.0,0.0,0.0,0.0,0.0,0.0,0.0,0.0,0.0,0.0,0.0,0.0,0.0,0.0,0.0,0.0,0.0,0.0,0.0,0.0,0.0
1935,-127.5,0.0,0.0,0.0,0.0,0.0,0.0,0.0,0.0,0.0,0.0,0.0,0.0,0.0,0.0,0.0,0.0,0.0,0.0,0.0,0.0
1936,-127.0,0.0,0.0,0.0,0.0,0.0,0.0,0.0,0.0,0.0,0.0,0.0,0.0,0.0,0.0,0.0,0.0,0.0,0.0,0.0,0.0
1937,-126.5,0.0,0.0,0.0,0.0,0.0,0.0,0.0,0.0,0.0,0.0,0.0,0.0,0.0,0.0,0.0,0.0,0.0,0.0,0.0,0.0
1938,-126.0,0.0,0.0,0.0,0.0,0.0,0.0,0.0,0.0,0.0,0.0,0.0,0.0,0.0,0.0,0.0,0.0,0.0,0.0,0.0,0.0
1939,-125.5,0.0,0.0,0.0,0.0,0.0,0.0,0.0,0.0,0.0,0.0,0.0,0.0,0.0,0.0,0.0,0.0,0.0,0.0,0.0,0.0
1940,-125.0,0.0,0.0,0.0,0.0,0.0,0.0,0.0,0.0,0.0,0.0,0.0,0.0,0.0,0.0,0.0,0.0,0.0,0.0,0.0,0.0
1941,-124.5,0.0,0.0,0.0,0.0,0.0,0.0,0.0,0.0,0.0,0.0,0.0,0.0,0.0,0.0,0.0,0.0,0.0,0.0,0.0,0.0
1942,-124.0,0.0,0.0,0.0,0.0,0.0,0.0,0.0,0.0,0.0,0.0,0.0,0.0,0.0,0.0,0.0,0.0,0.0,0.0,0.0,0.0
1943,-123.5,0.0,0.0,0.0,0.0,0.0,0.0,0.0,0.0,0.0,0.0,0.0,0.0,0.0,0.0,0.0,0.0,0.0,0.0,0.0,0.0
1944,-123.0,0.0,0.0,0.0,0.0,0.0,0.0,0.0,0.0,0.0,0.0,0.0,0.0,0.0,0.0,0.0,0.0,0.0,0.0,0.0,0.0
1945,-122.5,0.0,0.0,0.0,0.0,0.0,0.0,0.0,0.0,0.0,0.0,0.0,0.0,0.0,0.0,0.0,0.0,0.0,0.0,0.0,0.0
1946,-122.0,0.0,0.0,0.0,0.0,0.0,0.0,0.0,0.0,0.0,0.0,0.0,0.0,0.0,0.0,0.0,0.0,0.0,0.0,0.0,0.0
1947,-121.5,0.0,0.0,0.0,0.0,0.0,0.0,0.0,0.0,0.0,0.0,0.0,0.0,0.0,0.0,0.0,0.0,0.0,0.0,0.0,0.0
1948,-121.0,0.0,0.0,0.0,0.0,0.0,0.0,0.0,0.0,0.0,0.0,0.0,0.0,0.0,0.0,0.0,0.0,0.0,0.0,0.0,0.0
1949,-120.5,0.0,0.0,0.0,0.0,0.0,0.0,0.0,0.0,0.0,0.0,0.0,0.0,0.0,0.0,0.0,0.0,0.0,0.0,0.0,0.0
1950,-120.0,0.0,0.0,0.0,0.0,0.0,0.0,0.0,0.0,0.0,0.0,0.0,0.0,0.0,0.0,0.0,0.0,0.0,0.0,0.0,0.0
1951,-119.5,0.0,0.0,0.0,0.0,0.0,0.0,0.0,0.0,0.0,0.0,0.0,0.0,0.0,0.0,0.0,0.0,0.0,0.0,0.0,0.0
1952,-119.0,0.0,0.0,0.0,0.0,0.0,0.0,0.0,0.0,0.0,0.0,0.0,0.0,0.0,0.0,0.0,0.0,0.0,0.0,0.0,0.0
1953,-118.5,0.0,0.0,0.0,0.0,0.0,0.0,0.0,0.0,0.0,0.0,0.0,0.0,0.0,0.0,0.0,0.0,0.0,0.0,0.0,0.0
1954,-118.0,0.0,0.0,0.0,0.0,0.0,0.0,0.0,0.0,0.0,0.0,0.0,0.0,0.0,0.0,0.0,0.0,0.0,0.0,0.0,0.0
1955,-117.5,0.0,0.0,0.0,0.0,0.0,0.0,0.0,0.0,0.0,0.0,0.0,0.0,0.0,0.0,0.0,0.0,0.0,0.0,0.0,0.0
1956,-117.0,0.0,0.0,0.0,0.0,0.0,0.0,0.0,0.0,0.0,0.0,0.0,0.0,0.0,0.0,0.0,0.0,0.0,0.0,0.0,0.0
1957,-116.5,0.0,0.0,0.0,0.0,0.0,0.0,0.0,0.0,0.0,0.0,0.0,0.0,0.0,0.0,0.0,0.0,0.0,0.0,0.0,0.0
1958,-116.0,0.0,0.0,0.0,0.0,0.0,0.0,0.0,0.0,0.0,0.0,0.0,0.0,0.0,0.0,0.0,0.0,0.0,0.0,0.0,0.0
1959,-115.5,0.0,0.0,0.0,0.0,0.0,0.0,0.0,0.0,0.0,0.0,0.0,0.0,0.0,0.0,0.0,0.0,0.0,0.0,0.0,0.0
1960,-115.0,0.0,0.0,0.0,0.0,0.0,0.0,0.0,0.0,0.0,0.0,0.0,0.0,0.0,0.0,0.0,0.0,0.0,0.0,0.0,0.0
1961,-114.5,0.0,0.0,0.0,0.0,0.0,0.0,0.0,0.0,0.0,0.0,0.0,0.0,0.0,0.0,0.0,0.0,0.0,0.0,0.0,0.0
1962,-114.0,0.0,0.0,0.0,0.0,0.0,0.0,0.0,0.0,0.0,0.0,0.0,0.0,0.0,0.0,0.0,0.0,0.0,0.0,0.0,0.0
1963,-113.5,0.0,0.0,0.0,0.0,0.0,0.0,0.0,0.0,0.0,0.0,0.0,0.0,0.0,0.0,0.0,0.0,0.0,0.0,0.0,0.0
1964,-113.0,0.0,0.0,0.0,0.0,0.0,0.0,0.0,0.0,0.0,0.0,0.0,0.0,0.0,0.0,0.0,0.0,0.0,0.0,0.0,0.0
1965,-112.5,0.0,0.0,0.0,0.0,0.0,0.0,0.0,0.0,0.0,0.0,0.0,0.0,0.0,0.0,0.0,0.0,0.0,0.0,0.0,0.0
1966,-112.0,0.0,0.0,0.0,0.0,0.0,0.0,0.0,0.0,0.0,0.0,0.0,0.0,0.0,0.0,0.0,0.0,0.0,0.0,0.0,0.0
1967,-111.5,0.0,0.0,0.0,0.0,0.0,0.0,0.0,0.0,0.0,0.0,0.0,0.0,0.0,0.0,0.0,0.0,0.0,0.0,0.0,0.0
1968,-111.0,0.0,0.0,0.0,0.0,0.0,0.0,0.0,0.0,0.0,0.0,0.0,0.0,0.0,0.0,0.0,0.0,0.0,0.0,0.0,0.0
1969,-110.5,0.0,0.0,0.0,0.0,0.0,0.0,0.0,0.0,0.0,0.0,0.0,0.0,0.0,0.0,0.0,0.0,0.0,0.0,0.0,0.0
1970,-110.0,0.0,0.0,0.0,0.0,0.0,0.0,0.0,0.0,0.0,0.0,0.0,0.0,0.0,0.0,0.0,0.0,0.0,0.0,0.0,0.0
1971,-109.5,0.0,0.0,0.0,0.0,0.0,0.0,0.0,0.0,0.0,0.0,0.0,0.0,0.0,0.0,0.0,0.0,0.0,0.0,0.0,0.0
1972,-109.0,0.0,0.0,0.0,0.0,0.0,0.0,0.0,0.0,0.0,0.0,0.0,0.0,0.0,0.0,0.0,0.0,0.0,0.0,0.0,0.0
1973,-108.5,0.0,0.0,0.0,0.0,0.0,0.0,0.0,0.0,0.0,0.0,0.0,0.0,0.0,0.0,0.0,0.0,0.0,0.0,0.0,0.0
1974,-108.0,0.0,0.0,0.0,0.0,0.0,0.0,0.0,0.0,0.0,0.0,0.0,0.0,0.0,0.0,0.0,0.0,0.0,0.0,0.0,0.0
1975,-107.5,0.0,0.0,0.0,0.0,0.0,0.0,0.0,0.0,0.0,0.0,0.0,0.0,0.0,0.0,0.0,0.0,0.0,0.0,0.0,0.0
1976,-107.0,0.0,0.0,0.0,0.0,0.0,0.0,0.0,0.0,0.0,0.0,0.0,0.0,0.0,0.0,0.0,0.0,0.0,0.0,0.0,0.0
1977,-106.5,0.0,0.0,0.0,0.0,0.0,0.0,0.0,0.0,0.0,0.0,0.0,0.0,0.0,0.0,0.0,0.0,0.0,0.0,0.0,0.0
1978,-106.0,0.0,0.0,0.0,0.0,0.0,0.0,0.0,0.0,0.0,0.0,0.0,0.0,0.0,0.0,0.0,0.0,0.0,0.0,0.0,0.0
1979,-105.5,0.0,0.0,0.0,0.0,0.0,0.0,0.0,0.0,0.0,0.0,0.0,0.0,0.0,0.0,0.0,0.0,0.0,0.0,0.0,0.0
1980,-105.0,0.0,0.0,0.0,0.0,0.0,0.0,0.0,0.0,0.0,0.0,0.0,0.0,0.0,0.0,0.0,0.0,0.0,0.0,0.0,0.0
1981,-104.5,0.0,0.0,0.0,0.0,0.0,0.0,0.0,0.0,0.0,0.0,0.0,0.0,0.0,0.0,0.0,0.0,0.0,0.0,0.0,0.0
1982,-104.0,0.0,0.0,0.0,0.0,0.0,0.0,0.0,0.0,0.0,0.0,0.0,0.0,0.0,0.0,0.0,0.0,0.0,0.0,0.0,0.0
1983,-103.5,0.0,0.0,0.0,0.0,0.0,0.0,0.0,0.0,0.0,0.0,0.0,0.0,0.0,0.0,0.0,0.0,0.0,0.0,0.0,0.0
1984,-103.0,0.0,0.0,0.0,0.0,0.0,0.0,0.0,0.0,0.0,0.0,0.0,0.0,0.0,0.0,0.0,0.0,0.0,0.0,0.0,0.0
1985,-102.5,0.0,0.0,0.0,0.0,0.0,0.0,0.0,0.0,0.0,0.0,0.0,0.0,0.0,0.0,0.0,0.0,0.0,0.0,0.0,0.0
1986,-102.0,0.0,0.0,0.0,0.0,0.0,0.0,0.0,0.0,0.0,0.0,0.0,0.0,0.0,0.0,0.0,0.0,0.0,0.0,0.0,0.0
1987,-101.5,0.0,0.0,0.0,0.0,0.0,0.0,0.0,0.0,0.0,0.0,0.0,0.0,0.0,0.0,0.0,0.0,0.0,0.0,0.0,0.0
1988,-101.0,0.0,0.0,0.0,0.0,0.0,0.0,0.0,0.0,0.0,0.0,0.0,0.0,0.0,0.0,0.0,0.0,0.0,0.0,0.0,0.0
1989,-100.5,0.0,0.0,0.0,0.0,0.0,0.0,0.0,0.0,0.0,0.0,0.0,0.0,0.0,0.0,0.0,0.0,0.0,0.0,0.0,0.0
1990,-100.0,0.0,0.0,0.0,0.0,0.0,0.0,0.0,0.0,0.0,0.0,0.0,0.0,0.0,0.0,0.0,0.0,0.0,0.0,0.0,0.0
1991,-99.5,0.0,0.0,0.0,0.0,0.0,0.0,0.0,0.0,0.0,0.0,0.0,0.0,0.0,0.0,0.0,0.0,0.0,0.0,0.0,0.0
1992,-99.0,0.0,0.0,0.0,0.0,0.0,0.0,0.0,0.0,0.0,0.0,0.0,0.0,0.0,0.0,0.0,0.0,0.0,0.0,0.0,0.0
1993,-98.5,0.0,0.0,0.0,0.0,0.0,0.0,0.0,0.0,0.0,0.0,0.0,0.0,0.0,0.0,0.0,0.0,0.0,0.0,0.0,0.0
1994,-98.0,0.0,0.0,0.0,0.0,0.0,0.0,0.0,0.0,0.0,0.0,0.0,0.0,0.0,0.0,0.0,0.0,0.0,0.0,0.0,0.0
1995,-97.5,0.0,0.0,0.0,0.0,0.0,0.0,0.0,0.0,0.0,0.0,0.0,0.0,0.0,0.0,0.0,0.0,0.0,0.0,0.0,0.0
1996,-97.0,0.0,0.0,0.0,0.0,0.0,0.0,0.0,0.0,0.0,0.0,0.0,0.0,0.0,0.0,0.0,0.0,0.0,0.0,0.0,0.0
1997,-96.5,0.0,0.0,0.0,0.0,0.0,0.0,0.0,0.0,0.0,0.0,0.0,0.0,0.0,0.0,0.0,0.0,0.0,0.0,0.0,0.0
1998,-96.0,0.0,0.0,0.0,0.0,0.0,0.0,0.0,0.0,0.0,0.0,0.0,0.0,0.0,0.0,0.0,0.0,0.0,0.0,0.0,0.0
1999,-95.5,0.0,0.0,0.0,0.0,0.0,0.0,0.0,0.0,0.0,0.0,0.0,0.0,0.0,0.0,0.0,0.0,0.0,0.0,0.0,0.0
2000,-95.0,0.0,0.0,0.0,0.0,0.0,0.0,0.0,0.0,0.0,0.0,0.0,0.0,0.0,0.0,0.0,0.0,0.0,0.0,0.0,0.0
2001,-94.5,0.0,0.0,0.0,0.0,0.0,0.0,0.0,0.0,0.0,0.0,0.0,0.0,0.0,0.0,0.0,0.0,0.0,0.0,0.0,0.0
2002,-94.0,0.0,0.0,0.0,0.0,0.0,0.0,0.0,0.0,0.0,0.0,0.0,0.0,0.0,0.0,0.0,0.0,0.0,0.0,0.0,0.0
2003,-93.5,0.0,0.0,0.0,0.0,0.0,0.0,0.0,0.0,0.0,0.0,0.0,0.0,0.0,0.0,0.0,0.0,0.0,0.0,0.0,0.0
2004,-93.0,0.0,0.0,0.0,0.0,0.0,0.0,0.0,0.0,0.0,0.0,0.0,0.0,0.0,0.0,0.0,0.0,0.0,0.0,0.0,0.0
2005,-92.5,0.0,0.0,0.0,0.0,0.0,0.0,0.0,0.0,0.0,0.0,0.0,0.0,0.0,0.0,0.0,0.0,0.0,0.0,0.0,0.0
2006,-92.0,0.0,0.0,0.0,0.0,0.0,0.0,0.0,0.0,0.0,0.0,0.0,0.0,0.0,0.0,0.0,0.0,0.0,0.0,0.0,0.0
2007,-91.5,0.0,0.0,0.0,0.0,0.0,0.0,0.0,0.0,0.0,0.0,0.0,0.0,0.0,0.0,0.0,0.0,0.0,0.0,0.0,0.0
2008,-91.0,0.0,0.0,0.0,0.0,0.0,0.0,0.0,0.0,0.0,0.0,0.0,0.0,0.0,0.0,0.0,0.0,0.0,0.0,0.0,0.0
2009,-90.5,0.0,0.0,0.0,0.0,0.0,0.0,0.0,0.0,0.0,0.0,0.0,0.0,0.0,0.0,0.0,0.0,0.0,0.0,0.0,0.0
2010,-90.0,0.0,0.0,0.0,0.0,0.0,0.0,0.0,0.0,0.0,0.0,0.0,0.0,0.0,0.0,0.0,0.0,0.0,0.0,0.0,0.0
2011,-89.5,0.0,0.0,0.0,0.0,0.0,0.0,0.0,0.0,0.0,0.0,0.0,0.0,0.0,0.0,0.0,0.0,0.0,0.0,0.0,0.0
2012,-89.0,0.0,0.0,0.0,0.0,0.0,0.0,0.0,0.0,0.0,0.0,0.0,0.0,0.0,0.0,0.0,0.0,0.0,0.0,0.0,0.0
2013,-88.5,0.0,0.0,0.0,0.0,0.0,0.0,0.0,0.0,0.0,0.0,0.0,0.0,0.0,0.0,0.0,0.0,0.0,0.0,0.0,0.0
2014,-88.0,0.0,0.0,0.0,0.0,0.0,0.0,0.0,0.0,0.0,0.0,0.0,0.0,0.0,0.0,0.0,0.0,0.0,0.0,0.0,0.0
2015,-87.5,0.0,0.0,0.0,0.0,0.0,0.0,0.0,0.0,0.0,0.0,0.0,0.0,0.0,0.0,0.0,0.0,0.0,0.0,0.0,0.0
2016,-87.0,0.0,0.0,0.0,0.0,0.0,0.0,0.0,0.0,0.0,0.0,0.0,0.0,0.0,0.0,0.0,0.0,0.0,0.0,0.0,0.0
2017,-86.5,0.0,0.0,0.0,0.0,0.0,0.0,0.0,0.0,0.0,0.0,0.0,0.0,0.0,0.0,0.0,0.0,0.0,0.0,0.0,0.0
2018,-86.0,0.0,0.0,0.0,0.0,0.0,0.0,0.0,0.0,0.0,0.0,0.0,0.0,0.0,0.0,0.0,0.0,0.0,0.0,0.0,0.0
2019,-85.5,0.0,0.0,0.0,0.0,0.0,0.0,0.0,0.0,0.0,0.0,0.0,0.0,0.0,0.0,0.0,0.0,0.0,0.0,0.0,0.0
2020,-85.0,0.0,0.0,0.0,0.0,0.0,0.0,0.0,0.0,0.0,0.0,0.0,0.0,0.0,0.0,0.0,0.0,0.0,0.0,0.0,0.0
2021,-84.5,0.0,0.0,0.0,0.0,0.0,0.0,0.0,0.0,0.0,0.0,0.0,0.0,0.0,0.0,0.0,0.0,0.0,0.0,0.0,0.0
2022,-84.0,0.0,0.0,0.0,0.0,0.0,0.0,0.0,0.0,0.0,0.0,0.0,0.0,0.0,0.0,0.0,0.0,0.0,0.0,0.0,0.0
2023,-83.5,0.0,0.0,0.0,0.0,0.0,0.0,0.0,0.0,0.0,0.0,0.0,0.0,0.0,0.0,0.0,0.0,0.0,0.0,0.0,0.0
2024,-83.0,0.0,0.0,0.0,0.0,0.0,0.0,0.0,0.0,0.0,0.0,0.0,0.0,0.0,0.0,0.0,0.0,0.0,0.0,0.0,0.0
2025,-82.5,0.0,0.0,0.0,0.0,0.0,0.0,0.0,0.0,0.0,0.0,0.0,0.0,0.0,0.0,0.0,0.0,0.0,0.0,0.0,0.0
2026,-82.0,0.0,0.0,0.0,0.0,0.0,0.0,0.0,0.0,0.0,0.0,0.0,0.0,0.0,0.0,0.0,0.0,0.0,0.0,0.0,0.0
2027,-81.5,0.0,0.0,0.0,0.0,0.0,0.0,0.0,0.0,0.0,0.0,0.0,0.0,0.0,0.0,0.0,0.0,0.0,0.0,0.0,0.0
2028,-81.0,0.0,0.0,0.0,0.0,0.0,0.0,0.0,0.0,0.0,0.0,0.0,0.0,0.0,0.0,0.0,0.0,0.0,0.0,0.0,0.0
2029,-80.5,0.0,0.0,0.0,0.0,0.0,0.0,0.0,0.0,0.0,0.0,0.0,0.0,0.0,0.0,0.0,0.0,0.0,0.0,0.0,0.0
2030,-80.0,0.0,0.0,0.0,0.0,0.0,0.0,0.0,0.0,0.0,0.0,0.0,0.0,0.0,0.0,0.0,0.0,0.0,0.0,0.0,0.0
2031,-79.5,0.0,0.0,0.0,0.0,0.0,0.0,0.0,0.0,0.0,0.0,0.0,0.0,0.0,0.0,0.0,0.0,0.0,0.0,0.0,0.0
2032,-79.0,0.0,0.0,0.0,0.0,0.0,0.0,0.0,0.0,0.0,0.0,0.0,0.0,0.0,0.0,0.0,0.0,0.0,0.0,0.0,0.0
2033,-78.5,0.0,0.0,0.0,0.0,0.0,0.0,0.0,0.0,0.0,0.0,0.0,0.0,0.0,0.0,0.0,0.0,0.0,0.0,0.0,0.0
2034,-78.0,0.0,0.0,0.0,0.0,0.0,0.0,0.0,0.0,0.0,0.0,0.0,0.0,0.0,0.0,0.0,0.0,0.0,0.0,0.0,0.0
2035,-77.5,0.0,0.0,0.0,0.0,0.0,0.0,0.0,0.0,0.0,0.0,0.0,0.0,0.0,0.0,0.0,0.0,0.0,0.0,0.0,0.0
2036,-77.0,0.0,0.0,0.0,0.0,0.0,0.0,0.0,0.0,0.0,0.0,0.0,0.0,0.0,0.0,0.0,0.0,0.0,0.0,0.0,0.0
2037,-76.5,0.0,0.0,0.0,0.0,0.0,0.0,0.0,0.0,0.0,0.0,0.0,0.0,0.0,0.0,0.0,0.0,0.0,0.0,0.0,0.0
2038,-76.0,0.0,0.0,0.0,0.0,0.0,0.0,0.0,0.0,0.0,0.0,0.0,0.0,0.0,0.0,0.0,0.0,0.0,0.0,0.0,0.0
2039,-75.5,0.0,0.0,0.0,0.0,0.0,0.0,0.0,0.0,0.0,0.0,0.0,0.0,0.0,0.0,0.0,0.0,0.0,0.0,0.0,0.0
2040,-75.0,0.0,0.0,0.0,0.0,0.0,0.0,0.0,0.0,0.0,0.0,0.0,0.0,0.0,0.0,0.0,0.0,0.0,0.0,0.0,0.0
2041,-74.5,0.0,0.0,0.0,0.0,0.0,0.0,0.0,0.0,0.0,0.0,0.0,0.0,0.0,0.0,0.0,0.0,0.0,0.0,0.0,0.0
2042,-74.0,0.0,0.0,0.0,0.0,0.0,0.0,0.0,0.0,0.0,0.0,0.0,0.0,0.0,0.0,0.0,0.0,0.0,0.0,0.0,0.0
2043,-73.5,0.0,0.0,0.0,0.0,0.0,0.0,0.0,0.0,0.0,0.0,0.0,0.0,0.0,0.0,0.0,0.0,0.0,0.0,0.0,0.0
2044,-73.0,0.0,0.0,0.0,0.0,0.0,0.0,0.0,0.0,0.0,0.0,0.0,0.0,0.0,0.0,0.0,0.0,0.0,0.0,0.0,0.0
2045,-72.5,0.0,0.0,0.0,0.0,0.0,0.0,0.0,0.0,0.0,0.0,0.0,0.0,0.0,0.0,0.0,0.0,0.0,0.0,0.0,0.0
2046,-72.0,0.0,0.0,0.0,0.0,0.0,0.0,0.0,0.0,0.0,0.0,0.0,0.0,0.0,0.0,0.0,0.0,0.0,0.0,0.0,0.0
2047,-71.5,0.0,0.0,0.0,0.0,0.0,0.0,0.0,0.0,0.0,0.0,0.0,0.0,0.0,0.0,0.0,0.0,0.0,0.0,0.0,0.0
